ImagenFantasma,ASM,512,6970,6970
ImagenFantasma,ASM,512,6086,6086
ImagenFantasma,ASM,512,7718,7718
ImagenFantasma,ASM,512,5746,5746
ImagenFantasma,ASM,512,5780,5780
ImagenFantasma,ASM,512,5712,5712
ImagenFantasma,ASM,512,5678,5678
ImagenFantasma,ASM,512,5678,5678
ImagenFantasma,ASM,512,5678,5678
ImagenFantasma,ASM,512,5678,5678
ImagenFantasma,ASM,512,5678,5678
ImagenFantasma,ASM,512,5678,5678
ImagenFantasma,ASM,512,6290,6290
ImagenFantasma,ASM,512,5780,5780
ImagenFantasma,ASM,512,5882,5882
ImagenFantasma,ASM,512,5678,5678
ImagenFantasma,ASM,512,5746,5746
ImagenFantasma,ASM,512,5678,5678
ImagenFantasma,ASM,512,5712,5712
ImagenFantasma,ASM,512,5746,5746
ImagenFantasma,ASM,512,5746,5746
ImagenFantasma,ASM,512,5712,5712
ImagenFantasma,ASM,512,5746,5746
ImagenFantasma,ASM,512,5746,5746
ImagenFantasma,ASM,512,5848,5848
ImagenFantasma,ASM,512,5746,5746
ImagenFantasma,ASM,512,5712,5712
ImagenFantasma,ASM,512,5746,5746
ImagenFantasma,ASM,512,13532,13532
ImagenFantasma,ASM,512,6052,6052
ImagenFantasma,ASM,512,6392,6392
ImagenFantasma,ASM,512,6426,6426
ImagenFantasma,ASM,512,6290,6290
ImagenFantasma,ASM,512,6358,6358
ImagenFantasma,ASM,512,6494,6494
ImagenFantasma,ASM,512,9520,9520
ImagenFantasma,ASM,512,6290,6290
ImagenFantasma,ASM,512,7038,7038
ImagenFantasma,ASM,512,6358,6358
ImagenFantasma,ASM,512,6324,6324
ImagenFantasma,ASM,512,6324,6324
ImagenFantasma,ASM,512,6562,6562
ImagenFantasma,ASM,512,6256,6256
ImagenFantasma,ASM,512,6290,6290
ImagenFantasma,ASM,512,6426,6426
ImagenFantasma,ASM,512,6460,6460
ImagenFantasma,ASM,512,6426,6426
ImagenFantasma,ASM,512,6562,6562
ImagenFantasma,ASM,512,6290,6290
ImagenFantasma,ASM,512,6426,6426
ImagenFantasma,ASM,512,7446,7446
ImagenFantasma,ASM,512,6630,6630
ImagenFantasma,ASM,512,5950,5950
ImagenFantasma,ASM,512,6086,6086
ImagenFantasma,ASM,512,5780,5780
ImagenFantasma,ASM,512,5780,5780
ImagenFantasma,ASM,512,5746,5746
ImagenFantasma,ASM,512,5746,5746
ImagenFantasma,ASM,512,5780,5780
ImagenFantasma,ASM,512,5746,5746
ImagenFantasma,ASM,512,5746,5746
ImagenFantasma,ASM,512,5746,5746
ImagenFantasma,ASM,512,5746,5746
ImagenFantasma,ASM,512,5746,5746
ImagenFantasma,ASM,512,5746,5746
ImagenFantasma,ASM,512,5916,5916
ImagenFantasma,ASM,512,6324,6324
ImagenFantasma,ASM,512,5950,5950
ImagenFantasma,ASM,512,6120,6120
ImagenFantasma,ASM,512,5780,5780
ImagenFantasma,ASM,512,5780,5780
ImagenFantasma,ASM,512,5746,5746
ImagenFantasma,ASM,512,5712,5712
ImagenFantasma,ASM,512,5678,5678
ImagenFantasma,ASM,512,5746,5746
ImagenFantasma,ASM,512,5746,5746
ImagenFantasma,ASM,512,5712,5712
ImagenFantasma,ASM,512,5678,5678
ImagenFantasma,ASM,512,5746,5746
ImagenFantasma,ASM,512,5746,5746
ImagenFantasma,ASM,512,5678,5678
ImagenFantasma,ASM,512,5678,5678
ImagenFantasma,ASM,512,5746,5746
ImagenFantasma,ASM,512,5746,5746
ImagenFantasma,ASM,512,5678,5678
ImagenFantasma,ASM,512,6052,6052
ImagenFantasma,ASM,512,5712,5712
ImagenFantasma,ASM,512,5678,5678
ImagenFantasma,ASM,512,5780,5780
ImagenFantasma,ASM,512,5712,5712
ImagenFantasma,ASM,512,5678,5678
ImagenFantasma,ASM,512,5678,5678
ImagenFantasma,ASM,512,5746,5746
ImagenFantasma,ASM,512,5746,5746
ImagenFantasma,ASM,512,5678,5678
ImagenFantasma,ASM,512,5644,5644
ImagenFantasma,ASM,512,5712,5712
ImagenFantasma,ASM,512,5644,5644
ImagenFantasma,ASM,512,5746,5746
ImagenFantasma,ASM,512,5712,5712
ImagenFantasma,ASM,2048,23970,23970
ImagenFantasma,ASM,2048,23426,23426
ImagenFantasma,ASM,2048,23222,23222
ImagenFantasma,ASM,2048,23256,23256
ImagenFantasma,ASM,2048,23086,23086
ImagenFantasma,ASM,2048,23256,23256
ImagenFantasma,ASM,2048,23120,23120
ImagenFantasma,ASM,2048,23256,23256
ImagenFantasma,ASM,2048,24480,24480
ImagenFantasma,ASM,2048,23324,23324
ImagenFantasma,ASM,2048,23086,23086
ImagenFantasma,ASM,2048,23120,23120
ImagenFantasma,ASM,2048,29002,29002
ImagenFantasma,ASM,2048,23290,23290
ImagenFantasma,ASM,2048,23188,23188
ImagenFantasma,ASM,2048,23086,23086
ImagenFantasma,ASM,2048,23086,23086
ImagenFantasma,ASM,2048,23120,23120
ImagenFantasma,ASM,2048,25602,25602
ImagenFantasma,ASM,2048,23324,23324
ImagenFantasma,ASM,2048,23188,23188
ImagenFantasma,ASM,2048,23188,23188
ImagenFantasma,ASM,2048,23086,23086
ImagenFantasma,ASM,2048,23120,23120
ImagenFantasma,ASM,2048,23052,23052
ImagenFantasma,ASM,2048,23154,23154
ImagenFantasma,ASM,2048,23086,23086
ImagenFantasma,ASM,2048,23120,23120
ImagenFantasma,ASM,2048,23052,23052
ImagenFantasma,ASM,2048,23120,23120
ImagenFantasma,ASM,2048,23018,23018
ImagenFantasma,ASM,2048,23120,23120
ImagenFantasma,ASM,2048,23052,23052
ImagenFantasma,ASM,2048,23120,23120
ImagenFantasma,ASM,2048,23052,23052
ImagenFantasma,ASM,2048,23392,23392
ImagenFantasma,ASM,2048,23120,23120
ImagenFantasma,ASM,2048,23120,23120
ImagenFantasma,ASM,2048,23052,23052
ImagenFantasma,ASM,2048,23120,23120
ImagenFantasma,ASM,2048,23154,23154
ImagenFantasma,ASM,2048,23120,23120
ImagenFantasma,ASM,2048,23086,23086
ImagenFantasma,ASM,2048,23154,23154
ImagenFantasma,ASM,2048,23052,23052
ImagenFantasma,ASM,2048,23120,23120
ImagenFantasma,ASM,2048,23086,23086
ImagenFantasma,ASM,2048,23120,23120
ImagenFantasma,ASM,2048,23052,23052
ImagenFantasma,ASM,2048,23256,23256
ImagenFantasma,ASM,2048,23052,23052
ImagenFantasma,ASM,2048,23222,23222
ImagenFantasma,ASM,2048,23086,23086
ImagenFantasma,ASM,2048,23222,23222
ImagenFantasma,ASM,2048,23052,23052
ImagenFantasma,ASM,2048,31246,31246
ImagenFantasma,ASM,2048,24378,24378
ImagenFantasma,ASM,2048,25058,25058
ImagenFantasma,ASM,2048,24888,24888
ImagenFantasma,ASM,2048,24956,24956
ImagenFantasma,ASM,2048,23698,23698
ImagenFantasma,ASM,2048,23222,23222
ImagenFantasma,ASM,2048,23596,23596
ImagenFantasma,ASM,2048,23222,23222
ImagenFantasma,ASM,2048,23086,23086
ImagenFantasma,ASM,2048,23154,23154
ImagenFantasma,ASM,2048,23052,23052
ImagenFantasma,ASM,2048,23120,23120
ImagenFantasma,ASM,2048,23052,23052
ImagenFantasma,ASM,2048,23120,23120
ImagenFantasma,ASM,2048,23086,23086
ImagenFantasma,ASM,2048,23120,23120
ImagenFantasma,ASM,2048,23052,23052
ImagenFantasma,ASM,2048,24480,24480
ImagenFantasma,ASM,2048,23426,23426
ImagenFantasma,ASM,2048,23120,23120
ImagenFantasma,ASM,2048,23154,23154
ImagenFantasma,ASM,2048,23494,23494
ImagenFantasma,ASM,2048,23154,23154
ImagenFantasma,ASM,2048,23120,23120
ImagenFantasma,ASM,2048,23426,23426
ImagenFantasma,ASM,2048,23086,23086
ImagenFantasma,ASM,2048,23052,23052
ImagenFantasma,ASM,2048,23120,23120
ImagenFantasma,ASM,2048,23120,23120
ImagenFantasma,ASM,2048,23460,23460
ImagenFantasma,ASM,2048,23086,23086
ImagenFantasma,ASM,2048,23154,23154
ImagenFantasma,ASM,2048,23086,23086
ImagenFantasma,ASM,2048,23528,23528
ImagenFantasma,ASM,2048,23188,23188
ImagenFantasma,ASM,2048,23154,23154
ImagenFantasma,ASM,2048,23052,23052
ImagenFantasma,ASM,2048,23120,23120
ImagenFantasma,ASM,2048,23052,23052
ImagenFantasma,ASM,2048,23120,23120
ImagenFantasma,ASM,2048,23086,23086
ImagenFantasma,ASM,2048,23154,23154
ImagenFantasma,ASM,2048,23052,23052
ImagenFantasma,ASM,2048,23154,23154
ImagenFantasma,ASM,8192,94112,94112
ImagenFantasma,ASM,8192,93568,93568
ImagenFantasma,ASM,8192,93602,93602
ImagenFantasma,ASM,8192,117028,117028
ImagenFantasma,ASM,8192,95472,95472
ImagenFantasma,ASM,8192,95880,95880
ImagenFantasma,ASM,8192,93568,93568
ImagenFantasma,ASM,8192,93466,93466
ImagenFantasma,ASM,8192,93942,93942
ImagenFantasma,ASM,8192,106148,106148
ImagenFantasma,ASM,8192,94554,94554
ImagenFantasma,ASM,8192,93636,93636
ImagenFantasma,ASM,8192,93636,93636
ImagenFantasma,ASM,8192,93364,93364
ImagenFantasma,ASM,8192,93534,93534
ImagenFantasma,ASM,8192,315146,315146
ImagenFantasma,ASM,8192,93602,93602
ImagenFantasma,ASM,8192,94758,94758
ImagenFantasma,ASM,8192,93636,93636
ImagenFantasma,ASM,8192,93330,93330
ImagenFantasma,ASM,8192,93500,93500
ImagenFantasma,ASM,8192,93500,93500
ImagenFantasma,ASM,8192,93500,93500
ImagenFantasma,ASM,8192,96900,96900
ImagenFantasma,ASM,8192,97444,97444
ImagenFantasma,ASM,8192,106250,106250
ImagenFantasma,ASM,8192,93568,93568
ImagenFantasma,ASM,8192,93534,93534
ImagenFantasma,ASM,8192,70006,70006
ImagenFantasma,ASM,8192,69530,69530
ImagenFantasma,ASM,8192,70040,70040
ImagenFantasma,ASM,8192,309230,309230
ImagenFantasma,ASM,8192,93602,93602
ImagenFantasma,ASM,8192,69836,69836
ImagenFantasma,ASM,8192,69904,69904
ImagenFantasma,ASM,8192,69530,69530
ImagenFantasma,ASM,8192,69938,69938
ImagenFantasma,ASM,8192,69972,69972
ImagenFantasma,ASM,8192,69700,69700
ImagenFantasma,ASM,8192,69938,69938
ImagenFantasma,ASM,8192,69904,69904
ImagenFantasma,ASM,8192,69870,69870
ImagenFantasma,ASM,8192,97172,97172
ImagenFantasma,ASM,8192,93364,93364
ImagenFantasma,ASM,8192,93398,93398
ImagenFantasma,ASM,8192,69768,69768
ImagenFantasma,ASM,8192,69904,69904
ImagenFantasma,ASM,8192,69972,69972
ImagenFantasma,ASM,8192,69258,69258
ImagenFantasma,ASM,8192,69564,69564
ImagenFantasma,ASM,8192,69802,69802
ImagenFantasma,ASM,8192,69972,69972
ImagenFantasma,ASM,8192,69292,69292
ImagenFantasma,ASM,8192,69428,69428
ImagenFantasma,ASM,8192,69462,69462
ImagenFantasma,ASM,8192,69768,69768
ImagenFantasma,ASM,8192,69360,69360
ImagenFantasma,ASM,8192,69802,69802
ImagenFantasma,ASM,8192,69972,69972
ImagenFantasma,ASM,8192,70414,70414
ImagenFantasma,ASM,8192,69666,69666
ImagenFantasma,ASM,8192,93976,93976
ImagenFantasma,ASM,8192,93534,93534
ImagenFantasma,ASM,8192,93432,93432
ImagenFantasma,ASM,8192,93568,93568
ImagenFantasma,ASM,8192,93296,93296
ImagenFantasma,ASM,8192,93330,93330
ImagenFantasma,ASM,8192,93398,93398
ImagenFantasma,ASM,8192,93398,93398
ImagenFantasma,ASM,8192,93942,93942
ImagenFantasma,ASM,8192,93704,93704
ImagenFantasma,ASM,8192,93840,93840
ImagenFantasma,ASM,8192,93466,93466
ImagenFantasma,ASM,8192,101456,101456
ImagenFantasma,ASM,8192,93670,93670
ImagenFantasma,ASM,8192,93738,93738
ImagenFantasma,ASM,8192,92990,92990
ImagenFantasma,ASM,8192,93296,93296
ImagenFantasma,ASM,8192,93398,93398
ImagenFantasma,ASM,8192,103904,103904
ImagenFantasma,ASM,8192,73066,73066
ImagenFantasma,ASM,8192,69836,69836
ImagenFantasma,ASM,8192,95744,95744
ImagenFantasma,ASM,8192,69972,69972
ImagenFantasma,ASM,8192,69632,69632
ImagenFantasma,ASM,8192,69326,69326
ImagenFantasma,ASM,8192,69938,69938
ImagenFantasma,ASM,8192,69870,69870
ImagenFantasma,ASM,8192,70108,70108
ImagenFantasma,ASM,8192,111282,111282
ImagenFantasma,ASM,8192,70108,70108
ImagenFantasma,ASM,8192,70006,70006
ImagenFantasma,ASM,8192,70006,70006
ImagenFantasma,ASM,8192,69972,69972
ImagenFantasma,ASM,8192,88298,88298
ImagenFantasma,ASM,8192,69870,69870
ImagenFantasma,ASM,8192,69904,69904
ImagenFantasma,ASM,8192,69836,69836
ImagenFantasma,ASM,8192,69938,69938
ImagenFantasma,ASM,8192,76398,76398
ImagenFantasma,ASM,32768,385560,385560
ImagenFantasma,ASM,32768,375768,375768
ImagenFantasma,ASM,32768,384370,384370
ImagenFantasma,ASM,32768,376210,376210
ImagenFantasma,ASM,32768,398208,398208
ImagenFantasma,ASM,32768,375530,375530
ImagenFantasma,ASM,32768,375734,375734
ImagenFantasma,ASM,32768,375360,375360
ImagenFantasma,ASM,32768,376380,376380
ImagenFantasma,ASM,32768,375258,375258
ImagenFantasma,ASM,32768,375768,375768
ImagenFantasma,ASM,32768,375904,375904
ImagenFantasma,ASM,32768,279888,279888
ImagenFantasma,ASM,32768,375224,375224
ImagenFantasma,ASM,32768,375938,375938
ImagenFantasma,ASM,32768,279922,279922
ImagenFantasma,ASM,32768,375632,375632
ImagenFantasma,ASM,32768,376652,376652
ImagenFantasma,ASM,32768,279072,279072
ImagenFantasma,ASM,32768,279038,279038
ImagenFantasma,ASM,32768,279888,279888
ImagenFantasma,ASM,32768,279956,279956
ImagenFantasma,ASM,32768,375564,375564
ImagenFantasma,ASM,32768,279242,279242
ImagenFantasma,ASM,32768,279072,279072
ImagenFantasma,ASM,32768,280432,280432
ImagenFantasma,ASM,32768,360876,360876
ImagenFantasma,ASM,32768,280024,280024
ImagenFantasma,ASM,32768,376312,376312
ImagenFantasma,ASM,32768,378318,378318
ImagenFantasma,ASM,32768,376040,376040
ImagenFantasma,ASM,32768,379474,379474
ImagenFantasma,ASM,32768,375972,375972
ImagenFantasma,ASM,32768,375462,375462
ImagenFantasma,ASM,32768,375598,375598
ImagenFantasma,ASM,32768,375700,375700
ImagenFantasma,ASM,32768,379032,379032
ImagenFantasma,ASM,32768,395556,395556
ImagenFantasma,ASM,32768,280058,280058
ImagenFantasma,ASM,32768,375564,375564
ImagenFantasma,ASM,32768,375836,375836
ImagenFantasma,ASM,32768,279548,279548
ImagenFantasma,ASM,32768,376006,376006
ImagenFantasma,ASM,32768,375564,375564
ImagenFantasma,ASM,32768,376040,376040
ImagenFantasma,ASM,32768,407286,407286
ImagenFantasma,ASM,32768,280466,280466
ImagenFantasma,ASM,32768,279820,279820
ImagenFantasma,ASM,32768,279990,279990
ImagenFantasma,ASM,32768,394536,394536
ImagenFantasma,ASM,32768,280432,280432
ImagenFantasma,ASM,32768,278494,278494
ImagenFantasma,ASM,32768,279956,279956
ImagenFantasma,ASM,32768,375360,375360
ImagenFantasma,ASM,32768,375462,375462
ImagenFantasma,ASM,32768,377230,377230
ImagenFantasma,ASM,32768,292230,292230
ImagenFantasma,ASM,32768,279820,279820
ImagenFantasma,ASM,32768,279956,279956
ImagenFantasma,ASM,32768,279548,279548
ImagenFantasma,ASM,32768,278052,278052
ImagenFantasma,ASM,32768,384982,384982
ImagenFantasma,ASM,32768,376108,376108
ImagenFantasma,ASM,32768,279106,279106
ImagenFantasma,ASM,32768,280976,280976
ImagenFantasma,ASM,32768,278664,278664
ImagenFantasma,ASM,32768,376040,376040
ImagenFantasma,ASM,32768,280194,280194
ImagenFantasma,ASM,32768,376074,376074
ImagenFantasma,ASM,32768,426632,426632
ImagenFantasma,ASM,32768,376040,376040
ImagenFantasma,ASM,32768,375530,375530
ImagenFantasma,ASM,32768,379066,379066
ImagenFantasma,ASM,32768,376006,376006
ImagenFantasma,ASM,32768,376754,376754
ImagenFantasma,ASM,32768,375360,375360
ImagenFantasma,ASM,32768,376074,376074
ImagenFantasma,ASM,32768,375258,375258
ImagenFantasma,ASM,32768,375938,375938
ImagenFantasma,ASM,32768,370906,370906
ImagenFantasma,ASM,32768,371382,371382
ImagenFantasma,ASM,32768,370464,370464
ImagenFantasma,ASM,32768,371144,371144
ImagenFantasma,ASM,32768,370702,370702
ImagenFantasma,ASM,32768,371144,371144
ImagenFantasma,ASM,32768,383758,383758
ImagenFantasma,ASM,32768,391068,391068
ImagenFantasma,ASM,32768,371144,371144
ImagenFantasma,ASM,32768,371144,371144
ImagenFantasma,ASM,32768,370668,370668
ImagenFantasma,ASM,32768,370736,370736
ImagenFantasma,ASM,32768,370464,370464
ImagenFantasma,ASM,32768,370396,370396
ImagenFantasma,ASM,32768,389402,389402
ImagenFantasma,ASM,32768,371212,371212
ImagenFantasma,ASM,32768,370260,370260
ImagenFantasma,ASM,32768,371144,371144
ImagenFantasma,ASM,32768,276352,276352
ImagenFantasma,ASM,32768,280160,280160
ImagenFantasma,ASM,32768,386818,386818
ImagenFantasma,ASM,120000,1369724,1369724
ImagenFantasma,ASM,120000,1390736,1390736
ImagenFantasma,ASM,120000,1323246,1323246
ImagenFantasma,ASM,120000,1128936,1128936
ImagenFantasma,ASM,120000,1017926,1017926
ImagenFantasma,ASM,120000,1369588,1369588
ImagenFantasma,ASM,120000,1371900,1371900
ImagenFantasma,ASM,120000,1533026,1533026
ImagenFantasma,ASM,120000,1492056,1492056
ImagenFantasma,ASM,120000,1416814,1416814
ImagenFantasma,ASM,120000,1474648,1474648
ImagenFantasma,ASM,120000,1017518,1017518
ImagenFantasma,ASM,120000,1576478,1576478
ImagenFantasma,ASM,120000,1462340,1462340
ImagenFantasma,ASM,120000,1369724,1369724
ImagenFantasma,ASM,120000,1015750,1015750
ImagenFantasma,ASM,120000,1411136,1411136
ImagenFantasma,ASM,120000,1367310,1367310
ImagenFantasma,ASM,120000,1568216,1568216
ImagenFantasma,ASM,120000,1084362,1084362
ImagenFantasma,ASM,120000,1368160,1368160
ImagenFantasma,ASM,120000,1392436,1392436
ImagenFantasma,ASM,120000,1372002,1372002
ImagenFantasma,ASM,120000,1450678,1450678
ImagenFantasma,ASM,120000,1371424,1371424
ImagenFantasma,ASM,120000,1381658,1381658
ImagenFantasma,ASM,120000,1393150,1393150
ImagenFantasma,ASM,120000,1435446,1435446
ImagenFantasma,ASM,120000,1399610,1399610
ImagenFantasma,ASM,120000,1111494,1111494
ImagenFantasma,ASM,120000,1394374,1394374
ImagenFantasma,ASM,120000,1015614,1015614
ImagenFantasma,ASM,120000,1017178,1017178
ImagenFantasma,ASM,120000,1373022,1373022
ImagenFantasma,ASM,120000,1014458,1014458
ImagenFantasma,ASM,120000,1043800,1043800
ImagenFantasma,ASM,120000,1068280,1068280
ImagenFantasma,ASM,120000,1368568,1368568
ImagenFantasma,ASM,120000,1403418,1403418
ImagenFantasma,ASM,120000,1428102,1428102
ImagenFantasma,ASM,120000,1387540,1387540
ImagenFantasma,ASM,120000,1385738,1385738
ImagenFantasma,ASM,120000,1365508,1365508
ImagenFantasma,ASM,120000,1563150,1563150
ImagenFantasma,ASM,120000,1626186,1626186
ImagenFantasma,ASM,120000,1405084,1405084
ImagenFantasma,ASM,120000,1403146,1403146
ImagenFantasma,ASM,120000,1385262,1385262
ImagenFantasma,ASM,120000,1030642,1030642
ImagenFantasma,ASM,120000,1616054,1616054
ImagenFantasma,ASM,120000,1386248,1386248
ImagenFantasma,ASM,120000,1100172,1100172
ImagenFantasma,ASM,120000,1031900,1031900
ImagenFantasma,ASM,120000,1419670,1419670
ImagenFantasma,ASM,120000,1389206,1389206
ImagenFantasma,ASM,120000,1033294,1033294
ImagenFantasma,ASM,120000,1387268,1387268
ImagenFantasma,ASM,120000,1401378,1401378
ImagenFantasma,ASM,120000,1390498,1390498
ImagenFantasma,ASM,120000,1386860,1386860
ImagenFantasma,ASM,120000,1383970,1383970
ImagenFantasma,ASM,120000,1388424,1388424
ImagenFantasma,ASM,120000,1388424,1388424
ImagenFantasma,ASM,120000,1030234,1030234
ImagenFantasma,ASM,120000,1029316,1029316
ImagenFantasma,ASM,120000,1018164,1018164
ImagenFantasma,ASM,120000,1505928,1505928
ImagenFantasma,ASM,120000,1383256,1383256
ImagenFantasma,ASM,120000,1016192,1016192
ImagenFantasma,ASM,120000,1015716,1015716
ImagenFantasma,ASM,120000,1057026,1057026
ImagenFantasma,ASM,120000,1050362,1050362
ImagenFantasma,ASM,120000,1368772,1368772
ImagenFantasma,ASM,120000,1015954,1015954
ImagenFantasma,ASM,120000,1015070,1015070
ImagenFantasma,ASM,120000,1017552,1017552
ImagenFantasma,ASM,120000,1047472,1047472
ImagenFantasma,ASM,120000,1066784,1066784
ImagenFantasma,ASM,120000,1017416,1017416
ImagenFantasma,ASM,120000,1016634,1016634
ImagenFantasma,ASM,120000,1013676,1013676
ImagenFantasma,ASM,120000,1017620,1017620
ImagenFantasma,ASM,120000,1016906,1016906
ImagenFantasma,ASM,120000,1168512,1168512
ImagenFantasma,ASM,120000,1408960,1408960
ImagenFantasma,ASM,120000,1028092,1028092
ImagenFantasma,ASM,120000,1382372,1382372
ImagenFantasma,ASM,120000,1383290,1383290
ImagenFantasma,ASM,120000,1434494,1434494
ImagenFantasma,ASM,120000,1375062,1375062
ImagenFantasma,ASM,120000,1371424,1371424
ImagenFantasma,ASM,120000,1472234,1472234
ImagenFantasma,ASM,120000,1370846,1370846
ImagenFantasma,ASM,120000,1384140,1384140
ImagenFantasma,ASM,120000,1424192,1424192
ImagenFantasma,ASM,120000,1374756,1374756
ImagenFantasma,ASM,120000,1032410,1032410
ImagenFantasma,ASM,120000,1032512,1032512
ImagenFantasma,ASM,120000,1461082,1461082
ImagenFantasma,ASM,120000,1387268,1387268
ImagenFantasma,ASM,131072,1567570,1567570
ImagenFantasma,ASM,131072,1516808,1516808
ImagenFantasma,ASM,131072,1513238,1513238
ImagenFantasma,ASM,131072,1229814,1229814
ImagenFantasma,ASM,131072,1516366,1516366
ImagenFantasma,ASM,131072,1123360,1123360
ImagenFantasma,ASM,131072,1126386,1126386
ImagenFantasma,ASM,131072,1582904,1582904
ImagenFantasma,ASM,131072,1496272,1496272
ImagenFantasma,ASM,131072,1553460,1553460
ImagenFantasma,ASM,131072,1122646,1122646
ImagenFantasma,ASM,131072,1542614,1542614
ImagenFantasma,ASM,131072,1127406,1127406
ImagenFantasma,ASM,131072,1124550,1124550
ImagenFantasma,ASM,131072,1123122,1123122
ImagenFantasma,ASM,131072,1494164,1494164
ImagenFantasma,ASM,131072,1594940,1594940
ImagenFantasma,ASM,131072,1180242,1180242
ImagenFantasma,ASM,131072,1491920,1491920
ImagenFantasma,ASM,131072,1668516,1668516
ImagenFantasma,ASM,131072,1110780,1110780
ImagenFantasma,ASM,131072,1492532,1492532
ImagenFantasma,ASM,131072,1110338,1110338
ImagenFantasma,ASM,131072,1505180,1505180
ImagenFantasma,ASM,131072,1627104,1627104
ImagenFantasma,ASM,131072,1492260,1492260
ImagenFantasma,ASM,131072,1120946,1120946
ImagenFantasma,ASM,131072,1494640,1494640
ImagenFantasma,ASM,131072,1105986,1105986
ImagenFantasma,ASM,131072,1107754,1107754
ImagenFantasma,ASM,131072,1108128,1108128
ImagenFantasma,ASM,131072,1144542,1144542
ImagenFantasma,ASM,131072,1496918,1496918
ImagenFantasma,ASM,131072,1491648,1491648
ImagenFantasma,ASM,131072,1492464,1492464
ImagenFantasma,ASM,131072,1109998,1109998
ImagenFantasma,ASM,131072,1111052,1111052
ImagenFantasma,ASM,131072,1109930,1109930
ImagenFantasma,ASM,131072,1120300,1120300
ImagenFantasma,ASM,131072,1494062,1494062
ImagenFantasma,ASM,131072,1502630,1502630
ImagenFantasma,ASM,131072,1494810,1494810
ImagenFantasma,ASM,131072,1107516,1107516
ImagenFantasma,ASM,131072,1108774,1108774
ImagenFantasma,ASM,131072,1492906,1492906
ImagenFantasma,ASM,131072,1519766,1519766
ImagenFantasma,ASM,131072,1401310,1401310
ImagenFantasma,ASM,131072,1116730,1116730
ImagenFantasma,ASM,131072,1136586,1136586
ImagenFantasma,ASM,131072,1114044,1114044
ImagenFantasma,ASM,131072,1109488,1109488
ImagenFantasma,ASM,131072,1108128,1108128
ImagenFantasma,ASM,131072,1108774,1108774
ImagenFantasma,ASM,131072,1109760,1109760
ImagenFantasma,ASM,131072,1119994,1119994
ImagenFantasma,ASM,131072,1112140,1112140
ImagenFantasma,ASM,131072,1107822,1107822
ImagenFantasma,ASM,131072,1108264,1108264
ImagenFantasma,ASM,131072,1108944,1108944
ImagenFantasma,ASM,131072,1106870,1106870
ImagenFantasma,ASM,131072,1114792,1114792
ImagenFantasma,ASM,131072,1127508,1127508
ImagenFantasma,ASM,131072,1263134,1263134
ImagenFantasma,ASM,131072,1121762,1121762
ImagenFantasma,ASM,131072,1111936,1111936
ImagenFantasma,ASM,131072,1108400,1108400
ImagenFantasma,ASM,131072,1181534,1181534
ImagenFantasma,ASM,131072,1108502,1108502
ImagenFantasma,ASM,131072,1123428,1123428
ImagenFantasma,ASM,131072,1107482,1107482
ImagenFantasma,ASM,131072,1111766,1111766
ImagenFantasma,ASM,131072,1107550,1107550
ImagenFantasma,ASM,131072,1143046,1143046
ImagenFantasma,ASM,131072,1111630,1111630
ImagenFantasma,ASM,131072,1109964,1109964
ImagenFantasma,ASM,131072,1111732,1111732
ImagenFantasma,ASM,131072,1110202,1110202
ImagenFantasma,ASM,131072,1129990,1129990
ImagenFantasma,ASM,131072,1108672,1108672
ImagenFantasma,ASM,131072,1122476,1122476
ImagenFantasma,ASM,131072,1110712,1110712
ImagenFantasma,ASM,131072,1108944,1108944
ImagenFantasma,ASM,131072,1109760,1109760
ImagenFantasma,ASM,131072,1110168,1110168
ImagenFantasma,ASM,131072,1120028,1120028
ImagenFantasma,ASM,131072,1110032,1110032
ImagenFantasma,ASM,131072,1109046,1109046
ImagenFantasma,ASM,131072,1111732,1111732
ImagenFantasma,ASM,131072,1109318,1109318
ImagenFantasma,ASM,131072,1110134,1110134
ImagenFantasma,ASM,131072,1110168,1110168
ImagenFantasma,ASM,131072,1109896,1109896
ImagenFantasma,ASM,131072,1108706,1108706
ImagenFantasma,ASM,131072,1119042,1119042
ImagenFantasma,ASM,131072,1111562,1111562
ImagenFantasma,ASM,131072,1107890,1107890
ImagenFantasma,ASM,131072,1111766,1111766
ImagenFantasma,ASM,131072,1618060,1618060
ImagenFantasma,ASM,131072,1109862,1109862
ImagenFantasma,ASM,131072,1110712,1110712
ImagenFantasma,ASM,480000,5595108,5595108
ImagenFantasma,ASM,480000,4163164,4163164
ImagenFantasma,ASM,480000,4141744,4141744
ImagenFantasma,ASM,480000,4599826,4599826
ImagenFantasma,ASM,480000,4173840,4173840
ImagenFantasma,ASM,480000,4279308,4279308
ImagenFantasma,ASM,480000,4186998,4186998
ImagenFantasma,ASM,480000,4172650,4172650
ImagenFantasma,ASM,480000,4153032,4153032
ImagenFantasma,ASM,480000,4932856,4932856
ImagenFantasma,ASM,480000,4230824,4230824
ImagenFantasma,ASM,480000,4623048,4623048
ImagenFantasma,ASM,480000,4124540,4124540
ImagenFantasma,ASM,480000,5521158,5521158
ImagenFantasma,ASM,480000,4182646,4182646
ImagenFantasma,ASM,480000,4105806,4105806
ImagenFantasma,ASM,480000,4208758,4208758
ImagenFantasma,ASM,480000,4090846,4090846
ImagenFantasma,ASM,480000,4637022,4637022
ImagenFantasma,ASM,480000,4108050,4108050
ImagenFantasma,ASM,480000,4615976,4615976
ImagenFantasma,ASM,480000,4118624,4118624
ImagenFantasma,ASM,480000,4128348,4128348
ImagenFantasma,ASM,480000,5959724,5959724
ImagenFantasma,ASM,480000,4265232,4265232
ImagenFantasma,ASM,480000,4223412,4223412
ImagenFantasma,ASM,480000,4767242,4767242
ImagenFantasma,ASM,480000,4223004,4223004
ImagenFantasma,ASM,480000,4137800,4137800
ImagenFantasma,ASM,480000,4127532,4127532
ImagenFantasma,ASM,480000,4162144,4162144
ImagenFantasma,ASM,480000,4176356,4176356
ImagenFantasma,ASM,480000,4595202,4595202
ImagenFantasma,ASM,480000,4124234,4124234
ImagenFantasma,ASM,480000,4689926,4689926
ImagenFantasma,ASM,480000,4331498,4331498
ImagenFantasma,ASM,480000,4161906,4161906
ImagenFantasma,ASM,480000,5521532,5521532
ImagenFantasma,ASM,480000,4577488,4577488
ImagenFantasma,ASM,480000,4091186,4091186
ImagenFantasma,ASM,480000,4140860,4140860
ImagenFantasma,ASM,480000,4104004,4104004
ImagenFantasma,ASM,480000,4507754,4507754
ImagenFantasma,ASM,480000,4120834,4120834
ImagenFantasma,ASM,480000,6203538,6203538
ImagenFantasma,ASM,480000,5061750,5061750
ImagenFantasma,ASM,480000,4216544,4216544
ImagenFantasma,ASM,480000,4104718,4104718
ImagenFantasma,ASM,480000,4543556,4543556
ImagenFantasma,ASM,480000,5604424,5604424
ImagenFantasma,ASM,480000,4135692,4135692
ImagenFantasma,ASM,480000,4088874,4088874
ImagenFantasma,ASM,480000,4103290,4103290
ImagenFantasma,ASM,480000,4129742,4129742
ImagenFantasma,ASM,480000,5184898,5184898
ImagenFantasma,ASM,480000,4981000,4981000
ImagenFantasma,ASM,480000,4120868,4120868
ImagenFantasma,ASM,480000,4153508,4153508
ImagenFantasma,ASM,480000,5651616,5651616
ImagenFantasma,ASM,480000,4194546,4194546
ImagenFantasma,ASM,480000,4167210,4167210
ImagenFantasma,ASM,480000,4144770,4144770
ImagenFantasma,ASM,480000,4443528,4443528
ImagenFantasma,ASM,480000,4119916,4119916
ImagenFantasma,ASM,480000,4149802,4149802
ImagenFantasma,ASM,480000,4121140,4121140
ImagenFantasma,ASM,480000,4874138,4874138
ImagenFantasma,ASM,480000,4800086,4800086
ImagenFantasma,ASM,480000,4139092,4139092
ImagenFantasma,ASM,480000,4098122,4098122
ImagenFantasma,ASM,480000,4154732,4154732
ImagenFantasma,ASM,480000,4133550,4133550
ImagenFantasma,ASM,480000,4146164,4146164
ImagenFantasma,ASM,480000,4092376,4092376
ImagenFantasma,ASM,480000,4118488,4118488
ImagenFantasma,ASM,480000,4673164,4673164
ImagenFantasma,ASM,480000,5525952,5525952
ImagenFantasma,ASM,480000,4129028,4129028
ImagenFantasma,ASM,480000,4229736,4229736
ImagenFantasma,ASM,480000,4641816,4641816
ImagenFantasma,ASM,480000,4823274,4823274
ImagenFantasma,ASM,480000,4104174,4104174
ImagenFantasma,ASM,480000,4137630,4137630
ImagenFantasma,ASM,480000,4089894,4089894
ImagenFantasma,ASM,480000,4248028,4248028
ImagenFantasma,ASM,480000,4107982,4107982
ImagenFantasma,ASM,480000,4148816,4148816
ImagenFantasma,ASM,480000,4639028,4639028
ImagenFantasma,ASM,480000,5580896,5580896
ImagenFantasma,ASM,480000,4301952,4301952
ImagenFantasma,ASM,480000,4167890,4167890
ImagenFantasma,ASM,480000,5612448,5612448
ImagenFantasma,ASM,480000,4237998,4237998
ImagenFantasma,ASM,480000,4934386,4934386
ImagenFantasma,ASM,480000,4159968,4159968
ImagenFantasma,ASM,480000,4159764,4159764
ImagenFantasma,ASM,480000,4424964,4424964
ImagenFantasma,ASM,480000,4243064,4243064
ImagenFantasma,ASM,480000,4194580,4194580
ImagenFantasma,ASM,480000,5622478,5622478
ImagenFantasma,ASM,1920000,20096244,20096244
ImagenFantasma,ASM,1920000,16847578,16847578
ImagenFantasma,ASM,1920000,16892492,16892492
ImagenFantasma,ASM,1920000,16858696,16858696
ImagenFantasma,ASM,1920000,16643306,16643306
ImagenFantasma,ASM,1920000,17185708,17185708
ImagenFantasma,ASM,1920000,18760928,18760928
ImagenFantasma,ASM,1920000,17565352,17565352
ImagenFantasma,ASM,1920000,19694874,19694874
ImagenFantasma,ASM,1920000,16881544,16881544
ImagenFantasma,ASM,1920000,16950190,16950190
ImagenFantasma,ASM,1920000,17177650,17177650
ImagenFantasma,ASM,1920000,16660136,16660136
ImagenFantasma,ASM,1920000,20075810,20075810
ImagenFantasma,ASM,1920000,16747856,16747856
ImagenFantasma,ASM,1920000,16647216,16647216
ImagenFantasma,ASM,1920000,22084530,22084530
ImagenFantasma,ASM,1920000,17875534,17875534
ImagenFantasma,ASM,1920000,18809990,18809990
ImagenFantasma,ASM,1920000,17101558,17101558
ImagenFantasma,ASM,1920000,17210800,17210800
ImagenFantasma,ASM,1920000,16744014,16744014
ImagenFantasma,ASM,1920000,17529550,17529550
ImagenFantasma,ASM,1920000,24246182,24246182
ImagenFantasma,ASM,1920000,21857274,21857274
ImagenFantasma,ASM,1920000,18420316,18420316
ImagenFantasma,ASM,1920000,16718786,16718786
ImagenFantasma,ASM,1920000,17281146,17281146
ImagenFantasma,ASM,1920000,17518670,17518670
ImagenFantasma,ASM,1920000,17049878,17049878
ImagenFantasma,ASM,1920000,16688628,16688628
ImagenFantasma,ASM,1920000,20837954,20837954
ImagenFantasma,ASM,1920000,17447304,17447304
ImagenFantasma,ASM,1920000,21135046,21135046
ImagenFantasma,ASM,1920000,16795558,16795558
ImagenFantasma,ASM,1920000,21230858,21230858
ImagenFantasma,ASM,1920000,19854028,19854028
ImagenFantasma,ASM,1920000,21154698,21154698
ImagenFantasma,ASM,1920000,17425782,17425782
ImagenFantasma,ASM,1920000,16626340,16626340
ImagenFantasma,ASM,1920000,16755812,16755812
ImagenFantasma,ASM,1920000,17040630,17040630
ImagenFantasma,ASM,1920000,16660918,16660918
ImagenFantasma,ASM,1920000,17544646,17544646
ImagenFantasma,ASM,1920000,17125664,17125664
ImagenFantasma,ASM,1920000,16757308,16757308
ImagenFantasma,ASM,1920000,16902046,16902046
ImagenFantasma,ASM,1920000,16992690,16992690
ImagenFantasma,ASM,1920000,16650684,16650684
ImagenFantasma,ASM,1920000,16901162,16901162
ImagenFantasma,ASM,1920000,21887602,21887602
ImagenFantasma,ASM,1920000,16576700,16576700
ImagenFantasma,ASM,1920000,16598970,16598970
ImagenFantasma,ASM,1920000,17148716,17148716
ImagenFantasma,ASM,1920000,17353532,17353532
ImagenFantasma,ASM,1920000,22346364,22346364
ImagenFantasma,ASM,1920000,16942404,16942404
ImagenFantasma,ASM,1920000,16754146,16754146
ImagenFantasma,ASM,1920000,16592272,16592272
ImagenFantasma,ASM,1920000,17932314,17932314
ImagenFantasma,ASM,1920000,17779960,17779960
ImagenFantasma,ASM,1920000,16836494,16836494
ImagenFantasma,ASM,1920000,17478754,17478754
ImagenFantasma,ASM,1920000,16945226,16945226
ImagenFantasma,ASM,1920000,16754894,16754894
ImagenFantasma,ASM,1920000,17413372,17413372
ImagenFantasma,ASM,1920000,20708550,20708550
ImagenFantasma,ASM,1920000,17694280,17694280
ImagenFantasma,ASM,1920000,21717432,21717432
ImagenFantasma,ASM,1920000,22499874,22499874
ImagenFantasma,ASM,1920000,16664284,16664284
ImagenFantasma,ASM,1920000,17027778,17027778
ImagenFantasma,ASM,1920000,18303696,18303696
ImagenFantasma,ASM,1920000,18800470,18800470
ImagenFantasma,ASM,1920000,17391000,17391000
ImagenFantasma,ASM,1920000,20687368,20687368
ImagenFantasma,ASM,1920000,16893104,16893104
ImagenFantasma,ASM,1920000,16904358,16904358
ImagenFantasma,ASM,1920000,16916564,16916564
ImagenFantasma,ASM,1920000,19194394,19194394
ImagenFantasma,ASM,1920000,17612034,17612034
ImagenFantasma,ASM,1920000,17373558,17373558
ImagenFantasma,ASM,1920000,21178906,21178906
ImagenFantasma,ASM,1920000,18789386,18789386
ImagenFantasma,ASM,1920000,18517114,18517114
ImagenFantasma,ASM,1920000,16651330,16651330
ImagenFantasma,ASM,1920000,16624470,16624470
ImagenFantasma,ASM,1920000,16713380,16713380
ImagenFantasma,ASM,1920000,23608104,23608104
ImagenFantasma,ASM,1920000,17671976,17671976
ImagenFantasma,ASM,1920000,17083436,17083436
ImagenFantasma,ASM,1920000,16658572,16658572
ImagenFantasma,ASM,1920000,16800420,16800420
ImagenFantasma,ASM,1920000,16719534,16719534
ImagenFantasma,ASM,1920000,17766598,17766598
ImagenFantasma,ASM,1920000,22015034,22015034
ImagenFantasma,ASM,1920000,17226814,17226814
ImagenFantasma,ASM,1920000,18391824,18391824
ImagenFantasma,ASM,1920000,17860302,17860302
ImagenFantasma,ASM,1920000,16601792,16601792
