ReforzarBrillo,ASM,512,23044,23044
ReforzarBrillo,ASM,512,19036,19036
ReforzarBrillo,ASM,512,17174,17174
ReforzarBrillo,ASM,512,15242,15242
ReforzarBrillo,ASM,512,13702,13702
ReforzarBrillo,ASM,512,14348,14348
ReforzarBrillo,ASM,512,10422,10422
ReforzarBrillo,ASM,512,12818,12818
ReforzarBrillo,ASM,512,13700,13700
ReforzarBrillo,ASM,512,9176,9176
ReforzarBrillo,ASM,512,9416,9416
ReforzarBrillo,ASM,512,9036,9036
ReforzarBrillo,ASM,512,9028,9028
ReforzarBrillo,ASM,512,8782,8782
ReforzarBrillo,ASM,512,8804,8804
ReforzarBrillo,ASM,512,8722,8722
ReforzarBrillo,ASM,512,8732,8732
ReforzarBrillo,ASM,512,8494,8494
ReforzarBrillo,ASM,512,8906,8906
ReforzarBrillo,ASM,512,8572,8572
ReforzarBrillo,ASM,512,8800,8800
ReforzarBrillo,ASM,512,8390,8390
ReforzarBrillo,ASM,512,8914,8914
ReforzarBrillo,ASM,512,8546,8546
ReforzarBrillo,ASM,512,8906,8906
ReforzarBrillo,ASM,512,8430,8430
ReforzarBrillo,ASM,512,8692,8692
ReforzarBrillo,ASM,512,8520,8520
ReforzarBrillo,ASM,512,9006,9006
ReforzarBrillo,ASM,512,8676,8676
ReforzarBrillo,ASM,512,8842,8842
ReforzarBrillo,ASM,512,9006,9006
ReforzarBrillo,ASM,512,9230,9230
ReforzarBrillo,ASM,512,8966,8966
ReforzarBrillo,ASM,512,9540,9540
ReforzarBrillo,ASM,512,9074,9074
ReforzarBrillo,ASM,512,11744,11744
ReforzarBrillo,ASM,512,9162,9162
ReforzarBrillo,ASM,512,13646,13646
ReforzarBrillo,ASM,512,8952,8952
ReforzarBrillo,ASM,512,9212,9212
ReforzarBrillo,ASM,512,9078,9078
ReforzarBrillo,ASM,512,9380,9380
ReforzarBrillo,ASM,512,11074,11074
ReforzarBrillo,ASM,512,14474,14474
ReforzarBrillo,ASM,512,12748,12748
ReforzarBrillo,ASM,512,9358,9358
ReforzarBrillo,ASM,512,8938,8938
ReforzarBrillo,ASM,512,9350,9350
ReforzarBrillo,ASM,512,13908,13908
ReforzarBrillo,ASM,512,9300,9300
ReforzarBrillo,ASM,512,10160,10160
ReforzarBrillo,ASM,512,9354,9354
ReforzarBrillo,ASM,512,9092,9092
ReforzarBrillo,ASM,512,14558,14558
ReforzarBrillo,ASM,512,8916,8916
ReforzarBrillo,ASM,512,13940,13940
ReforzarBrillo,ASM,512,9244,9244
ReforzarBrillo,ASM,512,9722,9722
ReforzarBrillo,ASM,512,9222,9222
ReforzarBrillo,ASM,512,9244,9244
ReforzarBrillo,ASM,512,9454,9454
ReforzarBrillo,ASM,512,9184,9184
ReforzarBrillo,ASM,512,9248,9248
ReforzarBrillo,ASM,512,9094,9094
ReforzarBrillo,ASM,512,9956,9956
ReforzarBrillo,ASM,512,12738,12738
ReforzarBrillo,ASM,512,17236,17236
ReforzarBrillo,ASM,512,9310,9310
ReforzarBrillo,ASM,512,9138,9138
ReforzarBrillo,ASM,512,9290,9290
ReforzarBrillo,ASM,512,12366,12366
ReforzarBrillo,ASM,512,9004,9004
ReforzarBrillo,ASM,512,6916,6916
ReforzarBrillo,ASM,512,6822,6822
ReforzarBrillo,ASM,512,6912,6912
ReforzarBrillo,ASM,512,7200,7200
ReforzarBrillo,ASM,512,7002,7002
ReforzarBrillo,ASM,512,6974,6974
ReforzarBrillo,ASM,512,6988,6988
ReforzarBrillo,ASM,512,6968,6968
ReforzarBrillo,ASM,512,6996,6996
ReforzarBrillo,ASM,512,6976,6976
ReforzarBrillo,ASM,512,7070,7070
ReforzarBrillo,ASM,512,8620,8620
ReforzarBrillo,ASM,512,6968,6968
ReforzarBrillo,ASM,512,10418,10418
ReforzarBrillo,ASM,512,7022,7022
ReforzarBrillo,ASM,512,6962,6962
ReforzarBrillo,ASM,512,6886,6886
ReforzarBrillo,ASM,512,7142,7142
ReforzarBrillo,ASM,512,6910,6910
ReforzarBrillo,ASM,512,6984,6984
ReforzarBrillo,ASM,512,7086,7086
ReforzarBrillo,ASM,512,6908,6908
ReforzarBrillo,ASM,512,7124,7124
ReforzarBrillo,ASM,512,6938,6938
ReforzarBrillo,ASM,512,7064,7064
ReforzarBrillo,ASM,512,6988,6988
ReforzarBrillo,ASM,512,7106,7106
ReforzarBrillo,ASM,512,6994,6994
ReforzarBrillo,ASM,512,7058,7058
ReforzarBrillo,ASM,512,6956,6956
ReforzarBrillo,ASM,512,7054,7054
ReforzarBrillo,ASM,512,7068,7068
ReforzarBrillo,ASM,512,6996,6996
ReforzarBrillo,ASM,512,6996,6996
ReforzarBrillo,ASM,512,6814,6814
ReforzarBrillo,ASM,512,6962,6962
ReforzarBrillo,ASM,512,7436,7436
ReforzarBrillo,ASM,512,10308,10308
ReforzarBrillo,ASM,512,9720,9720
ReforzarBrillo,ASM,512,7036,7036
ReforzarBrillo,ASM,512,6844,6844
ReforzarBrillo,ASM,512,6962,6962
ReforzarBrillo,ASM,512,6974,6974
ReforzarBrillo,ASM,512,7056,7056
ReforzarBrillo,ASM,512,6994,6994
ReforzarBrillo,ASM,512,7086,7086
ReforzarBrillo,ASM,512,7036,7036
ReforzarBrillo,ASM,512,7064,7064
ReforzarBrillo,ASM,512,6978,6978
ReforzarBrillo,ASM,512,7200,7200
ReforzarBrillo,ASM,512,6900,6900
ReforzarBrillo,ASM,512,6854,6854
ReforzarBrillo,ASM,512,6970,6970
ReforzarBrillo,ASM,512,7232,7232
ReforzarBrillo,ASM,512,6842,6842
ReforzarBrillo,ASM,512,7068,7068
ReforzarBrillo,ASM,512,9606,9606
ReforzarBrillo,ASM,512,7402,7402
ReforzarBrillo,ASM,512,7148,7148
ReforzarBrillo,ASM,512,7046,7046
ReforzarBrillo,ASM,512,7058,7058
ReforzarBrillo,ASM,512,10982,10982
ReforzarBrillo,ASM,512,6800,6800
ReforzarBrillo,ASM,512,7100,7100
ReforzarBrillo,ASM,512,6884,6884
ReforzarBrillo,ASM,512,7226,7226
ReforzarBrillo,ASM,512,6982,6982
ReforzarBrillo,ASM,512,7118,7118
ReforzarBrillo,ASM,512,6956,6956
ReforzarBrillo,ASM,512,7082,7082
ReforzarBrillo,ASM,512,6948,6948
ReforzarBrillo,ASM,512,7200,7200
ReforzarBrillo,ASM,512,6966,6966
ReforzarBrillo,ASM,512,7250,7250
ReforzarBrillo,ASM,512,7026,7026
ReforzarBrillo,ASM,512,6840,6840
ReforzarBrillo,ASM,512,6706,6706
ReforzarBrillo,ASM,2048,31760,31760
ReforzarBrillo,ASM,2048,21882,21882
ReforzarBrillo,ASM,2048,19066,19066
ReforzarBrillo,ASM,2048,18536,18536
ReforzarBrillo,ASM,2048,18242,18242
ReforzarBrillo,ASM,2048,18652,18652
ReforzarBrillo,ASM,2048,17604,17604
ReforzarBrillo,ASM,2048,18328,18328
ReforzarBrillo,ASM,2048,16966,16966
ReforzarBrillo,ASM,2048,17930,17930
ReforzarBrillo,ASM,2048,16378,16378
ReforzarBrillo,ASM,2048,17694,17694
ReforzarBrillo,ASM,2048,16148,16148
ReforzarBrillo,ASM,2048,17512,17512
ReforzarBrillo,ASM,2048,16020,16020
ReforzarBrillo,ASM,2048,17244,17244
ReforzarBrillo,ASM,2048,14680,14680
ReforzarBrillo,ASM,2048,16158,16158
ReforzarBrillo,ASM,2048,14732,14732
ReforzarBrillo,ASM,2048,16006,16006
ReforzarBrillo,ASM,2048,15238,15238
ReforzarBrillo,ASM,2048,16508,16508
ReforzarBrillo,ASM,2048,15258,15258
ReforzarBrillo,ASM,2048,19430,19430
ReforzarBrillo,ASM,2048,17980,17980
ReforzarBrillo,ASM,2048,16534,16534
ReforzarBrillo,ASM,2048,15388,15388
ReforzarBrillo,ASM,2048,16592,16592
ReforzarBrillo,ASM,2048,15158,15158
ReforzarBrillo,ASM,2048,16978,16978
ReforzarBrillo,ASM,2048,15122,15122
ReforzarBrillo,ASM,2048,16534,16534
ReforzarBrillo,ASM,2048,15420,15420
ReforzarBrillo,ASM,2048,16578,16578
ReforzarBrillo,ASM,2048,15262,15262
ReforzarBrillo,ASM,2048,16034,16034
ReforzarBrillo,ASM,2048,14920,14920
ReforzarBrillo,ASM,2048,15990,15990
ReforzarBrillo,ASM,2048,14792,14792
ReforzarBrillo,ASM,2048,16058,16058
ReforzarBrillo,ASM,2048,14622,14622
ReforzarBrillo,ASM,2048,18120,18120
ReforzarBrillo,ASM,2048,16762,16762
ReforzarBrillo,ASM,2048,60266,60266
ReforzarBrillo,ASM,2048,17814,17814
ReforzarBrillo,ASM,2048,16504,16504
ReforzarBrillo,ASM,2048,15242,15242
ReforzarBrillo,ASM,2048,16826,16826
ReforzarBrillo,ASM,2048,15132,15132
ReforzarBrillo,ASM,2048,16656,16656
ReforzarBrillo,ASM,2048,15178,15178
ReforzarBrillo,ASM,2048,16582,16582
ReforzarBrillo,ASM,2048,15066,15066
ReforzarBrillo,ASM,2048,19436,19436
ReforzarBrillo,ASM,2048,17838,17838
ReforzarBrillo,ASM,2048,19352,19352
ReforzarBrillo,ASM,2048,17810,17810
ReforzarBrillo,ASM,2048,16474,16474
ReforzarBrillo,ASM,2048,17950,17950
ReforzarBrillo,ASM,2048,19448,19448
ReforzarBrillo,ASM,2048,15082,15082
ReforzarBrillo,ASM,2048,16476,16476
ReforzarBrillo,ASM,2048,14736,14736
ReforzarBrillo,ASM,2048,16052,16052
ReforzarBrillo,ASM,2048,14716,14716
ReforzarBrillo,ASM,2048,16006,16006
ReforzarBrillo,ASM,2048,14792,14792
ReforzarBrillo,ASM,2048,19218,19218
ReforzarBrillo,ASM,2048,17312,17312
ReforzarBrillo,ASM,2048,16528,16528
ReforzarBrillo,ASM,2048,15524,15524
ReforzarBrillo,ASM,2048,16516,16516
ReforzarBrillo,ASM,2048,15366,15366
ReforzarBrillo,ASM,2048,18632,18632
ReforzarBrillo,ASM,2048,17900,17900
ReforzarBrillo,ASM,2048,19316,19316
ReforzarBrillo,ASM,2048,18128,18128
ReforzarBrillo,ASM,2048,19136,19136
ReforzarBrillo,ASM,2048,18654,18654
ReforzarBrillo,ASM,2048,18930,18930
ReforzarBrillo,ASM,2048,17362,17362
ReforzarBrillo,ASM,2048,19228,19228
ReforzarBrillo,ASM,2048,18930,18930
ReforzarBrillo,ASM,2048,24456,24456
ReforzarBrillo,ASM,2048,24126,24126
ReforzarBrillo,ASM,2048,24894,24894
ReforzarBrillo,ASM,2048,26166,26166
ReforzarBrillo,ASM,2048,25768,25768
ReforzarBrillo,ASM,2048,24782,24782
ReforzarBrillo,ASM,2048,25996,25996
ReforzarBrillo,ASM,2048,24438,24438
ReforzarBrillo,ASM,2048,27454,27454
ReforzarBrillo,ASM,2048,28066,28066
ReforzarBrillo,ASM,2048,28054,28054
ReforzarBrillo,ASM,2048,23574,23574
ReforzarBrillo,ASM,2048,23522,23522
ReforzarBrillo,ASM,2048,23556,23556
ReforzarBrillo,ASM,2048,24044,24044
ReforzarBrillo,ASM,2048,28918,28918
ReforzarBrillo,ASM,2048,24092,24092
ReforzarBrillo,ASM,2048,71386,71386
ReforzarBrillo,ASM,2048,20946,20946
ReforzarBrillo,ASM,2048,22432,22432
ReforzarBrillo,ASM,2048,21786,21786
ReforzarBrillo,ASM,2048,22776,22776
ReforzarBrillo,ASM,2048,22854,22854
ReforzarBrillo,ASM,2048,17130,17130
ReforzarBrillo,ASM,2048,22752,22752
ReforzarBrillo,ASM,2048,16276,16276
ReforzarBrillo,ASM,2048,16828,16828
ReforzarBrillo,ASM,2048,16304,16304
ReforzarBrillo,ASM,2048,17468,17468
ReforzarBrillo,ASM,2048,15320,15320
ReforzarBrillo,ASM,2048,17030,17030
ReforzarBrillo,ASM,2048,16272,16272
ReforzarBrillo,ASM,2048,18322,18322
ReforzarBrillo,ASM,2048,19680,19680
ReforzarBrillo,ASM,2048,20880,20880
ReforzarBrillo,ASM,2048,15528,15528
ReforzarBrillo,ASM,2048,17694,17694
ReforzarBrillo,ASM,2048,14552,14552
ReforzarBrillo,ASM,2048,25154,25154
ReforzarBrillo,ASM,2048,16734,16734
ReforzarBrillo,ASM,2048,15662,15662
ReforzarBrillo,ASM,2048,14314,14314
ReforzarBrillo,ASM,2048,15516,15516
ReforzarBrillo,ASM,2048,14498,14498
ReforzarBrillo,ASM,2048,16328,16328
ReforzarBrillo,ASM,2048,14320,14320
ReforzarBrillo,ASM,2048,15772,15772
ReforzarBrillo,ASM,2048,14268,14268
ReforzarBrillo,ASM,2048,15606,15606
ReforzarBrillo,ASM,2048,15034,15034
ReforzarBrillo,ASM,2048,17582,17582
ReforzarBrillo,ASM,2048,16190,16190
ReforzarBrillo,ASM,2048,24572,24572
ReforzarBrillo,ASM,2048,23220,23220
ReforzarBrillo,ASM,2048,25048,25048
ReforzarBrillo,ASM,2048,23658,23658
ReforzarBrillo,ASM,2048,24660,24660
ReforzarBrillo,ASM,2048,22840,22840
ReforzarBrillo,ASM,2048,25588,25588
ReforzarBrillo,ASM,2048,22742,22742
ReforzarBrillo,ASM,2048,24004,24004
ReforzarBrillo,ASM,2048,21624,21624
ReforzarBrillo,ASM,2048,62300,62300
ReforzarBrillo,ASM,2048,20450,20450
ReforzarBrillo,ASM,2048,22620,22620
ReforzarBrillo,ASM,2048,20348,20348
ReforzarBrillo,ASM,2048,22460,22460
ReforzarBrillo,ASM,8192,99068,99068
ReforzarBrillo,ASM,8192,96166,96166
ReforzarBrillo,ASM,8192,95408,95408
ReforzarBrillo,ASM,8192,84050,84050
ReforzarBrillo,ASM,8192,117354,117354
ReforzarBrillo,ASM,8192,136616,136616
ReforzarBrillo,ASM,8192,122232,122232
ReforzarBrillo,ASM,8192,109204,109204
ReforzarBrillo,ASM,8192,90116,90116
ReforzarBrillo,ASM,8192,124614,124614
ReforzarBrillo,ASM,8192,98848,98848
ReforzarBrillo,ASM,8192,89350,89350
ReforzarBrillo,ASM,8192,94612,94612
ReforzarBrillo,ASM,8192,80170,80170
ReforzarBrillo,ASM,8192,87724,87724
ReforzarBrillo,ASM,8192,80172,80172
ReforzarBrillo,ASM,8192,88158,88158
ReforzarBrillo,ASM,8192,78966,78966
ReforzarBrillo,ASM,8192,167178,167178
ReforzarBrillo,ASM,8192,119484,119484
ReforzarBrillo,ASM,8192,111314,111314
ReforzarBrillo,ASM,8192,99748,99748
ReforzarBrillo,ASM,8192,104376,104376
ReforzarBrillo,ASM,8192,98774,98774
ReforzarBrillo,ASM,8192,105760,105760
ReforzarBrillo,ASM,8192,86540,86540
ReforzarBrillo,ASM,8192,173474,173474
ReforzarBrillo,ASM,8192,107720,107720
ReforzarBrillo,ASM,8192,124320,124320
ReforzarBrillo,ASM,8192,108086,108086
ReforzarBrillo,ASM,8192,171668,171668
ReforzarBrillo,ASM,8192,138478,138478
ReforzarBrillo,ASM,8192,103810,103810
ReforzarBrillo,ASM,8192,177480,177480
ReforzarBrillo,ASM,8192,163194,163194
ReforzarBrillo,ASM,8192,181546,181546
ReforzarBrillo,ASM,8192,83114,83114
ReforzarBrillo,ASM,8192,162552,162552
ReforzarBrillo,ASM,8192,118350,118350
ReforzarBrillo,ASM,8192,103038,103038
ReforzarBrillo,ASM,8192,62272,62272
ReforzarBrillo,ASM,8192,55984,55984
ReforzarBrillo,ASM,8192,60966,60966
ReforzarBrillo,ASM,8192,55744,55744
ReforzarBrillo,ASM,8192,60976,60976
ReforzarBrillo,ASM,8192,55932,55932
ReforzarBrillo,ASM,8192,90524,90524
ReforzarBrillo,ASM,8192,63076,63076
ReforzarBrillo,ASM,8192,133404,133404
ReforzarBrillo,ASM,8192,65120,65120
ReforzarBrillo,ASM,8192,71410,71410
ReforzarBrillo,ASM,8192,65252,65252
ReforzarBrillo,ASM,8192,182376,182376
ReforzarBrillo,ASM,8192,64992,64992
ReforzarBrillo,ASM,8192,70900,70900
ReforzarBrillo,ASM,8192,64158,64158
ReforzarBrillo,ASM,8192,89992,89992
ReforzarBrillo,ASM,8192,108980,108980
ReforzarBrillo,ASM,8192,91350,91350
ReforzarBrillo,ASM,8192,63096,63096
ReforzarBrillo,ASM,8192,68340,68340
ReforzarBrillo,ASM,8192,62488,62488
ReforzarBrillo,ASM,8192,69184,69184
ReforzarBrillo,ASM,8192,83188,83188
ReforzarBrillo,ASM,8192,62164,62164
ReforzarBrillo,ASM,8192,68880,68880
ReforzarBrillo,ASM,8192,135216,135216
ReforzarBrillo,ASM,8192,99380,99380
ReforzarBrillo,ASM,8192,74462,74462
ReforzarBrillo,ASM,8192,68150,68150
ReforzarBrillo,ASM,8192,61806,61806
ReforzarBrillo,ASM,8192,56084,56084
ReforzarBrillo,ASM,8192,72860,72860
ReforzarBrillo,ASM,8192,56050,56050
ReforzarBrillo,ASM,8192,61728,61728
ReforzarBrillo,ASM,8192,55864,55864
ReforzarBrillo,ASM,8192,62010,62010
ReforzarBrillo,ASM,8192,56316,56316
ReforzarBrillo,ASM,8192,61692,61692
ReforzarBrillo,ASM,8192,55494,55494
ReforzarBrillo,ASM,8192,61444,61444
ReforzarBrillo,ASM,8192,55872,55872
ReforzarBrillo,ASM,8192,61442,61442
ReforzarBrillo,ASM,8192,102566,102566
ReforzarBrillo,ASM,8192,84046,84046
ReforzarBrillo,ASM,8192,77052,77052
ReforzarBrillo,ASM,8192,83862,83862
ReforzarBrillo,ASM,8192,75912,75912
ReforzarBrillo,ASM,8192,83332,83332
ReforzarBrillo,ASM,8192,111006,111006
ReforzarBrillo,ASM,8192,84532,84532
ReforzarBrillo,ASM,8192,77256,77256
ReforzarBrillo,ASM,8192,84604,84604
ReforzarBrillo,ASM,8192,76312,76312
ReforzarBrillo,ASM,8192,83722,83722
ReforzarBrillo,ASM,8192,75668,75668
ReforzarBrillo,ASM,8192,84404,84404
ReforzarBrillo,ASM,8192,76498,76498
ReforzarBrillo,ASM,8192,83562,83562
ReforzarBrillo,ASM,8192,75510,75510
ReforzarBrillo,ASM,8192,82876,82876
ReforzarBrillo,ASM,8192,66476,66476
ReforzarBrillo,ASM,8192,73616,73616
ReforzarBrillo,ASM,8192,86684,86684
ReforzarBrillo,ASM,8192,74778,74778
ReforzarBrillo,ASM,8192,67872,67872
ReforzarBrillo,ASM,8192,74554,74554
ReforzarBrillo,ASM,8192,68418,68418
ReforzarBrillo,ASM,8192,74322,74322
ReforzarBrillo,ASM,8192,68224,68224
ReforzarBrillo,ASM,8192,73998,73998
ReforzarBrillo,ASM,8192,67902,67902
ReforzarBrillo,ASM,8192,73934,73934
ReforzarBrillo,ASM,8192,136000,136000
ReforzarBrillo,ASM,8192,149328,149328
ReforzarBrillo,ASM,8192,69676,69676
ReforzarBrillo,ASM,8192,75974,75974
ReforzarBrillo,ASM,8192,68180,68180
ReforzarBrillo,ASM,8192,67478,67478
ReforzarBrillo,ASM,8192,60682,60682
ReforzarBrillo,ASM,8192,158976,158976
ReforzarBrillo,ASM,8192,61282,61282
ReforzarBrillo,ASM,8192,67700,67700
ReforzarBrillo,ASM,8192,60682,60682
ReforzarBrillo,ASM,8192,67256,67256
ReforzarBrillo,ASM,8192,60154,60154
ReforzarBrillo,ASM,8192,101516,101516
ReforzarBrillo,ASM,8192,128572,128572
ReforzarBrillo,ASM,8192,67040,67040
ReforzarBrillo,ASM,8192,61236,61236
ReforzarBrillo,ASM,8192,66322,66322
ReforzarBrillo,ASM,8192,60804,60804
ReforzarBrillo,ASM,8192,70726,70726
ReforzarBrillo,ASM,8192,60056,60056
ReforzarBrillo,ASM,8192,66902,66902
ReforzarBrillo,ASM,8192,92204,92204
ReforzarBrillo,ASM,8192,64910,64910
ReforzarBrillo,ASM,8192,64296,64296
ReforzarBrillo,ASM,8192,72176,72176
ReforzarBrillo,ASM,8192,58000,58000
ReforzarBrillo,ASM,8192,113074,113074
ReforzarBrillo,ASM,8192,141658,141658
ReforzarBrillo,ASM,8192,136134,136134
ReforzarBrillo,ASM,8192,85024,85024
ReforzarBrillo,ASM,8192,87170,87170
ReforzarBrillo,ASM,8192,78974,78974
ReforzarBrillo,ASM,8192,93060,93060
ReforzarBrillo,ASM,8192,58526,58526
ReforzarBrillo,ASM,8192,63608,63608
ReforzarBrillo,ASM,8192,57552,57552
ReforzarBrillo,ASM,32768,338186,338186
ReforzarBrillo,ASM,32768,340772,340772
ReforzarBrillo,ASM,32768,363254,363254
ReforzarBrillo,ASM,32768,367034,367034
ReforzarBrillo,ASM,32768,401506,401506
ReforzarBrillo,ASM,32768,598416,598416
ReforzarBrillo,ASM,32768,282754,282754
ReforzarBrillo,ASM,32768,533268,533268
ReforzarBrillo,ASM,32768,251162,251162
ReforzarBrillo,ASM,32768,266104,266104
ReforzarBrillo,ASM,32768,252308,252308
ReforzarBrillo,ASM,32768,403316,403316
ReforzarBrillo,ASM,32768,540504,540504
ReforzarBrillo,ASM,32768,450228,450228
ReforzarBrillo,ASM,32768,306952,306952
ReforzarBrillo,ASM,32768,324322,324322
ReforzarBrillo,ASM,32768,307684,307684
ReforzarBrillo,ASM,32768,326310,326310
ReforzarBrillo,ASM,32768,271864,271864
ReforzarBrillo,ASM,32768,289836,289836
ReforzarBrillo,ASM,32768,273240,273240
ReforzarBrillo,ASM,32768,289090,289090
ReforzarBrillo,ASM,32768,327084,327084
ReforzarBrillo,ASM,32768,346896,346896
ReforzarBrillo,ASM,32768,327610,327610
ReforzarBrillo,ASM,32768,352470,352470
ReforzarBrillo,ASM,32768,326788,326788
ReforzarBrillo,ASM,32768,305070,305070
ReforzarBrillo,ASM,32768,287888,287888
ReforzarBrillo,ASM,32768,349462,349462
ReforzarBrillo,ASM,32768,287934,287934
ReforzarBrillo,ASM,32768,347380,347380
ReforzarBrillo,ASM,32768,326828,326828
ReforzarBrillo,ASM,32768,346810,346810
ReforzarBrillo,ASM,32768,328060,328060
ReforzarBrillo,ASM,32768,305684,305684
ReforzarBrillo,ASM,32768,289300,289300
ReforzarBrillo,ASM,32768,311906,311906
ReforzarBrillo,ASM,32768,342142,342142
ReforzarBrillo,ASM,32768,306228,306228
ReforzarBrillo,ASM,32768,410980,410980
ReforzarBrillo,ASM,32768,283074,283074
ReforzarBrillo,ASM,32768,326632,326632
ReforzarBrillo,ASM,32768,438278,438278
ReforzarBrillo,ASM,32768,397538,397538
ReforzarBrillo,ASM,32768,248716,248716
ReforzarBrillo,ASM,32768,459244,459244
ReforzarBrillo,ASM,32768,248766,248766
ReforzarBrillo,ASM,32768,364452,364452
ReforzarBrillo,ASM,32768,383730,383730
ReforzarBrillo,ASM,32768,362014,362014
ReforzarBrillo,ASM,32768,383712,383712
ReforzarBrillo,ASM,32768,316256,316256
ReforzarBrillo,ASM,32768,336410,336410
ReforzarBrillo,ASM,32768,315170,315170
ReforzarBrillo,ASM,32768,335198,335198
ReforzarBrillo,ASM,32768,448534,448534
ReforzarBrillo,ASM,32768,314418,314418
ReforzarBrillo,ASM,32768,296906,296906
ReforzarBrillo,ASM,32768,314862,314862
ReforzarBrillo,ASM,32768,296864,296864
ReforzarBrillo,ASM,32768,470204,470204
ReforzarBrillo,ASM,32768,464604,464604
ReforzarBrillo,ASM,32768,430342,430342
ReforzarBrillo,ASM,32768,260076,260076
ReforzarBrillo,ASM,32768,307374,307374
ReforzarBrillo,ASM,32768,370952,370952
ReforzarBrillo,ASM,32768,354278,354278
ReforzarBrillo,ASM,32768,266192,266192
ReforzarBrillo,ASM,32768,306078,306078
ReforzarBrillo,ASM,32768,312440,312440
ReforzarBrillo,ASM,32768,253804,253804
ReforzarBrillo,ASM,32768,239406,239406
ReforzarBrillo,ASM,32768,333980,333980
ReforzarBrillo,ASM,32768,346534,346534
ReforzarBrillo,ASM,32768,273614,273614
ReforzarBrillo,ASM,32768,359154,359154
ReforzarBrillo,ASM,32768,386838,386838
ReforzarBrillo,ASM,32768,536666,536666
ReforzarBrillo,ASM,32768,247710,247710
ReforzarBrillo,ASM,32768,297092,297092
ReforzarBrillo,ASM,32768,314354,314354
ReforzarBrillo,ASM,32768,453172,453172
ReforzarBrillo,ASM,32768,277470,277470
ReforzarBrillo,ASM,32768,227764,227764
ReforzarBrillo,ASM,32768,315214,315214
ReforzarBrillo,ASM,32768,321624,321624
ReforzarBrillo,ASM,32768,482598,482598
ReforzarBrillo,ASM,32768,485450,485450
ReforzarBrillo,ASM,32768,364622,364622
ReforzarBrillo,ASM,32768,335600,335600
ReforzarBrillo,ASM,32768,331168,331168
ReforzarBrillo,ASM,32768,472460,472460
ReforzarBrillo,ASM,32768,519444,519444
ReforzarBrillo,ASM,32768,492988,492988
ReforzarBrillo,ASM,32768,561392,561392
ReforzarBrillo,ASM,32768,419076,419076
ReforzarBrillo,ASM,32768,325406,325406
ReforzarBrillo,ASM,32768,352168,352168
ReforzarBrillo,ASM,32768,325018,325018
ReforzarBrillo,ASM,32768,289280,289280
ReforzarBrillo,ASM,32768,274570,274570
ReforzarBrillo,ASM,32768,328788,328788
ReforzarBrillo,ASM,32768,372712,372712
ReforzarBrillo,ASM,32768,352504,352504
ReforzarBrillo,ASM,32768,374126,374126
ReforzarBrillo,ASM,32768,350714,350714
ReforzarBrillo,ASM,32768,373348,373348
ReforzarBrillo,ASM,32768,308452,308452
ReforzarBrillo,ASM,32768,328624,328624
ReforzarBrillo,ASM,32768,306690,306690
ReforzarBrillo,ASM,32768,325152,325152
ReforzarBrillo,ASM,32768,307288,307288
ReforzarBrillo,ASM,32768,288224,288224
ReforzarBrillo,ASM,32768,476914,476914
ReforzarBrillo,ASM,32768,288196,288196
ReforzarBrillo,ASM,32768,328224,328224
ReforzarBrillo,ASM,32768,360136,360136
ReforzarBrillo,ASM,32768,362924,362924
ReforzarBrillo,ASM,32768,364946,364946
ReforzarBrillo,ASM,32768,339590,339590
ReforzarBrillo,ASM,32768,317184,317184
ReforzarBrillo,ASM,32768,297010,297010
ReforzarBrillo,ASM,32768,314448,314448
ReforzarBrillo,ASM,32768,475630,475630
ReforzarBrillo,ASM,32768,316364,316364
ReforzarBrillo,ASM,32768,265816,265816
ReforzarBrillo,ASM,32768,282384,282384
ReforzarBrillo,ASM,32768,330624,330624
ReforzarBrillo,ASM,32768,281216,281216
ReforzarBrillo,ASM,32768,298824,298824
ReforzarBrillo,ASM,32768,316526,316526
ReforzarBrillo,ASM,32768,298262,298262
ReforzarBrillo,ASM,32768,358468,358468
ReforzarBrillo,ASM,32768,265780,265780
ReforzarBrillo,ASM,32768,280976,280976
ReforzarBrillo,ASM,32768,265966,265966
ReforzarBrillo,ASM,32768,486476,486476
ReforzarBrillo,ASM,32768,266162,266162
ReforzarBrillo,ASM,32768,304192,304192
ReforzarBrillo,ASM,32768,413214,413214
ReforzarBrillo,ASM,32768,253866,253866
ReforzarBrillo,ASM,32768,238852,238852
ReforzarBrillo,ASM,32768,253572,253572
ReforzarBrillo,ASM,32768,358098,358098
ReforzarBrillo,ASM,32768,446302,446302
ReforzarBrillo,ASM,32768,630948,630948
ReforzarBrillo,ASM,32768,402432,402432
ReforzarBrillo,ASM,32768,411684,411684
ReforzarBrillo,ASM,32768,472180,472180
ReforzarBrillo,ASM,120000,1653742,1653742
ReforzarBrillo,ASM,120000,1106016,1106016
ReforzarBrillo,ASM,120000,1600264,1600264
ReforzarBrillo,ASM,120000,1165384,1165384
ReforzarBrillo,ASM,120000,1052978,1052978
ReforzarBrillo,ASM,120000,1412288,1412288
ReforzarBrillo,ASM,120000,1545688,1545688
ReforzarBrillo,ASM,120000,915122,915122
ReforzarBrillo,ASM,120000,901784,901784
ReforzarBrillo,ASM,120000,1687638,1687638
ReforzarBrillo,ASM,120000,1774758,1774758
ReforzarBrillo,ASM,120000,1129684,1129684
ReforzarBrillo,ASM,120000,1212258,1212258
ReforzarBrillo,ASM,120000,2022868,2022868
ReforzarBrillo,ASM,120000,1135306,1135306
ReforzarBrillo,ASM,120000,990898,990898
ReforzarBrillo,ASM,120000,1043522,1043522
ReforzarBrillo,ASM,120000,1214760,1214760
ReforzarBrillo,ASM,120000,988170,988170
ReforzarBrillo,ASM,120000,904946,904946
ReforzarBrillo,ASM,120000,1178700,1178700
ReforzarBrillo,ASM,120000,1038812,1038812
ReforzarBrillo,ASM,120000,1040168,1040168
ReforzarBrillo,ASM,120000,908472,908472
ReforzarBrillo,ASM,120000,1567318,1567318
ReforzarBrillo,ASM,120000,1107508,1107508
ReforzarBrillo,ASM,120000,1024484,1024484
ReforzarBrillo,ASM,120000,1054090,1054090
ReforzarBrillo,ASM,120000,1857224,1857224
ReforzarBrillo,ASM,120000,1040564,1040564
ReforzarBrillo,ASM,120000,928068,928068
ReforzarBrillo,ASM,120000,998684,998684
ReforzarBrillo,ASM,120000,986168,986168
ReforzarBrillo,ASM,120000,858230,858230
ReforzarBrillo,ASM,120000,980880,980880
ReforzarBrillo,ASM,120000,984586,984586
ReforzarBrillo,ASM,120000,1703926,1703926
ReforzarBrillo,ASM,120000,950364,950364
ReforzarBrillo,ASM,120000,929100,929100
ReforzarBrillo,ASM,120000,838084,838084
ReforzarBrillo,ASM,120000,1018448,1018448
ReforzarBrillo,ASM,120000,1285360,1285360
ReforzarBrillo,ASM,120000,902864,902864
ReforzarBrillo,ASM,120000,1708254,1708254
ReforzarBrillo,ASM,120000,1356586,1356586
ReforzarBrillo,ASM,120000,1079488,1079488
ReforzarBrillo,ASM,120000,1355834,1355834
ReforzarBrillo,ASM,120000,1521394,1521394
ReforzarBrillo,ASM,120000,1157464,1157464
ReforzarBrillo,ASM,120000,1015180,1015180
ReforzarBrillo,ASM,120000,1952290,1952290
ReforzarBrillo,ASM,120000,948296,948296
ReforzarBrillo,ASM,120000,1075170,1075170
ReforzarBrillo,ASM,120000,1048910,1048910
ReforzarBrillo,ASM,120000,2241162,2241162
ReforzarBrillo,ASM,120000,933714,933714
ReforzarBrillo,ASM,120000,1284134,1284134
ReforzarBrillo,ASM,120000,1790728,1790728
ReforzarBrillo,ASM,120000,1198490,1198490
ReforzarBrillo,ASM,120000,1140240,1140240
ReforzarBrillo,ASM,120000,903048,903048
ReforzarBrillo,ASM,120000,924658,924658
ReforzarBrillo,ASM,120000,1026148,1026148
ReforzarBrillo,ASM,120000,1091424,1091424
ReforzarBrillo,ASM,120000,1275916,1275916
ReforzarBrillo,ASM,120000,1415720,1415720
ReforzarBrillo,ASM,120000,1432788,1432788
ReforzarBrillo,ASM,120000,1271722,1271722
ReforzarBrillo,ASM,120000,1245986,1245986
ReforzarBrillo,ASM,120000,1179102,1179102
ReforzarBrillo,ASM,120000,1123586,1123586
ReforzarBrillo,ASM,120000,2135404,2135404
ReforzarBrillo,ASM,120000,2139984,2139984
ReforzarBrillo,ASM,120000,910658,910658
ReforzarBrillo,ASM,120000,823994,823994
ReforzarBrillo,ASM,120000,815822,815822
ReforzarBrillo,ASM,120000,1128128,1128128
ReforzarBrillo,ASM,120000,1488328,1488328
ReforzarBrillo,ASM,120000,778606,778606
ReforzarBrillo,ASM,120000,1791382,1791382
ReforzarBrillo,ASM,120000,912560,912560
ReforzarBrillo,ASM,120000,905780,905780
ReforzarBrillo,ASM,120000,904700,904700
ReforzarBrillo,ASM,120000,937840,937840
ReforzarBrillo,ASM,120000,960582,960582
ReforzarBrillo,ASM,120000,1254034,1254034
ReforzarBrillo,ASM,120000,1186136,1186136
ReforzarBrillo,ASM,120000,1881848,1881848
ReforzarBrillo,ASM,120000,1037544,1037544
ReforzarBrillo,ASM,120000,1263312,1263312
ReforzarBrillo,ASM,120000,967550,967550
ReforzarBrillo,ASM,120000,957162,957162
ReforzarBrillo,ASM,120000,976824,976824
ReforzarBrillo,ASM,120000,1274548,1274548
ReforzarBrillo,ASM,120000,1839018,1839018
ReforzarBrillo,ASM,120000,1103538,1103538
ReforzarBrillo,ASM,120000,998344,998344
ReforzarBrillo,ASM,120000,969314,969314
ReforzarBrillo,ASM,120000,1075346,1075346
ReforzarBrillo,ASM,120000,1111758,1111758
ReforzarBrillo,ASM,120000,956396,956396
ReforzarBrillo,ASM,120000,874990,874990
ReforzarBrillo,ASM,120000,872712,872712
ReforzarBrillo,ASM,120000,1171538,1171538
ReforzarBrillo,ASM,120000,1686908,1686908
ReforzarBrillo,ASM,120000,1618104,1618104
ReforzarBrillo,ASM,120000,1170052,1170052
ReforzarBrillo,ASM,120000,1030538,1030538
ReforzarBrillo,ASM,120000,1335784,1335784
ReforzarBrillo,ASM,120000,874156,874156
ReforzarBrillo,ASM,120000,857942,857942
ReforzarBrillo,ASM,120000,1114906,1114906
ReforzarBrillo,ASM,120000,1087620,1087620
ReforzarBrillo,ASM,120000,1550396,1550396
ReforzarBrillo,ASM,120000,850806,850806
ReforzarBrillo,ASM,120000,1152184,1152184
ReforzarBrillo,ASM,120000,1069978,1069978
ReforzarBrillo,ASM,120000,1331784,1331784
ReforzarBrillo,ASM,120000,983936,983936
ReforzarBrillo,ASM,120000,1491814,1491814
ReforzarBrillo,ASM,120000,1210668,1210668
ReforzarBrillo,ASM,120000,1151606,1151606
ReforzarBrillo,ASM,120000,903464,903464
ReforzarBrillo,ASM,120000,1285510,1285510
ReforzarBrillo,ASM,120000,989130,989130
ReforzarBrillo,ASM,120000,1122004,1122004
ReforzarBrillo,ASM,120000,1142384,1142384
ReforzarBrillo,ASM,120000,1114456,1114456
ReforzarBrillo,ASM,120000,1284980,1284980
ReforzarBrillo,ASM,120000,892690,892690
ReforzarBrillo,ASM,120000,776088,776088
ReforzarBrillo,ASM,120000,1699834,1699834
ReforzarBrillo,ASM,120000,1054668,1054668
ReforzarBrillo,ASM,120000,933184,933184
ReforzarBrillo,ASM,120000,908020,908020
ReforzarBrillo,ASM,120000,836602,836602
ReforzarBrillo,ASM,120000,1155302,1155302
ReforzarBrillo,ASM,120000,989970,989970
ReforzarBrillo,ASM,120000,1066620,1066620
ReforzarBrillo,ASM,120000,1097258,1097258
ReforzarBrillo,ASM,120000,967226,967226
ReforzarBrillo,ASM,120000,1083922,1083922
ReforzarBrillo,ASM,120000,953920,953920
ReforzarBrillo,ASM,120000,1001088,1001088
ReforzarBrillo,ASM,120000,956020,956020
ReforzarBrillo,ASM,120000,926502,926502
ReforzarBrillo,ASM,120000,1114950,1114950
ReforzarBrillo,ASM,120000,1393370,1393370
ReforzarBrillo,ASM,120000,1128108,1128108
ReforzarBrillo,ASM,120000,1169734,1169734
ReforzarBrillo,ASM,131072,1408440,1408440
ReforzarBrillo,ASM,131072,1518398,1518398
ReforzarBrillo,ASM,131072,1251950,1251950
ReforzarBrillo,ASM,131072,1677928,1677928
ReforzarBrillo,ASM,131072,1501534,1501534
ReforzarBrillo,ASM,131072,1684816,1684816
ReforzarBrillo,ASM,131072,1207632,1207632
ReforzarBrillo,ASM,131072,1475018,1475018
ReforzarBrillo,ASM,131072,812882,812882
ReforzarBrillo,ASM,131072,979064,979064
ReforzarBrillo,ASM,131072,1320544,1320544
ReforzarBrillo,ASM,131072,1322394,1322394
ReforzarBrillo,ASM,131072,1444924,1444924
ReforzarBrillo,ASM,131072,1513046,1513046
ReforzarBrillo,ASM,131072,1033958,1033958
ReforzarBrillo,ASM,131072,1298692,1298692
ReforzarBrillo,ASM,131072,1539680,1539680
ReforzarBrillo,ASM,131072,2086794,2086794
ReforzarBrillo,ASM,131072,1895630,1895630
ReforzarBrillo,ASM,131072,1945038,1945038
ReforzarBrillo,ASM,131072,1105684,1105684
ReforzarBrillo,ASM,131072,1261968,1261968
ReforzarBrillo,ASM,131072,1548148,1548148
ReforzarBrillo,ASM,131072,1408634,1408634
ReforzarBrillo,ASM,131072,1107618,1107618
ReforzarBrillo,ASM,131072,1118534,1118534
ReforzarBrillo,ASM,131072,1303590,1303590
ReforzarBrillo,ASM,131072,1306040,1306040
ReforzarBrillo,ASM,131072,1734054,1734054
ReforzarBrillo,ASM,131072,1692622,1692622
ReforzarBrillo,ASM,131072,1261306,1261306
ReforzarBrillo,ASM,131072,1622954,1622954
ReforzarBrillo,ASM,131072,1100462,1100462
ReforzarBrillo,ASM,131072,1361564,1361564
ReforzarBrillo,ASM,131072,1706408,1706408
ReforzarBrillo,ASM,131072,1947014,1947014
ReforzarBrillo,ASM,131072,1653532,1653532
ReforzarBrillo,ASM,131072,2155026,2155026
ReforzarBrillo,ASM,131072,1337862,1337862
ReforzarBrillo,ASM,131072,1105626,1105626
ReforzarBrillo,ASM,131072,1490902,1490902
ReforzarBrillo,ASM,131072,1439584,1439584
ReforzarBrillo,ASM,131072,1260690,1260690
ReforzarBrillo,ASM,131072,1452674,1452674
ReforzarBrillo,ASM,131072,1126368,1126368
ReforzarBrillo,ASM,131072,1383500,1383500
ReforzarBrillo,ASM,131072,1093804,1093804
ReforzarBrillo,ASM,131072,1380452,1380452
ReforzarBrillo,ASM,131072,811652,811652
ReforzarBrillo,ASM,131072,895196,895196
ReforzarBrillo,ASM,131072,1117080,1117080
ReforzarBrillo,ASM,131072,1100160,1100160
ReforzarBrillo,ASM,131072,920326,920326
ReforzarBrillo,ASM,131072,1038820,1038820
ReforzarBrillo,ASM,131072,1847392,1847392
ReforzarBrillo,ASM,131072,1135194,1135194
ReforzarBrillo,ASM,131072,1004514,1004514
ReforzarBrillo,ASM,131072,1013980,1013980
ReforzarBrillo,ASM,131072,891232,891232
ReforzarBrillo,ASM,131072,958318,958318
ReforzarBrillo,ASM,131072,1094106,1094106
ReforzarBrillo,ASM,131072,1189574,1189574
ReforzarBrillo,ASM,131072,1025866,1025866
ReforzarBrillo,ASM,131072,992724,992724
ReforzarBrillo,ASM,131072,1469570,1469570
ReforzarBrillo,ASM,131072,965252,965252
ReforzarBrillo,ASM,131072,981688,981688
ReforzarBrillo,ASM,131072,965438,965438
ReforzarBrillo,ASM,131072,878802,878802
ReforzarBrillo,ASM,131072,2036746,2036746
ReforzarBrillo,ASM,131072,1137786,1137786
ReforzarBrillo,ASM,131072,1103236,1103236
ReforzarBrillo,ASM,131072,1007586,1007586
ReforzarBrillo,ASM,131072,1063388,1063388
ReforzarBrillo,ASM,131072,1207260,1207260
ReforzarBrillo,ASM,131072,1352088,1352088
ReforzarBrillo,ASM,131072,1584304,1584304
ReforzarBrillo,ASM,131072,1172988,1172988
ReforzarBrillo,ASM,131072,1129302,1129302
ReforzarBrillo,ASM,131072,1326234,1326234
ReforzarBrillo,ASM,131072,1161042,1161042
ReforzarBrillo,ASM,131072,1467690,1467690
ReforzarBrillo,ASM,131072,1058872,1058872
ReforzarBrillo,ASM,131072,1108160,1108160
ReforzarBrillo,ASM,131072,813190,813190
ReforzarBrillo,ASM,131072,1002240,1002240
ReforzarBrillo,ASM,131072,1078272,1078272
ReforzarBrillo,ASM,131072,1286368,1286368
ReforzarBrillo,ASM,131072,971720,971720
ReforzarBrillo,ASM,131072,1762122,1762122
ReforzarBrillo,ASM,131072,1167518,1167518
ReforzarBrillo,ASM,131072,1272680,1272680
ReforzarBrillo,ASM,131072,999450,999450
ReforzarBrillo,ASM,131072,1346600,1346600
ReforzarBrillo,ASM,131072,887170,887170
ReforzarBrillo,ASM,131072,1444630,1444630
ReforzarBrillo,ASM,131072,1502466,1502466
ReforzarBrillo,ASM,131072,1125320,1125320
ReforzarBrillo,ASM,131072,924996,924996
ReforzarBrillo,ASM,131072,1252806,1252806
ReforzarBrillo,ASM,131072,1066420,1066420
ReforzarBrillo,ASM,131072,1421930,1421930
ReforzarBrillo,ASM,131072,949086,949086
ReforzarBrillo,ASM,131072,2587444,2587444
ReforzarBrillo,ASM,131072,1130118,1130118
ReforzarBrillo,ASM,131072,1111868,1111868
ReforzarBrillo,ASM,131072,899446,899446
ReforzarBrillo,ASM,131072,1121818,1121818
ReforzarBrillo,ASM,131072,1094694,1094694
ReforzarBrillo,ASM,131072,1241798,1241798
ReforzarBrillo,ASM,131072,1143602,1143602
ReforzarBrillo,ASM,131072,943766,943766
ReforzarBrillo,ASM,131072,884918,884918
ReforzarBrillo,ASM,131072,1289990,1289990
ReforzarBrillo,ASM,131072,1402284,1402284
ReforzarBrillo,ASM,131072,1015976,1015976
ReforzarBrillo,ASM,131072,1183412,1183412
ReforzarBrillo,ASM,131072,1261966,1261966
ReforzarBrillo,ASM,131072,1307630,1307630
ReforzarBrillo,ASM,131072,895422,895422
ReforzarBrillo,ASM,131072,1609310,1609310
ReforzarBrillo,ASM,131072,1095132,1095132
ReforzarBrillo,ASM,131072,1229452,1229452
ReforzarBrillo,ASM,131072,1169522,1169522
ReforzarBrillo,ASM,131072,1137840,1137840
ReforzarBrillo,ASM,131072,1291898,1291898
ReforzarBrillo,ASM,131072,1285592,1285592
ReforzarBrillo,ASM,131072,1422322,1422322
ReforzarBrillo,ASM,131072,1030896,1030896
ReforzarBrillo,ASM,131072,1013542,1013542
ReforzarBrillo,ASM,131072,832144,832144
ReforzarBrillo,ASM,131072,1271098,1271098
ReforzarBrillo,ASM,131072,1011970,1011970
ReforzarBrillo,ASM,131072,1102088,1102088
ReforzarBrillo,ASM,131072,1026268,1026268
ReforzarBrillo,ASM,131072,1177298,1177298
ReforzarBrillo,ASM,131072,948020,948020
ReforzarBrillo,ASM,131072,934910,934910
ReforzarBrillo,ASM,131072,905824,905824
ReforzarBrillo,ASM,131072,1796486,1796486
ReforzarBrillo,ASM,131072,1293720,1293720
ReforzarBrillo,ASM,131072,1241480,1241480
ReforzarBrillo,ASM,131072,1425672,1425672
ReforzarBrillo,ASM,131072,993954,993954
ReforzarBrillo,ASM,131072,1092578,1092578
ReforzarBrillo,ASM,131072,1082684,1082684
ReforzarBrillo,ASM,131072,1260124,1260124
ReforzarBrillo,ASM,131072,1166156,1166156
ReforzarBrillo,ASM,131072,1377594,1377594
ReforzarBrillo,ASM,131072,1285606,1285606
ReforzarBrillo,ASM,480000,3828560,3828560
ReforzarBrillo,ASM,480000,3813362,3813362
ReforzarBrillo,ASM,480000,6233292,6233292
ReforzarBrillo,ASM,480000,4102990,4102990
ReforzarBrillo,ASM,480000,4453858,4453858
ReforzarBrillo,ASM,480000,4033340,4033340
ReforzarBrillo,ASM,480000,4029320,4029320
ReforzarBrillo,ASM,480000,3362028,3362028
ReforzarBrillo,ASM,480000,3626762,3626762
ReforzarBrillo,ASM,480000,4642404,4642404
ReforzarBrillo,ASM,480000,3557730,3557730
ReforzarBrillo,ASM,480000,4065660,4065660
ReforzarBrillo,ASM,480000,3869068,3869068
ReforzarBrillo,ASM,480000,3163372,3163372
ReforzarBrillo,ASM,480000,3550692,3550692
ReforzarBrillo,ASM,480000,3725160,3725160
ReforzarBrillo,ASM,480000,3227268,3227268
ReforzarBrillo,ASM,480000,3016482,3016482
ReforzarBrillo,ASM,480000,4020926,4020926
ReforzarBrillo,ASM,480000,5742262,5742262
ReforzarBrillo,ASM,480000,4637756,4637756
ReforzarBrillo,ASM,480000,4207006,4207006
ReforzarBrillo,ASM,480000,3944854,3944854
ReforzarBrillo,ASM,480000,4337106,4337106
ReforzarBrillo,ASM,480000,4521332,4521332
ReforzarBrillo,ASM,480000,4218546,4218546
ReforzarBrillo,ASM,480000,3774500,3774500
ReforzarBrillo,ASM,480000,4443864,4443864
ReforzarBrillo,ASM,480000,3661656,3661656
ReforzarBrillo,ASM,480000,4762972,4762972
ReforzarBrillo,ASM,480000,4461464,4461464
ReforzarBrillo,ASM,480000,4228716,4228716
ReforzarBrillo,ASM,480000,5493388,5493388
ReforzarBrillo,ASM,480000,5678000,5678000
ReforzarBrillo,ASM,480000,3526474,3526474
ReforzarBrillo,ASM,480000,3295876,3295876
ReforzarBrillo,ASM,480000,4051542,4051542
ReforzarBrillo,ASM,480000,3917058,3917058
ReforzarBrillo,ASM,480000,4367242,4367242
ReforzarBrillo,ASM,480000,3451750,3451750
ReforzarBrillo,ASM,480000,3971732,3971732
ReforzarBrillo,ASM,480000,4483222,4483222
ReforzarBrillo,ASM,480000,3952696,3952696
ReforzarBrillo,ASM,480000,5501940,5501940
ReforzarBrillo,ASM,480000,3331218,3331218
ReforzarBrillo,ASM,480000,5671740,5671740
ReforzarBrillo,ASM,480000,3536938,3536938
ReforzarBrillo,ASM,480000,4025044,4025044
ReforzarBrillo,ASM,480000,4626274,4626274
ReforzarBrillo,ASM,480000,3832412,3832412
ReforzarBrillo,ASM,480000,4370890,4370890
ReforzarBrillo,ASM,480000,6999582,6999582
ReforzarBrillo,ASM,480000,4904784,4904784
ReforzarBrillo,ASM,480000,5651574,5651574
ReforzarBrillo,ASM,480000,4961936,4961936
ReforzarBrillo,ASM,480000,4222442,4222442
ReforzarBrillo,ASM,480000,5101016,5101016
ReforzarBrillo,ASM,480000,3635514,3635514
ReforzarBrillo,ASM,480000,3903524,3903524
ReforzarBrillo,ASM,480000,3391460,3391460
ReforzarBrillo,ASM,480000,3900236,3900236
ReforzarBrillo,ASM,480000,4189218,4189218
ReforzarBrillo,ASM,480000,5535672,5535672
ReforzarBrillo,ASM,480000,4310386,4310386
ReforzarBrillo,ASM,480000,3895008,3895008
ReforzarBrillo,ASM,480000,3784132,3784132
ReforzarBrillo,ASM,480000,3521148,3521148
ReforzarBrillo,ASM,480000,4016156,4016156
ReforzarBrillo,ASM,480000,4722048,4722048
ReforzarBrillo,ASM,480000,3769082,3769082
ReforzarBrillo,ASM,480000,4171214,4171214
ReforzarBrillo,ASM,480000,3777574,3777574
ReforzarBrillo,ASM,480000,3422162,3422162
ReforzarBrillo,ASM,480000,4429076,4429076
ReforzarBrillo,ASM,480000,3859850,3859850
ReforzarBrillo,ASM,480000,4313394,4313394
ReforzarBrillo,ASM,480000,3842758,3842758
ReforzarBrillo,ASM,480000,5739154,5739154
ReforzarBrillo,ASM,480000,5724970,5724970
ReforzarBrillo,ASM,480000,3663848,3663848
ReforzarBrillo,ASM,480000,5762746,5762746
ReforzarBrillo,ASM,480000,4249482,4249482
ReforzarBrillo,ASM,480000,4413192,4413192
ReforzarBrillo,ASM,480000,3670790,3670790
ReforzarBrillo,ASM,480000,4857312,4857312
ReforzarBrillo,ASM,480000,3089718,3089718
ReforzarBrillo,ASM,480000,3247014,3247014
ReforzarBrillo,ASM,480000,3938614,3938614
ReforzarBrillo,ASM,480000,3354674,3354674
ReforzarBrillo,ASM,480000,3947918,3947918
ReforzarBrillo,ASM,480000,3766542,3766542
ReforzarBrillo,ASM,480000,4916134,4916134
ReforzarBrillo,ASM,480000,3803114,3803114
ReforzarBrillo,ASM,480000,4856334,4856334
ReforzarBrillo,ASM,480000,4202012,4202012
ReforzarBrillo,ASM,480000,4442060,4442060
ReforzarBrillo,ASM,480000,4288892,4288892
ReforzarBrillo,ASM,480000,4122226,4122226
ReforzarBrillo,ASM,480000,4363858,4363858
ReforzarBrillo,ASM,480000,5463366,5463366
ReforzarBrillo,ASM,480000,5455146,5455146
ReforzarBrillo,ASM,480000,5064546,5064546
ReforzarBrillo,ASM,480000,3947542,3947542
ReforzarBrillo,ASM,480000,4092208,4092208
ReforzarBrillo,ASM,480000,4672708,4672708
ReforzarBrillo,ASM,480000,4374178,4374178
ReforzarBrillo,ASM,480000,3762878,3762878
ReforzarBrillo,ASM,480000,3954002,3954002
ReforzarBrillo,ASM,480000,3913164,3913164
ReforzarBrillo,ASM,480000,4169316,4169316
ReforzarBrillo,ASM,480000,5319182,5319182
ReforzarBrillo,ASM,480000,3518484,3518484
ReforzarBrillo,ASM,480000,4143230,4143230
ReforzarBrillo,ASM,480000,4040864,4040864
ReforzarBrillo,ASM,480000,4535848,4535848
ReforzarBrillo,ASM,480000,4026012,4026012
ReforzarBrillo,ASM,480000,5554828,5554828
ReforzarBrillo,ASM,480000,4802410,4802410
ReforzarBrillo,ASM,480000,3957888,3957888
ReforzarBrillo,ASM,480000,4044034,4044034
ReforzarBrillo,ASM,480000,4196484,4196484
ReforzarBrillo,ASM,480000,4280904,4280904
ReforzarBrillo,ASM,480000,3475228,3475228
ReforzarBrillo,ASM,480000,4577356,4577356
ReforzarBrillo,ASM,480000,3640340,3640340
ReforzarBrillo,ASM,480000,3471484,3471484
ReforzarBrillo,ASM,480000,3886218,3886218
ReforzarBrillo,ASM,480000,3960394,3960394
ReforzarBrillo,ASM,480000,6410264,6410264
ReforzarBrillo,ASM,480000,3288290,3288290
ReforzarBrillo,ASM,480000,4181926,4181926
ReforzarBrillo,ASM,480000,3717872,3717872
ReforzarBrillo,ASM,480000,3766476,3766476
ReforzarBrillo,ASM,480000,3961760,3961760
ReforzarBrillo,ASM,480000,4063558,4063558
ReforzarBrillo,ASM,480000,5375842,5375842
ReforzarBrillo,ASM,480000,5457142,5457142
ReforzarBrillo,ASM,480000,5549828,5549828
ReforzarBrillo,ASM,480000,6311530,6311530
ReforzarBrillo,ASM,480000,4483938,4483938
ReforzarBrillo,ASM,480000,5707312,5707312
ReforzarBrillo,ASM,480000,3994298,3994298
ReforzarBrillo,ASM,480000,3387780,3387780
ReforzarBrillo,ASM,480000,2958148,2958148
ReforzarBrillo,ASM,480000,3743768,3743768
ReforzarBrillo,ASM,480000,3264312,3264312
ReforzarBrillo,ASM,480000,3466168,3466168
ReforzarBrillo,ASM,480000,3470906,3470906
ReforzarBrillo,ASM,480000,3397706,3397706
ReforzarBrillo,ASM,480000,3858222,3858222
ReforzarBrillo,ASM,1920000,13426202,13426202
ReforzarBrillo,ASM,1920000,17114758,17114758
ReforzarBrillo,ASM,1920000,16537284,16537284
ReforzarBrillo,ASM,1920000,16883818,16883818
ReforzarBrillo,ASM,1920000,14219210,14219210
ReforzarBrillo,ASM,1920000,16495726,16495726
ReforzarBrillo,ASM,1920000,12592116,12592116
ReforzarBrillo,ASM,1920000,16794676,16794676
ReforzarBrillo,ASM,1920000,12125710,12125710
ReforzarBrillo,ASM,1920000,16722642,16722642
ReforzarBrillo,ASM,1920000,15201712,15201712
ReforzarBrillo,ASM,1920000,17491008,17491008
ReforzarBrillo,ASM,1920000,19408098,19408098
ReforzarBrillo,ASM,1920000,16837722,16837722
ReforzarBrillo,ASM,1920000,14762062,14762062
ReforzarBrillo,ASM,1920000,16412982,16412982
ReforzarBrillo,ASM,1920000,13734528,13734528
ReforzarBrillo,ASM,1920000,15128580,15128580
ReforzarBrillo,ASM,1920000,14268326,14268326
ReforzarBrillo,ASM,1920000,17006220,17006220
ReforzarBrillo,ASM,1920000,13916550,13916550
ReforzarBrillo,ASM,1920000,16110610,16110610
ReforzarBrillo,ASM,1920000,14616888,14616888
ReforzarBrillo,ASM,1920000,16307748,16307748
ReforzarBrillo,ASM,1920000,18761862,18761862
ReforzarBrillo,ASM,1920000,15573950,15573950
ReforzarBrillo,ASM,1920000,12269044,12269044
ReforzarBrillo,ASM,1920000,14345842,14345842
ReforzarBrillo,ASM,1920000,13842988,13842988
ReforzarBrillo,ASM,1920000,15879358,15879358
ReforzarBrillo,ASM,1920000,14712668,14712668
ReforzarBrillo,ASM,1920000,19456492,19456492
ReforzarBrillo,ASM,1920000,15318956,15318956
ReforzarBrillo,ASM,1920000,15646078,15646078
ReforzarBrillo,ASM,1920000,14468570,14468570
ReforzarBrillo,ASM,1920000,15475632,15475632
ReforzarBrillo,ASM,1920000,12793454,12793454
ReforzarBrillo,ASM,1920000,16777680,16777680
ReforzarBrillo,ASM,1920000,15069364,15069364
ReforzarBrillo,ASM,1920000,16703470,16703470
ReforzarBrillo,ASM,1920000,14316998,14316998
ReforzarBrillo,ASM,1920000,14630224,14630224
ReforzarBrillo,ASM,1920000,13585126,13585126
ReforzarBrillo,ASM,1920000,18535370,18535370
ReforzarBrillo,ASM,1920000,13237110,13237110
ReforzarBrillo,ASM,1920000,13933578,13933578
ReforzarBrillo,ASM,1920000,13026860,13026860
ReforzarBrillo,ASM,1920000,14343466,14343466
ReforzarBrillo,ASM,1920000,16468234,16468234
ReforzarBrillo,ASM,1920000,19152784,19152784
ReforzarBrillo,ASM,1920000,13535048,13535048
ReforzarBrillo,ASM,1920000,16931854,16931854
ReforzarBrillo,ASM,1920000,18689856,18689856
ReforzarBrillo,ASM,1920000,14231126,14231126
ReforzarBrillo,ASM,1920000,14166240,14166240
ReforzarBrillo,ASM,1920000,15203824,15203824
ReforzarBrillo,ASM,1920000,13808452,13808452
ReforzarBrillo,ASM,1920000,15939788,15939788
ReforzarBrillo,ASM,1920000,13091976,13091976
ReforzarBrillo,ASM,1920000,16220458,16220458
ReforzarBrillo,ASM,1920000,14320990,14320990
ReforzarBrillo,ASM,1920000,15935052,15935052
ReforzarBrillo,ASM,1920000,14528606,14528606
ReforzarBrillo,ASM,1920000,21171996,21171996
ReforzarBrillo,ASM,1920000,16002814,16002814
ReforzarBrillo,ASM,1920000,15594008,15594008
ReforzarBrillo,ASM,1920000,17004656,17004656
ReforzarBrillo,ASM,1920000,14872302,14872302
ReforzarBrillo,ASM,1920000,12676976,12676976
ReforzarBrillo,ASM,1920000,18566298,18566298
ReforzarBrillo,ASM,1920000,14166032,14166032
ReforzarBrillo,ASM,1920000,17358850,17358850
ReforzarBrillo,ASM,1920000,15338390,15338390
ReforzarBrillo,ASM,1920000,18296434,18296434
ReforzarBrillo,ASM,1920000,16840636,16840636
ReforzarBrillo,ASM,1920000,18127478,18127478
ReforzarBrillo,ASM,1920000,15903854,15903854
ReforzarBrillo,ASM,1920000,19917200,19917200
ReforzarBrillo,ASM,1920000,14096412,14096412
ReforzarBrillo,ASM,1920000,15863048,15863048
ReforzarBrillo,ASM,1920000,13782050,13782050
ReforzarBrillo,ASM,1920000,14470296,14470296
ReforzarBrillo,ASM,1920000,14516796,14516796
ReforzarBrillo,ASM,1920000,16147872,16147872
ReforzarBrillo,ASM,1920000,13454566,13454566
ReforzarBrillo,ASM,1920000,16105250,16105250
ReforzarBrillo,ASM,1920000,16000734,16000734
ReforzarBrillo,ASM,1920000,18320670,18320670
ReforzarBrillo,ASM,1920000,16227728,16227728
ReforzarBrillo,ASM,1920000,20542138,20542138
ReforzarBrillo,ASM,1920000,13172708,13172708
ReforzarBrillo,ASM,1920000,18402706,18402706
ReforzarBrillo,ASM,1920000,21354774,21354774
ReforzarBrillo,ASM,1920000,18378574,18378574
ReforzarBrillo,ASM,1920000,15466696,15466696
ReforzarBrillo,ASM,1920000,21925314,21925314
ReforzarBrillo,ASM,1920000,17713560,17713560
ReforzarBrillo,ASM,1920000,19621896,19621896
ReforzarBrillo,ASM,1920000,13771852,13771852
ReforzarBrillo,ASM,1920000,14944872,14944872
ReforzarBrillo,ASM,1920000,12761080,12761080
ReforzarBrillo,ASM,1920000,15278718,15278718
ReforzarBrillo,ASM,1920000,16172972,16172972
ReforzarBrillo,ASM,1920000,18898670,18898670
ReforzarBrillo,ASM,1920000,16668922,16668922
ReforzarBrillo,ASM,1920000,16421098,16421098
ReforzarBrillo,ASM,1920000,19468200,19468200
ReforzarBrillo,ASM,1920000,14664608,14664608
ReforzarBrillo,ASM,1920000,15425568,15425568
ReforzarBrillo,ASM,1920000,17467020,17467020
ReforzarBrillo,ASM,1920000,14620110,14620110
ReforzarBrillo,ASM,1920000,15523974,15523974
ReforzarBrillo,ASM,1920000,13433506,13433506
ReforzarBrillo,ASM,1920000,16640100,16640100
ReforzarBrillo,ASM,1920000,13991956,13991956
ReforzarBrillo,ASM,1920000,18858428,18858428
ReforzarBrillo,ASM,1920000,20660542,20660542
ReforzarBrillo,ASM,1920000,19207746,19207746
ReforzarBrillo,ASM,1920000,13512254,13512254
ReforzarBrillo,ASM,1920000,17583942,17583942
ReforzarBrillo,ASM,1920000,13097276,13097276
ReforzarBrillo,ASM,1920000,15212360,15212360
ReforzarBrillo,ASM,1920000,16808456,16808456
ReforzarBrillo,ASM,1920000,13799566,13799566
ReforzarBrillo,ASM,1920000,12694438,12694438
ReforzarBrillo,ASM,1920000,16162036,16162036
ReforzarBrillo,ASM,1920000,14938940,14938940
ReforzarBrillo,ASM,1920000,16172190,16172190
ReforzarBrillo,ASM,1920000,14250818,14250818
ReforzarBrillo,ASM,1920000,17889942,17889942
ReforzarBrillo,ASM,1920000,14849682,14849682
ReforzarBrillo,ASM,1920000,16224180,16224180
ReforzarBrillo,ASM,1920000,15343700,15343700
ReforzarBrillo,ASM,1920000,16021918,16021918
ReforzarBrillo,ASM,1920000,15790882,15790882
ReforzarBrillo,ASM,1920000,17745080,17745080
ReforzarBrillo,ASM,1920000,16541828,16541828
ReforzarBrillo,ASM,1920000,14261182,14261182
ReforzarBrillo,ASM,1920000,16994062,16994062
ReforzarBrillo,ASM,1920000,16720502,16720502
ReforzarBrillo,ASM,1920000,13533532,13533532
ReforzarBrillo,ASM,1920000,19524044,19524044
ReforzarBrillo,ASM,1920000,14655070,14655070
ReforzarBrillo,ASM,1920000,17231832,17231832
ReforzarBrillo,ASM,1920000,15956358,15956358
ReforzarBrillo,ASM,1920000,16478336,16478336
ReforzarBrillo,ASM,1920000,18530730,18530730
ReforzarBrillo,ASM,1920000,18860136,18860136
ReforzarBrillo,ASM,1920000,13955854,13955854
ReforzarBrillo,ASM,1920000,15865078,15865078
ReforzarBrillo,C,512,37200,37200
ReforzarBrillo,C,512,32290,32290
ReforzarBrillo,C,512,29338,29338
ReforzarBrillo,C,512,28236,28236
ReforzarBrillo,C,512,27916,27916
ReforzarBrillo,C,512,27702,27702
ReforzarBrillo,C,512,27506,27506
ReforzarBrillo,C,512,27534,27534
ReforzarBrillo,C,512,27356,27356
ReforzarBrillo,C,512,27360,27360
ReforzarBrillo,C,512,27268,27268
ReforzarBrillo,C,512,27188,27188
ReforzarBrillo,C,512,27234,27234
ReforzarBrillo,C,512,27336,27336
ReforzarBrillo,C,512,27208,27208
ReforzarBrillo,C,512,27222,27222
ReforzarBrillo,C,512,27250,27250
ReforzarBrillo,C,512,27274,27274
ReforzarBrillo,C,512,27262,27262
ReforzarBrillo,C,512,27252,27252
ReforzarBrillo,C,512,31890,31890
ReforzarBrillo,C,512,27336,27336
ReforzarBrillo,C,512,33402,33402
ReforzarBrillo,C,512,27164,27164
ReforzarBrillo,C,512,27256,27256
ReforzarBrillo,C,512,71300,71300
ReforzarBrillo,C,512,26382,26382
ReforzarBrillo,C,512,26072,26072
ReforzarBrillo,C,512,26130,26130
ReforzarBrillo,C,512,26012,26012
ReforzarBrillo,C,512,26160,26160
ReforzarBrillo,C,512,26044,26044
ReforzarBrillo,C,512,26228,26228
ReforzarBrillo,C,512,26114,26114
ReforzarBrillo,C,512,26124,26124
ReforzarBrillo,C,512,25992,25992
ReforzarBrillo,C,512,26070,26070
ReforzarBrillo,C,512,26082,26082
ReforzarBrillo,C,512,26196,26196
ReforzarBrillo,C,512,25888,25888
ReforzarBrillo,C,512,26206,26206
ReforzarBrillo,C,512,25974,25974
ReforzarBrillo,C,512,26170,26170
ReforzarBrillo,C,512,26176,26176
ReforzarBrillo,C,512,26230,26230
ReforzarBrillo,C,512,26124,26124
ReforzarBrillo,C,512,26082,26082
ReforzarBrillo,C,512,40618,40618
ReforzarBrillo,C,512,26190,26190
ReforzarBrillo,C,512,25938,25938
ReforzarBrillo,C,512,26154,26154
ReforzarBrillo,C,512,26114,26114
ReforzarBrillo,C,512,26098,26098
ReforzarBrillo,C,512,27350,27350
ReforzarBrillo,C,512,27242,27242
ReforzarBrillo,C,512,27256,27256
ReforzarBrillo,C,512,27366,27366
ReforzarBrillo,C,512,27244,27244
ReforzarBrillo,C,512,27320,27320
ReforzarBrillo,C,512,27254,27254
ReforzarBrillo,C,512,27382,27382
ReforzarBrillo,C,512,27222,27222
ReforzarBrillo,C,512,27410,27410
ReforzarBrillo,C,512,27350,27350
ReforzarBrillo,C,512,27428,27428
ReforzarBrillo,C,512,27432,27432
ReforzarBrillo,C,512,43320,43320
ReforzarBrillo,C,512,38456,38456
ReforzarBrillo,C,512,39676,39676
ReforzarBrillo,C,512,45542,45542
ReforzarBrillo,C,512,32090,32090
ReforzarBrillo,C,512,27344,27344
ReforzarBrillo,C,512,27268,27268
ReforzarBrillo,C,512,27344,27344
ReforzarBrillo,C,512,27616,27616
ReforzarBrillo,C,512,27282,27282
ReforzarBrillo,C,512,27256,27256
ReforzarBrillo,C,512,27488,27488
ReforzarBrillo,C,512,27260,27260
ReforzarBrillo,C,512,27228,27228
ReforzarBrillo,C,512,27334,27334
ReforzarBrillo,C,512,27638,27638
ReforzarBrillo,C,512,34944,34944
ReforzarBrillo,C,512,28108,28108
ReforzarBrillo,C,512,28036,28036
ReforzarBrillo,C,512,27238,27238
ReforzarBrillo,C,512,27602,27602
ReforzarBrillo,C,512,28622,28622
ReforzarBrillo,C,512,27840,27840
ReforzarBrillo,C,512,27522,27522
ReforzarBrillo,C,512,27650,27650
ReforzarBrillo,C,512,27414,27414
ReforzarBrillo,C,512,27768,27768
ReforzarBrillo,C,512,27778,27778
ReforzarBrillo,C,512,27718,27718
ReforzarBrillo,C,512,27868,27868
ReforzarBrillo,C,512,28706,28706
ReforzarBrillo,C,512,28130,28130
ReforzarBrillo,C,512,29292,29292
ReforzarBrillo,C,512,29430,29430
ReforzarBrillo,C,512,27816,27816
ReforzarBrillo,C,512,28956,28956
ReforzarBrillo,C,512,32464,32464
ReforzarBrillo,C,512,27902,27902
ReforzarBrillo,C,512,44088,44088
ReforzarBrillo,C,512,27476,27476
ReforzarBrillo,C,512,43270,43270
ReforzarBrillo,C,512,30574,30574
ReforzarBrillo,C,512,34370,34370
ReforzarBrillo,C,512,35100,35100
ReforzarBrillo,C,512,43066,43066
ReforzarBrillo,C,512,38892,38892
ReforzarBrillo,C,512,38026,38026
ReforzarBrillo,C,512,32088,32088
ReforzarBrillo,C,512,27912,27912
ReforzarBrillo,C,512,27582,27582
ReforzarBrillo,C,512,27922,27922
ReforzarBrillo,C,512,27410,27410
ReforzarBrillo,C,512,27948,27948
ReforzarBrillo,C,512,27464,27464
ReforzarBrillo,C,512,27902,27902
ReforzarBrillo,C,512,27604,27604
ReforzarBrillo,C,512,27622,27622
ReforzarBrillo,C,512,37136,37136
ReforzarBrillo,C,512,27732,27732
ReforzarBrillo,C,512,27852,27852
ReforzarBrillo,C,512,27692,27692
ReforzarBrillo,C,512,38702,38702
ReforzarBrillo,C,512,28282,28282
ReforzarBrillo,C,512,32434,32434
ReforzarBrillo,C,512,27352,27352
ReforzarBrillo,C,512,41658,41658
ReforzarBrillo,C,512,27032,27032
ReforzarBrillo,C,512,26896,26896
ReforzarBrillo,C,512,27312,27312
ReforzarBrillo,C,512,27006,27006
ReforzarBrillo,C,512,26950,26950
ReforzarBrillo,C,512,26814,26814
ReforzarBrillo,C,512,47934,47934
ReforzarBrillo,C,512,48610,48610
ReforzarBrillo,C,512,90170,90170
ReforzarBrillo,C,512,45280,45280
ReforzarBrillo,C,512,45034,45034
ReforzarBrillo,C,512,42242,42242
ReforzarBrillo,C,512,45278,45278
ReforzarBrillo,C,512,45936,45936
ReforzarBrillo,C,512,45180,45180
ReforzarBrillo,C,512,47478,47478
ReforzarBrillo,C,512,47866,47866
ReforzarBrillo,C,512,47638,47638
ReforzarBrillo,C,2048,121072,121072
ReforzarBrillo,C,2048,111092,111092
ReforzarBrillo,C,2048,105790,105790
ReforzarBrillo,C,2048,102864,102864
ReforzarBrillo,C,2048,102144,102144
ReforzarBrillo,C,2048,101180,101180
ReforzarBrillo,C,2048,100916,100916
ReforzarBrillo,C,2048,99738,99738
ReforzarBrillo,C,2048,100308,100308
ReforzarBrillo,C,2048,99526,99526
ReforzarBrillo,C,2048,99722,99722
ReforzarBrillo,C,2048,99006,99006
ReforzarBrillo,C,2048,108700,108700
ReforzarBrillo,C,2048,99324,99324
ReforzarBrillo,C,2048,100182,100182
ReforzarBrillo,C,2048,99248,99248
ReforzarBrillo,C,2048,108192,108192
ReforzarBrillo,C,2048,107568,107568
ReforzarBrillo,C,2048,100746,100746
ReforzarBrillo,C,2048,106700,106700
ReforzarBrillo,C,2048,99196,99196
ReforzarBrillo,C,2048,99160,99160
ReforzarBrillo,C,2048,141354,141354
ReforzarBrillo,C,2048,102130,102130
ReforzarBrillo,C,2048,96602,96602
ReforzarBrillo,C,2048,157254,157254
ReforzarBrillo,C,2048,154646,154646
ReforzarBrillo,C,2048,133650,133650
ReforzarBrillo,C,2048,135892,135892
ReforzarBrillo,C,2048,139862,139862
ReforzarBrillo,C,2048,140816,140816
ReforzarBrillo,C,2048,154090,154090
ReforzarBrillo,C,2048,133076,133076
ReforzarBrillo,C,2048,131886,131886
ReforzarBrillo,C,2048,151472,151472
ReforzarBrillo,C,2048,202606,202606
ReforzarBrillo,C,2048,194772,194772
ReforzarBrillo,C,2048,199688,199688
ReforzarBrillo,C,2048,198614,198614
ReforzarBrillo,C,2048,198596,198596
ReforzarBrillo,C,2048,194656,194656
ReforzarBrillo,C,2048,203384,203384
ReforzarBrillo,C,2048,157964,157964
ReforzarBrillo,C,2048,125520,125520
ReforzarBrillo,C,2048,123600,123600
ReforzarBrillo,C,2048,122046,122046
ReforzarBrillo,C,2048,122242,122242
ReforzarBrillo,C,2048,121744,121744
ReforzarBrillo,C,2048,121846,121846
ReforzarBrillo,C,2048,121310,121310
ReforzarBrillo,C,2048,204634,204634
ReforzarBrillo,C,2048,172126,172126
ReforzarBrillo,C,2048,147986,147986
ReforzarBrillo,C,2048,98488,98488
ReforzarBrillo,C,2048,98984,98984
ReforzarBrillo,C,2048,97966,97966
ReforzarBrillo,C,2048,98914,98914
ReforzarBrillo,C,2048,98168,98168
ReforzarBrillo,C,2048,117190,117190
ReforzarBrillo,C,2048,91504,91504
ReforzarBrillo,C,2048,91772,91772
ReforzarBrillo,C,2048,91268,91268
ReforzarBrillo,C,2048,91532,91532
ReforzarBrillo,C,2048,91492,91492
ReforzarBrillo,C,2048,91510,91510
ReforzarBrillo,C,2048,91656,91656
ReforzarBrillo,C,2048,91978,91978
ReforzarBrillo,C,2048,98320,98320
ReforzarBrillo,C,2048,114598,114598
ReforzarBrillo,C,2048,98298,98298
ReforzarBrillo,C,2048,98304,98304
ReforzarBrillo,C,2048,97824,97824
ReforzarBrillo,C,2048,98210,98210
ReforzarBrillo,C,2048,98464,98464
ReforzarBrillo,C,2048,98566,98566
ReforzarBrillo,C,2048,98158,98158
ReforzarBrillo,C,2048,98670,98670
ReforzarBrillo,C,2048,98390,98390
ReforzarBrillo,C,2048,174516,174516
ReforzarBrillo,C,2048,82654,82654
ReforzarBrillo,C,2048,82960,82960
ReforzarBrillo,C,2048,82628,82628
ReforzarBrillo,C,2048,82908,82908
ReforzarBrillo,C,2048,82694,82694
ReforzarBrillo,C,2048,82856,82856
ReforzarBrillo,C,2048,75552,75552
ReforzarBrillo,C,2048,75858,75858
ReforzarBrillo,C,2048,75528,75528
ReforzarBrillo,C,2048,76242,76242
ReforzarBrillo,C,2048,75702,75702
ReforzarBrillo,C,2048,75996,75996
ReforzarBrillo,C,2048,75524,75524
ReforzarBrillo,C,2048,75920,75920
ReforzarBrillo,C,2048,75472,75472
ReforzarBrillo,C,2048,71970,71970
ReforzarBrillo,C,2048,67532,67532
ReforzarBrillo,C,2048,68046,68046
ReforzarBrillo,C,2048,67628,67628
ReforzarBrillo,C,2048,68000,68000
ReforzarBrillo,C,2048,67756,67756
ReforzarBrillo,C,2048,68200,68200
ReforzarBrillo,C,2048,67626,67626
ReforzarBrillo,C,2048,68174,68174
ReforzarBrillo,C,2048,68166,68166
ReforzarBrillo,C,2048,68088,68088
ReforzarBrillo,C,2048,67826,67826
ReforzarBrillo,C,2048,68120,68120
ReforzarBrillo,C,2048,68244,68244
ReforzarBrillo,C,2048,68166,68166
ReforzarBrillo,C,2048,67938,67938
ReforzarBrillo,C,2048,68142,68142
ReforzarBrillo,C,2048,77860,77860
ReforzarBrillo,C,2048,68152,68152
ReforzarBrillo,C,2048,67664,67664
ReforzarBrillo,C,2048,67958,67958
ReforzarBrillo,C,2048,71678,71678
ReforzarBrillo,C,2048,68366,68366
ReforzarBrillo,C,2048,67878,67878
ReforzarBrillo,C,2048,79552,79552
ReforzarBrillo,C,2048,136164,136164
ReforzarBrillo,C,2048,191582,191582
ReforzarBrillo,C,2048,141860,141860
ReforzarBrillo,C,2048,195904,195904
ReforzarBrillo,C,2048,110862,110862
ReforzarBrillo,C,2048,141488,141488
ReforzarBrillo,C,2048,94794,94794
ReforzarBrillo,C,2048,111464,111464
ReforzarBrillo,C,2048,132534,132534
ReforzarBrillo,C,2048,180390,180390
ReforzarBrillo,C,2048,77786,77786
ReforzarBrillo,C,2048,165990,165990
ReforzarBrillo,C,2048,141412,141412
ReforzarBrillo,C,2048,95046,95046
ReforzarBrillo,C,2048,75760,75760
ReforzarBrillo,C,2048,76228,76228
ReforzarBrillo,C,2048,75464,75464
ReforzarBrillo,C,2048,76122,76122
ReforzarBrillo,C,2048,76048,76048
ReforzarBrillo,C,2048,76434,76434
ReforzarBrillo,C,2048,75444,75444
ReforzarBrillo,C,2048,76144,76144
ReforzarBrillo,C,2048,75490,75490
ReforzarBrillo,C,2048,75948,75948
ReforzarBrillo,C,2048,75478,75478
ReforzarBrillo,C,2048,75866,75866
ReforzarBrillo,C,2048,75432,75432
ReforzarBrillo,C,2048,113228,113228
ReforzarBrillo,C,2048,69224,69224
ReforzarBrillo,C,2048,69748,69748
ReforzarBrillo,C,2048,69568,69568
ReforzarBrillo,C,8192,463188,463188
ReforzarBrillo,C,8192,448880,448880
ReforzarBrillo,C,8192,493900,493900
ReforzarBrillo,C,8192,546478,546478
ReforzarBrillo,C,8192,385858,385858
ReforzarBrillo,C,8192,384274,384274
ReforzarBrillo,C,8192,423872,423872
ReforzarBrillo,C,8192,425742,425742
ReforzarBrillo,C,8192,540578,540578
ReforzarBrillo,C,8192,538950,538950
ReforzarBrillo,C,8192,538092,538092
ReforzarBrillo,C,8192,612820,612820
ReforzarBrillo,C,8192,523484,523484
ReforzarBrillo,C,8192,607746,607746
ReforzarBrillo,C,8192,374374,374374
ReforzarBrillo,C,8192,384286,384286
ReforzarBrillo,C,8192,391898,391898
ReforzarBrillo,C,8192,340874,340874
ReforzarBrillo,C,8192,420152,420152
ReforzarBrillo,C,8192,640146,640146
ReforzarBrillo,C,8192,620720,620720
ReforzarBrillo,C,8192,596378,596378
ReforzarBrillo,C,8192,457128,457128
ReforzarBrillo,C,8192,457814,457814
ReforzarBrillo,C,8192,456034,456034
ReforzarBrillo,C,8192,409330,409330
ReforzarBrillo,C,8192,372088,372088
ReforzarBrillo,C,8192,517874,517874
ReforzarBrillo,C,8192,460002,460002
ReforzarBrillo,C,8192,598870,598870
ReforzarBrillo,C,8192,598760,598760
ReforzarBrillo,C,8192,677692,677692
ReforzarBrillo,C,8192,464020,464020
ReforzarBrillo,C,8192,455846,455846
ReforzarBrillo,C,8192,423458,423458
ReforzarBrillo,C,8192,652548,652548
ReforzarBrillo,C,8192,438494,438494
ReforzarBrillo,C,8192,371762,371762
ReforzarBrillo,C,8192,369878,369878
ReforzarBrillo,C,8192,370038,370038
ReforzarBrillo,C,8192,369444,369444
ReforzarBrillo,C,8192,624194,624194
ReforzarBrillo,C,8192,465728,465728
ReforzarBrillo,C,8192,368090,368090
ReforzarBrillo,C,8192,368606,368606
ReforzarBrillo,C,8192,371846,371846
ReforzarBrillo,C,8192,370218,370218
ReforzarBrillo,C,8192,381272,381272
ReforzarBrillo,C,8192,371690,371690
ReforzarBrillo,C,8192,371790,371790
ReforzarBrillo,C,8192,371690,371690
ReforzarBrillo,C,8192,371314,371314
ReforzarBrillo,C,8192,371274,371274
ReforzarBrillo,C,8192,368754,368754
ReforzarBrillo,C,8192,404328,404328
ReforzarBrillo,C,8192,331622,331622
ReforzarBrillo,C,8192,331080,331080
ReforzarBrillo,C,8192,330118,330118
ReforzarBrillo,C,8192,329746,329746
ReforzarBrillo,C,8192,330682,330682
ReforzarBrillo,C,8192,330328,330328
ReforzarBrillo,C,8192,329900,329900
ReforzarBrillo,C,8192,331430,331430
ReforzarBrillo,C,8192,538310,538310
ReforzarBrillo,C,8192,648812,648812
ReforzarBrillo,C,8192,567822,567822
ReforzarBrillo,C,8192,442870,442870
ReforzarBrillo,C,8192,617408,617408
ReforzarBrillo,C,8192,351066,351066
ReforzarBrillo,C,8192,382062,382062
ReforzarBrillo,C,8192,329646,329646
ReforzarBrillo,C,8192,329508,329508
ReforzarBrillo,C,8192,296002,296002
ReforzarBrillo,C,8192,296296,296296
ReforzarBrillo,C,8192,632592,632592
ReforzarBrillo,C,8192,349502,349502
ReforzarBrillo,C,8192,404812,404812
ReforzarBrillo,C,8192,468720,468720
ReforzarBrillo,C,8192,439610,439610
ReforzarBrillo,C,8192,655446,655446
ReforzarBrillo,C,8192,699582,699582
ReforzarBrillo,C,8192,427140,427140
ReforzarBrillo,C,8192,409950,409950
ReforzarBrillo,C,8192,339814,339814
ReforzarBrillo,C,8192,374508,374508
ReforzarBrillo,C,8192,313864,313864
ReforzarBrillo,C,8192,311724,311724
ReforzarBrillo,C,8192,393672,393672
ReforzarBrillo,C,8192,377416,377416
ReforzarBrillo,C,8192,281840,281840
ReforzarBrillo,C,8192,381214,381214
ReforzarBrillo,C,8192,417004,417004
ReforzarBrillo,C,8192,282402,282402
ReforzarBrillo,C,8192,390364,390364
ReforzarBrillo,C,8192,282428,282428
ReforzarBrillo,C,8192,281692,281692
ReforzarBrillo,C,8192,281788,281788
ReforzarBrillo,C,8192,282752,282752
ReforzarBrillo,C,8192,280908,280908
ReforzarBrillo,C,8192,282758,282758
ReforzarBrillo,C,8192,280846,280846
ReforzarBrillo,C,8192,328020,328020
ReforzarBrillo,C,8192,474900,474900
ReforzarBrillo,C,8192,415650,415650
ReforzarBrillo,C,8192,456090,456090
ReforzarBrillo,C,8192,397650,397650
ReforzarBrillo,C,8192,401156,401156
ReforzarBrillo,C,8192,685396,685396
ReforzarBrillo,C,8192,397494,397494
ReforzarBrillo,C,8192,396840,396840
ReforzarBrillo,C,8192,396824,396824
ReforzarBrillo,C,8192,395316,395316
ReforzarBrillo,C,8192,396462,396462
ReforzarBrillo,C,8192,349520,349520
ReforzarBrillo,C,8192,461234,461234
ReforzarBrillo,C,8192,457932,457932
ReforzarBrillo,C,8192,457188,457188
ReforzarBrillo,C,8192,467088,467088
ReforzarBrillo,C,8192,421014,421014
ReforzarBrillo,C,8192,422064,422064
ReforzarBrillo,C,8192,423036,423036
ReforzarBrillo,C,8192,469602,469602
ReforzarBrillo,C,8192,446292,446292
ReforzarBrillo,C,8192,392840,392840
ReforzarBrillo,C,8192,368036,368036
ReforzarBrillo,C,8192,369934,369934
ReforzarBrillo,C,8192,419608,419608
ReforzarBrillo,C,8192,368182,368182
ReforzarBrillo,C,8192,369492,369492
ReforzarBrillo,C,8192,370460,370460
ReforzarBrillo,C,8192,473182,473182
ReforzarBrillo,C,8192,371032,371032
ReforzarBrillo,C,8192,369664,369664
ReforzarBrillo,C,8192,369222,369222
ReforzarBrillo,C,8192,660988,660988
ReforzarBrillo,C,8192,546368,546368
ReforzarBrillo,C,8192,461090,461090
ReforzarBrillo,C,8192,394952,394952
ReforzarBrillo,C,8192,463126,463126
ReforzarBrillo,C,8192,461422,461422
ReforzarBrillo,C,8192,472424,472424
ReforzarBrillo,C,8192,330982,330982
ReforzarBrillo,C,8192,562474,562474
ReforzarBrillo,C,8192,332040,332040
ReforzarBrillo,C,8192,342004,342004
ReforzarBrillo,C,8192,384612,384612
ReforzarBrillo,C,8192,416286,416286
ReforzarBrillo,C,8192,463480,463480
ReforzarBrillo,C,8192,409750,409750
ReforzarBrillo,C,8192,531498,531498
ReforzarBrillo,C,32768,2032716,2032716
ReforzarBrillo,C,32768,2167460,2167460
ReforzarBrillo,C,32768,1936546,1936546
ReforzarBrillo,C,32768,1247194,1247194
ReforzarBrillo,C,32768,1297364,1297364
ReforzarBrillo,C,32768,1121734,1121734
ReforzarBrillo,C,32768,1221182,1221182
ReforzarBrillo,C,32768,1714772,1714772
ReforzarBrillo,C,32768,1156682,1156682
ReforzarBrillo,C,32768,2153800,2153800
ReforzarBrillo,C,32768,2534816,2534816
ReforzarBrillo,C,32768,1139950,1139950
ReforzarBrillo,C,32768,1198086,1198086
ReforzarBrillo,C,32768,1991112,1991112
ReforzarBrillo,C,32768,1749212,1749212
ReforzarBrillo,C,32768,1757692,1757692
ReforzarBrillo,C,32768,2694732,2694732
ReforzarBrillo,C,32768,3045750,3045750
ReforzarBrillo,C,32768,2302114,2302114
ReforzarBrillo,C,32768,1898674,1898674
ReforzarBrillo,C,32768,2169972,2169972
ReforzarBrillo,C,32768,1638184,1638184
ReforzarBrillo,C,32768,1622764,1622764
ReforzarBrillo,C,32768,1620674,1620674
ReforzarBrillo,C,32768,1530816,1530816
ReforzarBrillo,C,32768,1956218,1956218
ReforzarBrillo,C,32768,2089666,2089666
ReforzarBrillo,C,32768,1566576,1566576
ReforzarBrillo,C,32768,1216538,1216538
ReforzarBrillo,C,32768,1350262,1350262
ReforzarBrillo,C,32768,1132702,1132702
ReforzarBrillo,C,32768,1524834,1524834
ReforzarBrillo,C,32768,2192872,2192872
ReforzarBrillo,C,32768,1947574,1947574
ReforzarBrillo,C,32768,1131952,1131952
ReforzarBrillo,C,32768,2079538,2079538
ReforzarBrillo,C,32768,1934492,1934492
ReforzarBrillo,C,32768,1637664,1637664
ReforzarBrillo,C,32768,1461946,1461946
ReforzarBrillo,C,32768,1461206,1461206
ReforzarBrillo,C,32768,1312346,1312346
ReforzarBrillo,C,32768,1503266,1503266
ReforzarBrillo,C,32768,1676890,1676890
ReforzarBrillo,C,32768,1153776,1153776
ReforzarBrillo,C,32768,1971928,1971928
ReforzarBrillo,C,32768,1615290,1615290
ReforzarBrillo,C,32768,2195572,2195572
ReforzarBrillo,C,32768,1177750,1177750
ReforzarBrillo,C,32768,1055646,1055646
ReforzarBrillo,C,32768,1296096,1296096
ReforzarBrillo,C,32768,2011796,2011796
ReforzarBrillo,C,32768,1935716,1935716
ReforzarBrillo,C,32768,1744924,1744924
ReforzarBrillo,C,32768,2059868,2059868
ReforzarBrillo,C,32768,1533468,1533468
ReforzarBrillo,C,32768,1631130,1631130
ReforzarBrillo,C,32768,1326318,1326318
ReforzarBrillo,C,32768,1341972,1341972
ReforzarBrillo,C,32768,1429672,1429672
ReforzarBrillo,C,32768,1609494,1609494
ReforzarBrillo,C,32768,1557462,1557462
ReforzarBrillo,C,32768,1185992,1185992
ReforzarBrillo,C,32768,1185084,1185084
ReforzarBrillo,C,32768,1969340,1969340
ReforzarBrillo,C,32768,1316284,1316284
ReforzarBrillo,C,32768,1590808,1590808
ReforzarBrillo,C,32768,1236002,1236002
ReforzarBrillo,C,32768,1226388,1226388
ReforzarBrillo,C,32768,1430440,1430440
ReforzarBrillo,C,32768,2092912,2092912
ReforzarBrillo,C,32768,2379464,2379464
ReforzarBrillo,C,32768,1337112,1337112
ReforzarBrillo,C,32768,1195368,1195368
ReforzarBrillo,C,32768,1820552,1820552
ReforzarBrillo,C,32768,1621494,1621494
ReforzarBrillo,C,32768,1473198,1473198
ReforzarBrillo,C,32768,1698044,1698044
ReforzarBrillo,C,32768,1053252,1053252
ReforzarBrillo,C,32768,1216700,1216700
ReforzarBrillo,C,32768,1528246,1528246
ReforzarBrillo,C,32768,1388038,1388038
ReforzarBrillo,C,32768,1259840,1259840
ReforzarBrillo,C,32768,1308484,1308484
ReforzarBrillo,C,32768,1937322,1937322
ReforzarBrillo,C,32768,1306094,1306094
ReforzarBrillo,C,32768,1297254,1297254
ReforzarBrillo,C,32768,1310848,1310848
ReforzarBrillo,C,32768,1356714,1356714
ReforzarBrillo,C,32768,1840726,1840726
ReforzarBrillo,C,32768,1619526,1619526
ReforzarBrillo,C,32768,1618332,1618332
ReforzarBrillo,C,32768,1619098,1619098
ReforzarBrillo,C,32768,1796854,1796854
ReforzarBrillo,C,32768,1466422,1466422
ReforzarBrillo,C,32768,1596586,1596586
ReforzarBrillo,C,32768,1561626,1561626
ReforzarBrillo,C,32768,1259964,1259964
ReforzarBrillo,C,32768,1258612,1258612
ReforzarBrillo,C,32768,1411042,1411042
ReforzarBrillo,C,32768,1421264,1421264
ReforzarBrillo,C,32768,1820222,1820222
ReforzarBrillo,C,32768,1205806,1205806
ReforzarBrillo,C,32768,2251798,2251798
ReforzarBrillo,C,32768,2139102,2139102
ReforzarBrillo,C,32768,1770190,1770190
ReforzarBrillo,C,32768,2612932,2612932
ReforzarBrillo,C,32768,1841632,1841632
ReforzarBrillo,C,32768,1532120,1532120
ReforzarBrillo,C,32768,1564680,1564680
ReforzarBrillo,C,32768,1549064,1549064
ReforzarBrillo,C,32768,1298010,1298010
ReforzarBrillo,C,32768,1716232,1716232
ReforzarBrillo,C,32768,1340150,1340150
ReforzarBrillo,C,32768,1337422,1337422
ReforzarBrillo,C,32768,1183502,1183502
ReforzarBrillo,C,32768,1193628,1193628
ReforzarBrillo,C,32768,1593602,1593602
ReforzarBrillo,C,32768,1208188,1208188
ReforzarBrillo,C,32768,1960214,1960214
ReforzarBrillo,C,32768,1504688,1504688
ReforzarBrillo,C,32768,1080494,1080494
ReforzarBrillo,C,32768,1621656,1621656
ReforzarBrillo,C,32768,1531212,1531212
ReforzarBrillo,C,32768,1644996,1644996
ReforzarBrillo,C,32768,2240804,2240804
ReforzarBrillo,C,32768,2005530,2005530
ReforzarBrillo,C,32768,1336514,1336514
ReforzarBrillo,C,32768,1661358,1661358
ReforzarBrillo,C,32768,1436912,1436912
ReforzarBrillo,C,32768,1240960,1240960
ReforzarBrillo,C,32768,1612892,1612892
ReforzarBrillo,C,32768,1556434,1556434
ReforzarBrillo,C,32768,1133118,1133118
ReforzarBrillo,C,32768,1608452,1608452
ReforzarBrillo,C,32768,2198132,2198132
ReforzarBrillo,C,32768,1762726,1762726
ReforzarBrillo,C,32768,1629886,1629886
ReforzarBrillo,C,32768,1988646,1988646
ReforzarBrillo,C,32768,2834158,2834158
ReforzarBrillo,C,32768,2056086,2056086
ReforzarBrillo,C,32768,2325952,2325952
ReforzarBrillo,C,32768,1866784,1866784
ReforzarBrillo,C,32768,1337934,1337934
ReforzarBrillo,C,32768,1324486,1324486
ReforzarBrillo,C,32768,1331536,1331536
ReforzarBrillo,C,32768,1330186,1330186
ReforzarBrillo,C,32768,1602000,1602000
ReforzarBrillo,C,32768,1312906,1312906
ReforzarBrillo,C,32768,2351414,2351414
ReforzarBrillo,C,32768,1434060,1434060
ReforzarBrillo,C,120000,9498808,9498808
ReforzarBrillo,C,120000,6264096,6264096
ReforzarBrillo,C,120000,10027654,10027654
ReforzarBrillo,C,120000,9587378,9587378
ReforzarBrillo,C,120000,6345514,6345514
ReforzarBrillo,C,120000,6572296,6572296
ReforzarBrillo,C,120000,5287602,5287602
ReforzarBrillo,C,120000,7805426,7805426
ReforzarBrillo,C,120000,5581060,5581060
ReforzarBrillo,C,120000,5302714,5302714
ReforzarBrillo,C,120000,5604212,5604212
ReforzarBrillo,C,120000,4982416,4982416
ReforzarBrillo,C,120000,6046270,6046270
ReforzarBrillo,C,120000,4706808,4706808
ReforzarBrillo,C,120000,4396578,4396578
ReforzarBrillo,C,120000,5453188,5453188
ReforzarBrillo,C,120000,5086962,5086962
ReforzarBrillo,C,120000,7234430,7234430
ReforzarBrillo,C,120000,5154102,5154102
ReforzarBrillo,C,120000,6411204,6411204
ReforzarBrillo,C,120000,5258636,5258636
ReforzarBrillo,C,120000,4070984,4070984
ReforzarBrillo,C,120000,7704574,7704574
ReforzarBrillo,C,120000,6191592,6191592
ReforzarBrillo,C,120000,4632994,4632994
ReforzarBrillo,C,120000,5219358,5219358
ReforzarBrillo,C,120000,5823268,5823268
ReforzarBrillo,C,120000,7303096,7303096
ReforzarBrillo,C,120000,4867280,4867280
ReforzarBrillo,C,120000,4912130,4912130
ReforzarBrillo,C,120000,7749384,7749384
ReforzarBrillo,C,120000,9566356,9566356
ReforzarBrillo,C,120000,5730726,5730726
ReforzarBrillo,C,120000,4920574,4920574
ReforzarBrillo,C,120000,6601980,6601980
ReforzarBrillo,C,120000,5600056,5600056
ReforzarBrillo,C,120000,7777676,7777676
ReforzarBrillo,C,120000,6196108,6196108
ReforzarBrillo,C,120000,6338776,6338776
ReforzarBrillo,C,120000,7128650,7128650
ReforzarBrillo,C,120000,8739120,8739120
ReforzarBrillo,C,120000,5563938,5563938
ReforzarBrillo,C,120000,4973644,4973644
ReforzarBrillo,C,120000,6860518,6860518
ReforzarBrillo,C,120000,5178048,5178048
ReforzarBrillo,C,120000,5796946,5796946
ReforzarBrillo,C,120000,6058658,6058658
ReforzarBrillo,C,120000,3927204,3927204
ReforzarBrillo,C,120000,6116008,6116008
ReforzarBrillo,C,120000,5414844,5414844
ReforzarBrillo,C,120000,4926772,4926772
ReforzarBrillo,C,120000,5764600,5764600
ReforzarBrillo,C,120000,4902150,4902150
ReforzarBrillo,C,120000,4571442,4571442
ReforzarBrillo,C,120000,7380632,7380632
ReforzarBrillo,C,120000,6374634,6374634
ReforzarBrillo,C,120000,5744740,5744740
ReforzarBrillo,C,120000,4264644,4264644
ReforzarBrillo,C,120000,5104820,5104820
ReforzarBrillo,C,120000,6482630,6482630
ReforzarBrillo,C,120000,6887546,6887546
ReforzarBrillo,C,120000,5938598,5938598
ReforzarBrillo,C,120000,6458382,6458382
ReforzarBrillo,C,120000,7787544,7787544
ReforzarBrillo,C,120000,5097726,5097726
ReforzarBrillo,C,120000,5050244,5050244
ReforzarBrillo,C,120000,6681452,6681452
ReforzarBrillo,C,120000,5075748,5075748
ReforzarBrillo,C,120000,6005338,6005338
ReforzarBrillo,C,120000,3972016,3972016
ReforzarBrillo,C,120000,5373840,5373840
ReforzarBrillo,C,120000,6361210,6361210
ReforzarBrillo,C,120000,5839358,5839358
ReforzarBrillo,C,120000,5952050,5952050
ReforzarBrillo,C,120000,3964924,3964924
ReforzarBrillo,C,120000,4637518,4637518
ReforzarBrillo,C,120000,4782186,4782186
ReforzarBrillo,C,120000,8184522,8184522
ReforzarBrillo,C,120000,5202444,5202444
ReforzarBrillo,C,120000,4602560,4602560
ReforzarBrillo,C,120000,5540052,5540052
ReforzarBrillo,C,120000,5481888,5481888
ReforzarBrillo,C,120000,8996434,8996434
ReforzarBrillo,C,120000,5564132,5564132
ReforzarBrillo,C,120000,5688560,5688560
ReforzarBrillo,C,120000,5234780,5234780
ReforzarBrillo,C,120000,8135116,8135116
ReforzarBrillo,C,120000,6826932,6826932
ReforzarBrillo,C,120000,5880406,5880406
ReforzarBrillo,C,120000,6258922,6258922
ReforzarBrillo,C,120000,6131682,6131682
ReforzarBrillo,C,120000,6308318,6308318
ReforzarBrillo,C,120000,5901264,5901264
ReforzarBrillo,C,120000,4799054,4799054
ReforzarBrillo,C,120000,6216382,6216382
ReforzarBrillo,C,120000,7830836,7830836
ReforzarBrillo,C,120000,5016626,5016626
ReforzarBrillo,C,120000,4820568,4820568
ReforzarBrillo,C,120000,4724598,4724598
ReforzarBrillo,C,120000,5065898,5065898
ReforzarBrillo,C,120000,4701038,4701038
ReforzarBrillo,C,120000,5448846,5448846
ReforzarBrillo,C,120000,5034110,5034110
ReforzarBrillo,C,120000,5231212,5231212
ReforzarBrillo,C,120000,5397382,5397382
ReforzarBrillo,C,120000,5163790,5163790
ReforzarBrillo,C,120000,5262468,5262468
ReforzarBrillo,C,120000,5604634,5604634
ReforzarBrillo,C,120000,5398404,5398404
ReforzarBrillo,C,120000,5125396,5125396
ReforzarBrillo,C,120000,5516656,5516656
ReforzarBrillo,C,120000,5723078,5723078
ReforzarBrillo,C,120000,4960766,4960766
ReforzarBrillo,C,120000,5424104,5424104
ReforzarBrillo,C,120000,4936576,4936576
ReforzarBrillo,C,120000,4597174,4597174
ReforzarBrillo,C,120000,4837856,4837856
ReforzarBrillo,C,120000,4832416,4832416
ReforzarBrillo,C,120000,5727270,5727270
ReforzarBrillo,C,120000,5050910,5050910
ReforzarBrillo,C,120000,4972286,4972286
ReforzarBrillo,C,120000,7531244,7531244
ReforzarBrillo,C,120000,5878454,5878454
ReforzarBrillo,C,120000,6920976,6920976
ReforzarBrillo,C,120000,4649810,4649810
ReforzarBrillo,C,120000,5025534,5025534
ReforzarBrillo,C,120000,5699482,5699482
ReforzarBrillo,C,120000,4875478,4875478
ReforzarBrillo,C,120000,4739460,4739460
ReforzarBrillo,C,120000,5700028,5700028
ReforzarBrillo,C,120000,4590854,4590854
ReforzarBrillo,C,120000,5995834,5995834
ReforzarBrillo,C,120000,4170692,4170692
ReforzarBrillo,C,120000,5464484,5464484
ReforzarBrillo,C,120000,5256036,5256036
ReforzarBrillo,C,120000,4068996,4068996
ReforzarBrillo,C,120000,6612336,6612336
ReforzarBrillo,C,120000,5024320,5024320
ReforzarBrillo,C,120000,4632170,4632170
ReforzarBrillo,C,120000,5322766,5322766
ReforzarBrillo,C,120000,4468728,4468728
ReforzarBrillo,C,120000,4544062,4544062
ReforzarBrillo,C,120000,6848876,6848876
ReforzarBrillo,C,120000,8426092,8426092
ReforzarBrillo,C,120000,8208864,8208864
ReforzarBrillo,C,120000,8637790,8637790
ReforzarBrillo,C,120000,4891078,4891078
ReforzarBrillo,C,120000,5574238,5574238
ReforzarBrillo,C,120000,5882942,5882942
ReforzarBrillo,C,120000,6319480,6319480
ReforzarBrillo,C,131072,12437590,12437590
ReforzarBrillo,C,131072,7422130,7422130
ReforzarBrillo,C,131072,6397014,6397014
ReforzarBrillo,C,131072,6054964,6054964
ReforzarBrillo,C,131072,5627890,5627890
ReforzarBrillo,C,131072,5430298,5430298
ReforzarBrillo,C,131072,5151716,5151716
ReforzarBrillo,C,131072,4592856,4592856
ReforzarBrillo,C,131072,4856492,4856492
ReforzarBrillo,C,131072,7293822,7293822
ReforzarBrillo,C,131072,5105692,5105692
ReforzarBrillo,C,131072,4607350,4607350
ReforzarBrillo,C,131072,5781014,5781014
ReforzarBrillo,C,131072,4782144,4782144
ReforzarBrillo,C,131072,6360694,6360694
ReforzarBrillo,C,131072,6429536,6429536
ReforzarBrillo,C,131072,8009550,8009550
ReforzarBrillo,C,131072,5369314,5369314
ReforzarBrillo,C,131072,7988984,7988984
ReforzarBrillo,C,131072,5170732,5170732
ReforzarBrillo,C,131072,4910072,4910072
ReforzarBrillo,C,131072,4659082,4659082
ReforzarBrillo,C,131072,5450574,5450574
ReforzarBrillo,C,131072,8681718,8681718
ReforzarBrillo,C,131072,5055330,5055330
ReforzarBrillo,C,131072,5849772,5849772
ReforzarBrillo,C,131072,6358884,6358884
ReforzarBrillo,C,131072,5798336,5798336
ReforzarBrillo,C,131072,5255666,5255666
ReforzarBrillo,C,131072,4840688,4840688
ReforzarBrillo,C,131072,6713732,6713732
ReforzarBrillo,C,131072,5093138,5093138
ReforzarBrillo,C,131072,5322396,5322396
ReforzarBrillo,C,131072,4727658,4727658
ReforzarBrillo,C,131072,5725064,5725064
ReforzarBrillo,C,131072,5856664,5856664
ReforzarBrillo,C,131072,4472782,4472782
ReforzarBrillo,C,131072,4576350,4576350
ReforzarBrillo,C,131072,6544022,6544022
ReforzarBrillo,C,131072,7409764,7409764
ReforzarBrillo,C,131072,5598140,5598140
ReforzarBrillo,C,131072,5734290,5734290
ReforzarBrillo,C,131072,8956148,8956148
ReforzarBrillo,C,131072,4884994,4884994
ReforzarBrillo,C,131072,4749528,4749528
ReforzarBrillo,C,131072,5559862,5559862
ReforzarBrillo,C,131072,8383288,8383288
ReforzarBrillo,C,131072,7293102,7293102
ReforzarBrillo,C,131072,5862236,5862236
ReforzarBrillo,C,131072,5314026,5314026
ReforzarBrillo,C,131072,5466766,5466766
ReforzarBrillo,C,131072,5777932,5777932
ReforzarBrillo,C,131072,5790508,5790508
ReforzarBrillo,C,131072,6278664,6278664
ReforzarBrillo,C,131072,5621914,5621914
ReforzarBrillo,C,131072,4794010,4794010
ReforzarBrillo,C,131072,6191104,6191104
ReforzarBrillo,C,131072,5415436,5415436
ReforzarBrillo,C,131072,4618268,4618268
ReforzarBrillo,C,131072,4605884,4605884
ReforzarBrillo,C,131072,6021610,6021610
ReforzarBrillo,C,131072,6619478,6619478
ReforzarBrillo,C,131072,4921406,4921406
ReforzarBrillo,C,131072,4745348,4745348
ReforzarBrillo,C,131072,4792030,4792030
ReforzarBrillo,C,131072,4419518,4419518
ReforzarBrillo,C,131072,7919092,7919092
ReforzarBrillo,C,131072,5408544,5408544
ReforzarBrillo,C,131072,4833424,4833424
ReforzarBrillo,C,131072,5561048,5561048
ReforzarBrillo,C,131072,5550554,5550554
ReforzarBrillo,C,131072,7466208,7466208
ReforzarBrillo,C,131072,6259624,6259624
ReforzarBrillo,C,131072,5542880,5542880
ReforzarBrillo,C,131072,6803492,6803492
ReforzarBrillo,C,131072,4910404,4910404
ReforzarBrillo,C,131072,5990414,5990414
ReforzarBrillo,C,131072,8352636,8352636
ReforzarBrillo,C,131072,5412304,5412304
ReforzarBrillo,C,131072,4939062,4939062
ReforzarBrillo,C,131072,7756492,7756492
ReforzarBrillo,C,131072,5437920,5437920
ReforzarBrillo,C,131072,5573338,5573338
ReforzarBrillo,C,131072,6442990,6442990
ReforzarBrillo,C,131072,4900654,4900654
ReforzarBrillo,C,131072,8973940,8973940
ReforzarBrillo,C,131072,4360518,4360518
ReforzarBrillo,C,131072,5513598,5513598
ReforzarBrillo,C,131072,5411838,5411838
ReforzarBrillo,C,131072,4972574,4972574
ReforzarBrillo,C,131072,5860452,5860452
ReforzarBrillo,C,131072,5037566,5037566
ReforzarBrillo,C,131072,4472744,4472744
ReforzarBrillo,C,131072,4475844,4475844
ReforzarBrillo,C,131072,4462048,4462048
ReforzarBrillo,C,131072,8207714,8207714
ReforzarBrillo,C,131072,5228512,5228512
ReforzarBrillo,C,131072,4545068,4545068
ReforzarBrillo,C,131072,5847066,5847066
ReforzarBrillo,C,131072,5508080,5508080
ReforzarBrillo,C,131072,7883896,7883896
ReforzarBrillo,C,131072,5685074,5685074
ReforzarBrillo,C,131072,4378822,4378822
ReforzarBrillo,C,131072,6890066,6890066
ReforzarBrillo,C,131072,6184442,6184442
ReforzarBrillo,C,131072,5400020,5400020
ReforzarBrillo,C,131072,6030466,6030466
ReforzarBrillo,C,131072,5403344,5403344
ReforzarBrillo,C,131072,8018462,8018462
ReforzarBrillo,C,131072,5399328,5399328
ReforzarBrillo,C,131072,4963652,4963652
ReforzarBrillo,C,131072,5423882,5423882
ReforzarBrillo,C,131072,4685420,4685420
ReforzarBrillo,C,131072,5888454,5888454
ReforzarBrillo,C,131072,7650350,7650350
ReforzarBrillo,C,131072,6263496,6263496
ReforzarBrillo,C,131072,6503192,6503192
ReforzarBrillo,C,131072,5175044,5175044
ReforzarBrillo,C,131072,6194704,6194704
ReforzarBrillo,C,131072,4482902,4482902
ReforzarBrillo,C,131072,6477932,6477932
ReforzarBrillo,C,131072,5416710,5416710
ReforzarBrillo,C,131072,4775278,4775278
ReforzarBrillo,C,131072,6177804,6177804
ReforzarBrillo,C,131072,5210358,5210358
ReforzarBrillo,C,131072,5398840,5398840
ReforzarBrillo,C,131072,5332872,5332872
ReforzarBrillo,C,131072,4331936,4331936
ReforzarBrillo,C,131072,5862084,5862084
ReforzarBrillo,C,131072,5960084,5960084
ReforzarBrillo,C,131072,4982104,4982104
ReforzarBrillo,C,131072,4784176,4784176
ReforzarBrillo,C,131072,5200198,5200198
ReforzarBrillo,C,131072,5856870,5856870
ReforzarBrillo,C,131072,5459972,5459972
ReforzarBrillo,C,131072,4955060,4955060
ReforzarBrillo,C,131072,5355648,5355648
ReforzarBrillo,C,131072,6074522,6074522
ReforzarBrillo,C,131072,5474258,5474258
ReforzarBrillo,C,131072,5768708,5768708
ReforzarBrillo,C,131072,7288186,7288186
ReforzarBrillo,C,131072,5513570,5513570
ReforzarBrillo,C,131072,5124902,5124902
ReforzarBrillo,C,131072,7199910,7199910
ReforzarBrillo,C,131072,5182020,5182020
ReforzarBrillo,C,131072,6212484,6212484
ReforzarBrillo,C,131072,5362274,5362274
ReforzarBrillo,C,131072,4763226,4763226
ReforzarBrillo,C,131072,7127696,7127696
ReforzarBrillo,C,131072,5461974,5461974
ReforzarBrillo,C,480000,28720210,28720210
ReforzarBrillo,C,480000,25369334,25369334
ReforzarBrillo,C,480000,24933902,24933902
ReforzarBrillo,C,480000,20341262,20341262
ReforzarBrillo,C,480000,18863214,18863214
ReforzarBrillo,C,480000,17970342,17970342
ReforzarBrillo,C,480000,17203838,17203838
ReforzarBrillo,C,480000,16761810,16761810
ReforzarBrillo,C,480000,18854824,18854824
ReforzarBrillo,C,480000,22064476,22064476
ReforzarBrillo,C,480000,24257942,24257942
ReforzarBrillo,C,480000,18861384,18861384
ReforzarBrillo,C,480000,21361964,21361964
ReforzarBrillo,C,480000,20396702,20396702
ReforzarBrillo,C,480000,22421958,22421958
ReforzarBrillo,C,480000,25139736,25139736
ReforzarBrillo,C,480000,23804958,23804958
ReforzarBrillo,C,480000,24330658,24330658
ReforzarBrillo,C,480000,23059872,23059872
ReforzarBrillo,C,480000,21137616,21137616
ReforzarBrillo,C,480000,22209966,22209966
ReforzarBrillo,C,480000,21052800,21052800
ReforzarBrillo,C,480000,26329402,26329402
ReforzarBrillo,C,480000,21415674,21415674
ReforzarBrillo,C,480000,29447838,29447838
ReforzarBrillo,C,480000,26495012,26495012
ReforzarBrillo,C,480000,23140694,23140694
ReforzarBrillo,C,480000,21000934,21000934
ReforzarBrillo,C,480000,19179308,19179308
ReforzarBrillo,C,480000,30647750,30647750
ReforzarBrillo,C,480000,25605892,25605892
ReforzarBrillo,C,480000,22833632,22833632
ReforzarBrillo,C,480000,24159398,24159398
ReforzarBrillo,C,480000,22273518,22273518
ReforzarBrillo,C,480000,29022524,29022524
ReforzarBrillo,C,480000,23674896,23674896
ReforzarBrillo,C,480000,20046048,20046048
ReforzarBrillo,C,480000,21813570,21813570
ReforzarBrillo,C,480000,22049372,22049372
ReforzarBrillo,C,480000,21534100,21534100
ReforzarBrillo,C,480000,21140846,21140846
ReforzarBrillo,C,480000,17361290,17361290
ReforzarBrillo,C,480000,18744570,18744570
ReforzarBrillo,C,480000,21693270,21693270
ReforzarBrillo,C,480000,16520852,16520852
ReforzarBrillo,C,480000,16122394,16122394
ReforzarBrillo,C,480000,20838480,20838480
ReforzarBrillo,C,480000,19813680,19813680
ReforzarBrillo,C,480000,21837126,21837126
ReforzarBrillo,C,480000,18105622,18105622
ReforzarBrillo,C,480000,22615050,22615050
ReforzarBrillo,C,480000,21759328,21759328
ReforzarBrillo,C,480000,18415154,18415154
ReforzarBrillo,C,480000,22253254,22253254
ReforzarBrillo,C,480000,19039386,19039386
ReforzarBrillo,C,480000,20573046,20573046
ReforzarBrillo,C,480000,16133620,16133620
ReforzarBrillo,C,480000,23764984,23764984
ReforzarBrillo,C,480000,20514296,20514296
ReforzarBrillo,C,480000,22553168,22553168
ReforzarBrillo,C,480000,20757432,20757432
ReforzarBrillo,C,480000,20406576,20406576
ReforzarBrillo,C,480000,20139852,20139852
ReforzarBrillo,C,480000,17564144,17564144
ReforzarBrillo,C,480000,24029230,24029230
ReforzarBrillo,C,480000,24426318,24426318
ReforzarBrillo,C,480000,21291932,21291932
ReforzarBrillo,C,480000,19858524,19858524
ReforzarBrillo,C,480000,19569818,19569818
ReforzarBrillo,C,480000,24027872,24027872
ReforzarBrillo,C,480000,23641264,23641264
ReforzarBrillo,C,480000,22622090,22622090
ReforzarBrillo,C,480000,23432228,23432228
ReforzarBrillo,C,480000,19107022,19107022
ReforzarBrillo,C,480000,19934574,19934574
ReforzarBrillo,C,480000,20488890,20488890
ReforzarBrillo,C,480000,20278272,20278272
ReforzarBrillo,C,480000,20635984,20635984
ReforzarBrillo,C,480000,21191414,21191414
ReforzarBrillo,C,480000,20431570,20431570
ReforzarBrillo,C,480000,19374958,19374958
ReforzarBrillo,C,480000,21228774,21228774
ReforzarBrillo,C,480000,21517874,21517874
ReforzarBrillo,C,480000,23267388,23267388
ReforzarBrillo,C,480000,21973864,21973864
ReforzarBrillo,C,480000,21291910,21291910
ReforzarBrillo,C,480000,21491562,21491562
ReforzarBrillo,C,480000,23384420,23384420
ReforzarBrillo,C,480000,20841150,20841150
ReforzarBrillo,C,480000,21570052,21570052
ReforzarBrillo,C,480000,20873164,20873164
ReforzarBrillo,C,480000,18322326,18322326
ReforzarBrillo,C,480000,23110094,23110094
ReforzarBrillo,C,480000,19680038,19680038
ReforzarBrillo,C,480000,23610258,23610258
ReforzarBrillo,C,480000,19339818,19339818
ReforzarBrillo,C,480000,24754370,24754370
ReforzarBrillo,C,480000,26564532,26564532
ReforzarBrillo,C,480000,21767014,21767014
ReforzarBrillo,C,480000,20421528,20421528
ReforzarBrillo,C,480000,21448420,21448420
ReforzarBrillo,C,480000,25836562,25836562
ReforzarBrillo,C,480000,26921478,26921478
ReforzarBrillo,C,480000,28293342,28293342
ReforzarBrillo,C,480000,23828776,23828776
ReforzarBrillo,C,480000,20426602,20426602
ReforzarBrillo,C,480000,17079146,17079146
ReforzarBrillo,C,480000,18943540,18943540
ReforzarBrillo,C,480000,28201140,28201140
ReforzarBrillo,C,480000,20542650,20542650
ReforzarBrillo,C,480000,16928176,16928176
ReforzarBrillo,C,480000,18026528,18026528
ReforzarBrillo,C,480000,27324864,27324864
ReforzarBrillo,C,480000,18213124,18213124
ReforzarBrillo,C,480000,17666836,17666836
ReforzarBrillo,C,480000,16782798,16782798
ReforzarBrillo,C,480000,31104546,31104546
ReforzarBrillo,C,480000,25565128,25565128
ReforzarBrillo,C,480000,21836348,21836348
ReforzarBrillo,C,480000,22465092,22465092
ReforzarBrillo,C,480000,26960062,26960062
ReforzarBrillo,C,480000,22606512,22606512
ReforzarBrillo,C,480000,21627918,21627918
ReforzarBrillo,C,480000,16768540,16768540
ReforzarBrillo,C,480000,20281538,20281538
ReforzarBrillo,C,480000,21723658,21723658
ReforzarBrillo,C,480000,23431304,23431304
ReforzarBrillo,C,480000,20559102,20559102
ReforzarBrillo,C,480000,20882450,20882450
ReforzarBrillo,C,480000,19470870,19470870
ReforzarBrillo,C,480000,25959120,25959120
ReforzarBrillo,C,480000,28298966,28298966
ReforzarBrillo,C,480000,18057446,18057446
ReforzarBrillo,C,480000,24594630,24594630
ReforzarBrillo,C,480000,24964084,24964084
ReforzarBrillo,C,480000,22434216,22434216
ReforzarBrillo,C,480000,21101294,21101294
ReforzarBrillo,C,480000,22174158,22174158
ReforzarBrillo,C,480000,33971592,33971592
ReforzarBrillo,C,480000,25511672,25511672
ReforzarBrillo,C,480000,29423444,29423444
ReforzarBrillo,C,480000,23724520,23724520
ReforzarBrillo,C,480000,24453224,24453224
ReforzarBrillo,C,480000,24016984,24016984
ReforzarBrillo,C,480000,18844758,18844758
ReforzarBrillo,C,480000,25131862,25131862
ReforzarBrillo,C,480000,24849968,24849968
ReforzarBrillo,C,480000,20462852,20462852
ReforzarBrillo,C,480000,19607422,19607422
ReforzarBrillo,C,480000,21252234,21252234
ReforzarBrillo,C,1920000,72254786,72254786
ReforzarBrillo,C,1920000,75867440,75867440
ReforzarBrillo,C,1920000,71076504,71076504
ReforzarBrillo,C,1920000,78719846,78719846
ReforzarBrillo,C,1920000,71669886,71669886
ReforzarBrillo,C,1920000,71061894,71061894
ReforzarBrillo,C,1920000,73868458,73868458
ReforzarBrillo,C,1920000,75260184,75260184
ReforzarBrillo,C,1920000,82665138,82665138
ReforzarBrillo,C,1920000,82457308,82457308
ReforzarBrillo,C,1920000,78030970,78030970
ReforzarBrillo,C,1920000,80912120,80912120
ReforzarBrillo,C,1920000,80637540,80637540
ReforzarBrillo,C,1920000,79397900,79397900
ReforzarBrillo,C,1920000,71552234,71552234
ReforzarBrillo,C,1920000,70638210,70638210
ReforzarBrillo,C,1920000,75052956,75052956
ReforzarBrillo,C,1920000,78006692,78006692
ReforzarBrillo,C,1920000,70613012,70613012
ReforzarBrillo,C,1920000,68419494,68419494
ReforzarBrillo,C,1920000,75996102,75996102
ReforzarBrillo,C,1920000,70109992,70109992
ReforzarBrillo,C,1920000,76678230,76678230
ReforzarBrillo,C,1920000,72226238,72226238
ReforzarBrillo,C,1920000,72822490,72822490
ReforzarBrillo,C,1920000,72011212,72011212
ReforzarBrillo,C,1920000,67029992,67029992
ReforzarBrillo,C,1920000,73621988,73621988
ReforzarBrillo,C,1920000,79649600,79649600
ReforzarBrillo,C,1920000,84015674,84015674
ReforzarBrillo,C,1920000,80923698,80923698
ReforzarBrillo,C,1920000,113890632,113890632
ReforzarBrillo,C,1920000,89673310,89673310
ReforzarBrillo,C,1920000,86193038,86193038
ReforzarBrillo,C,1920000,94913520,94913520
ReforzarBrillo,C,1920000,133914418,133914418
ReforzarBrillo,C,1920000,84716186,84716186
ReforzarBrillo,C,1920000,106180456,106180456
ReforzarBrillo,C,1920000,75525836,75525836
ReforzarBrillo,C,1920000,72206482,72206482
ReforzarBrillo,C,1920000,76331930,76331930
ReforzarBrillo,C,1920000,70231816,70231816
ReforzarBrillo,C,1920000,79954306,79954306
ReforzarBrillo,C,1920000,75580954,75580954
ReforzarBrillo,C,1920000,76266144,76266144
ReforzarBrillo,C,1920000,74535480,74535480
ReforzarBrillo,C,1920000,86807758,86807758
ReforzarBrillo,C,1920000,94260992,94260992
ReforzarBrillo,C,1920000,79037344,79037344
ReforzarBrillo,C,1920000,77795088,77795088
ReforzarBrillo,C,1920000,75198866,75198866
ReforzarBrillo,C,1920000,74748764,74748764
ReforzarBrillo,C,1920000,74278796,74278796
ReforzarBrillo,C,1920000,82540750,82540750
ReforzarBrillo,C,1920000,76983460,76983460
ReforzarBrillo,C,1920000,90801116,90801116
ReforzarBrillo,C,1920000,87765542,87765542
ReforzarBrillo,C,1920000,79503550,79503550
ReforzarBrillo,C,1920000,94146266,94146266
ReforzarBrillo,C,1920000,86334842,86334842
ReforzarBrillo,C,1920000,79862152,79862152
ReforzarBrillo,C,1920000,86030988,86030988
ReforzarBrillo,C,1920000,80318412,80318412
ReforzarBrillo,C,1920000,82275586,82275586
ReforzarBrillo,C,1920000,87422046,87422046
ReforzarBrillo,C,1920000,101416970,101416970
ReforzarBrillo,C,1920000,84697900,84697900
ReforzarBrillo,C,1920000,90679636,90679636
ReforzarBrillo,C,1920000,82509280,82509280
ReforzarBrillo,C,1920000,83065816,83065816
ReforzarBrillo,C,1920000,73198854,73198854
ReforzarBrillo,C,1920000,80823728,80823728
ReforzarBrillo,C,1920000,73136846,73136846
ReforzarBrillo,C,1920000,83583892,83583892
ReforzarBrillo,C,1920000,75896588,75896588
ReforzarBrillo,C,1920000,72209422,72209422
ReforzarBrillo,C,1920000,72328532,72328532
ReforzarBrillo,C,1920000,82153528,82153528
ReforzarBrillo,C,1920000,75253852,75253852
ReforzarBrillo,C,1920000,90970356,90970356
ReforzarBrillo,C,1920000,93245084,93245084
ReforzarBrillo,C,1920000,77216170,77216170
ReforzarBrillo,C,1920000,74496960,74496960
ReforzarBrillo,C,1920000,95047062,95047062
ReforzarBrillo,C,1920000,78209156,78209156
ReforzarBrillo,C,1920000,74885070,74885070
ReforzarBrillo,C,1920000,76943940,76943940
ReforzarBrillo,C,1920000,86177874,86177874
ReforzarBrillo,C,1920000,74255768,74255768
ReforzarBrillo,C,1920000,78606408,78606408
ReforzarBrillo,C,1920000,72833840,72833840
ReforzarBrillo,C,1920000,73979920,73979920
ReforzarBrillo,C,1920000,74928406,74928406
ReforzarBrillo,C,1920000,72387454,72387454
ReforzarBrillo,C,1920000,75770632,75770632
ReforzarBrillo,C,1920000,77253076,77253076
ReforzarBrillo,C,1920000,76518652,76518652
ReforzarBrillo,C,1920000,76757672,76757672
ReforzarBrillo,C,1920000,76975936,76975936
ReforzarBrillo,C,1920000,71711330,71711330
ReforzarBrillo,C,1920000,75244070,75244070
ReforzarBrillo,C,1920000,82395208,82395208
ReforzarBrillo,C,1920000,85589498,85589498
ReforzarBrillo,C,1920000,77298334,77298334
ReforzarBrillo,C,1920000,83198646,83198646
ReforzarBrillo,C,1920000,77876488,77876488
ReforzarBrillo,C,1920000,73154276,73154276
ReforzarBrillo,C,1920000,72640360,72640360
ReforzarBrillo,C,1920000,72939966,72939966
ReforzarBrillo,C,1920000,70985140,70985140
ReforzarBrillo,C,1920000,66055828,66055828
ReforzarBrillo,C,1920000,75424464,75424464
ReforzarBrillo,C,1920000,73783338,73783338
ReforzarBrillo,C,1920000,78309024,78309024
ReforzarBrillo,C,1920000,74126596,74126596
ReforzarBrillo,C,1920000,72290404,72290404
ReforzarBrillo,C,1920000,79399158,79399158
ReforzarBrillo,C,1920000,73545206,73545206
ReforzarBrillo,C,1920000,77821552,77821552
ReforzarBrillo,C,1920000,70730520,70730520
ReforzarBrillo,C,1920000,69664152,69664152
ReforzarBrillo,C,1920000,70943358,70943358
ReforzarBrillo,C,1920000,81449272,81449272
ReforzarBrillo,C,1920000,74575734,74575734
ReforzarBrillo,C,1920000,74266976,74266976
ReforzarBrillo,C,1920000,83833664,83833664
ReforzarBrillo,C,1920000,64066166,64066166
ReforzarBrillo,C,1920000,77473132,77473132
ReforzarBrillo,C,1920000,85288260,85288260
ReforzarBrillo,C,1920000,81486840,81486840
ReforzarBrillo,C,1920000,106323190,106323190
ReforzarBrillo,C,1920000,98458602,98458602
ReforzarBrillo,C,1920000,91465768,91465768
ReforzarBrillo,C,1920000,78606328,78606328
ReforzarBrillo,C,1920000,88381362,88381362
ReforzarBrillo,C,1920000,76397718,76397718
ReforzarBrillo,C,1920000,79144398,79144398
ReforzarBrillo,C,1920000,79453156,79453156
ReforzarBrillo,C,1920000,80223636,80223636
ReforzarBrillo,C,1920000,75170004,75170004
ReforzarBrillo,C,1920000,77115646,77115646
ReforzarBrillo,C,1920000,84367816,84367816
ReforzarBrillo,C,1920000,69199808,69199808
ReforzarBrillo,C,1920000,75676246,75676246
ReforzarBrillo,C,1920000,76286104,76286104
ReforzarBrillo,C,1920000,78430438,78430438
ReforzarBrillo,C,1920000,66429330,66429330
ReforzarBrillo,C,1920000,73207252,73207252
ReforzarBrillo,C,1920000,73401154,73401154
ReforzarBrillo,C,1920000,76421138,76421138
