ReforzarBrillo,ASM,512,24412,24412
ReforzarBrillo,ASM,512,21726,21726
ReforzarBrillo,ASM,512,19890,19890
ReforzarBrillo,ASM,512,18598,18598
ReforzarBrillo,ASM,512,19856,19856
ReforzarBrillo,ASM,512,20298,20298
ReforzarBrillo,ASM,512,19482,19482
ReforzarBrillo,ASM,512,19890,19890
ReforzarBrillo,ASM,512,19346,19346
ReforzarBrillo,ASM,512,19176,19176
ReforzarBrillo,ASM,512,17374,17374
ReforzarBrillo,ASM,512,17816,17816
ReforzarBrillo,ASM,512,18088,18088
ReforzarBrillo,ASM,512,18326,18326
ReforzarBrillo,ASM,512,18802,18802
ReforzarBrillo,ASM,512,17204,17204
ReforzarBrillo,ASM,512,17680,17680
ReforzarBrillo,ASM,512,19448,19448
ReforzarBrillo,ASM,512,17374,17374
ReforzarBrillo,ASM,512,18904,18904
ReforzarBrillo,ASM,512,17850,17850
ReforzarBrillo,ASM,512,19142,19142
ReforzarBrillo,ASM,512,17646,17646
ReforzarBrillo,ASM,512,18054,18054
ReforzarBrillo,ASM,512,19414,19414
ReforzarBrillo,ASM,512,17952,17952
ReforzarBrillo,ASM,512,20264,20264
ReforzarBrillo,ASM,512,18700,18700
ReforzarBrillo,ASM,512,16014,16014
ReforzarBrillo,ASM,512,17068,17068
ReforzarBrillo,ASM,512,14824,14824
ReforzarBrillo,ASM,512,14620,14620
ReforzarBrillo,ASM,512,14586,14586
ReforzarBrillo,ASM,512,14756,14756
ReforzarBrillo,ASM,512,14484,14484
ReforzarBrillo,ASM,512,14756,14756
ReforzarBrillo,ASM,512,14688,14688
ReforzarBrillo,ASM,512,14824,14824
ReforzarBrillo,ASM,512,14926,14926
ReforzarBrillo,ASM,512,14654,14654
ReforzarBrillo,ASM,512,14552,14552
ReforzarBrillo,ASM,512,14790,14790
ReforzarBrillo,ASM,512,14416,14416
ReforzarBrillo,ASM,512,14790,14790
ReforzarBrillo,ASM,512,14688,14688
ReforzarBrillo,ASM,512,14722,14722
ReforzarBrillo,ASM,512,14280,14280
ReforzarBrillo,ASM,512,14722,14722
ReforzarBrillo,ASM,512,14484,14484
ReforzarBrillo,ASM,512,14824,14824
ReforzarBrillo,ASM,512,14416,14416
ReforzarBrillo,ASM,512,14654,14654
ReforzarBrillo,ASM,512,17136,17136
ReforzarBrillo,ASM,512,17612,17612
ReforzarBrillo,ASM,512,16524,16524
ReforzarBrillo,ASM,512,17408,17408
ReforzarBrillo,ASM,512,16184,16184
ReforzarBrillo,ASM,512,17340,17340
ReforzarBrillo,ASM,512,16456,16456
ReforzarBrillo,ASM,512,16286,16286
ReforzarBrillo,ASM,512,14416,14416
ReforzarBrillo,ASM,512,14858,14858
ReforzarBrillo,ASM,512,14348,14348
ReforzarBrillo,ASM,512,10370,10370
ReforzarBrillo,ASM,512,10098,10098
ReforzarBrillo,ASM,512,8874,8874
ReforzarBrillo,ASM,512,8602,8602
ReforzarBrillo,ASM,512,9078,9078
ReforzarBrillo,ASM,512,9826,9826
ReforzarBrillo,ASM,512,10302,10302
ReforzarBrillo,ASM,512,9996,9996
ReforzarBrillo,ASM,512,10574,10574
ReforzarBrillo,ASM,512,10302,10302
ReforzarBrillo,ASM,512,10370,10370
ReforzarBrillo,ASM,512,10234,10234
ReforzarBrillo,ASM,512,10438,10438
ReforzarBrillo,ASM,512,9656,9656
ReforzarBrillo,ASM,512,11118,11118
ReforzarBrillo,ASM,512,12954,12954
ReforzarBrillo,ASM,512,10506,10506
ReforzarBrillo,ASM,512,10574,10574
ReforzarBrillo,ASM,512,344488,344488
ReforzarBrillo,ASM,512,12852,12852
ReforzarBrillo,ASM,512,11526,11526
ReforzarBrillo,ASM,512,10880,10880
ReforzarBrillo,ASM,512,10268,10268
ReforzarBrillo,ASM,512,8738,8738
ReforzarBrillo,ASM,512,8942,8942
ReforzarBrillo,ASM,512,8602,8602
ReforzarBrillo,ASM,512,8874,8874
ReforzarBrillo,ASM,512,8704,8704
ReforzarBrillo,ASM,512,8840,8840
ReforzarBrillo,ASM,512,8738,8738
ReforzarBrillo,ASM,512,8806,8806
ReforzarBrillo,ASM,512,8602,8602
ReforzarBrillo,ASM,512,8806,8806
ReforzarBrillo,ASM,512,8738,8738
ReforzarBrillo,ASM,512,8908,8908
ReforzarBrillo,ASM,512,8636,8636
ReforzarBrillo,ASM,512,8772,8772
ReforzarBrillo,ASM,512,8670,8670
ReforzarBrillo,ASM,512,8874,8874
ReforzarBrillo,ASM,512,8738,8738
ReforzarBrillo,ASM,512,8738,8738
ReforzarBrillo,ASM,512,8636,8636
ReforzarBrillo,ASM,512,8636,8636
ReforzarBrillo,ASM,512,8738,8738
ReforzarBrillo,ASM,512,8772,8772
ReforzarBrillo,ASM,512,8602,8602
ReforzarBrillo,ASM,512,8738,8738
ReforzarBrillo,ASM,512,8840,8840
ReforzarBrillo,ASM,512,10438,10438
ReforzarBrillo,ASM,512,9894,9894
ReforzarBrillo,ASM,512,9112,9112
ReforzarBrillo,ASM,512,8568,8568
ReforzarBrillo,ASM,512,8874,8874
ReforzarBrillo,ASM,512,8534,8534
ReforzarBrillo,ASM,512,10132,10132
ReforzarBrillo,ASM,512,10268,10268
ReforzarBrillo,ASM,512,11016,11016
ReforzarBrillo,ASM,512,10574,10574
ReforzarBrillo,ASM,512,10846,10846
ReforzarBrillo,ASM,512,10336,10336
ReforzarBrillo,ASM,512,10778,10778
ReforzarBrillo,ASM,512,9418,9418
ReforzarBrillo,ASM,512,10540,10540
ReforzarBrillo,ASM,512,10438,10438
ReforzarBrillo,ASM,512,11084,11084
ReforzarBrillo,ASM,512,10234,10234
ReforzarBrillo,ASM,512,10948,10948
ReforzarBrillo,ASM,512,10472,10472
ReforzarBrillo,ASM,512,10880,10880
ReforzarBrillo,ASM,512,9996,9996
ReforzarBrillo,ASM,512,9146,9146
ReforzarBrillo,ASM,512,8670,8670
ReforzarBrillo,ASM,512,8874,8874
ReforzarBrillo,ASM,512,8500,8500
ReforzarBrillo,ASM,512,8908,8908
ReforzarBrillo,ASM,512,8670,8670
ReforzarBrillo,ASM,512,8806,8806
ReforzarBrillo,ASM,512,8602,8602
ReforzarBrillo,ASM,512,8738,8738
ReforzarBrillo,ASM,512,8500,8500
ReforzarBrillo,ASM,512,8772,8772
ReforzarBrillo,ASM,512,8670,8670
ReforzarBrillo,ASM,512,8806,8806
ReforzarBrillo,ASM,512,8534,8534
ReforzarBrillo,ASM,512,8806,8806
ReforzarBrillo,ASM,512,8500,8500
ReforzarBrillo,ASM,512,8772,8772
ReforzarBrillo,ASM,512,8670,8670
ReforzarBrillo,ASM,512,8738,8738
ReforzarBrillo,ASM,512,8568,8568
ReforzarBrillo,ASM,512,8942,8942
ReforzarBrillo,ASM,512,8670,8670
ReforzarBrillo,ASM,512,8772,8772
ReforzarBrillo,ASM,512,8602,8602
ReforzarBrillo,ASM,512,8738,8738
ReforzarBrillo,ASM,512,7582,7582
ReforzarBrillo,ASM,512,7582,7582
ReforzarBrillo,ASM,512,7684,7684
ReforzarBrillo,ASM,512,7718,7718
ReforzarBrillo,ASM,512,7480,7480
ReforzarBrillo,ASM,512,7650,7650
ReforzarBrillo,ASM,512,7446,7446
ReforzarBrillo,ASM,512,7650,7650
ReforzarBrillo,ASM,512,7480,7480
ReforzarBrillo,ASM,512,7650,7650
ReforzarBrillo,ASM,512,7480,7480
ReforzarBrillo,ASM,512,7786,7786
ReforzarBrillo,ASM,512,7616,7616
ReforzarBrillo,ASM,512,7752,7752
ReforzarBrillo,ASM,512,7514,7514
ReforzarBrillo,ASM,512,7684,7684
ReforzarBrillo,ASM,512,7514,7514
ReforzarBrillo,ASM,512,7786,7786
ReforzarBrillo,ASM,512,7616,7616
ReforzarBrillo,ASM,512,7752,7752
ReforzarBrillo,ASM,512,7514,7514
ReforzarBrillo,ASM,512,7650,7650
ReforzarBrillo,ASM,512,7514,7514
ReforzarBrillo,ASM,512,7718,7718
ReforzarBrillo,ASM,512,7480,7480
ReforzarBrillo,ASM,512,7718,7718
ReforzarBrillo,ASM,512,7514,7514
ReforzarBrillo,ASM,512,7548,7548
ReforzarBrillo,ASM,512,7344,7344
ReforzarBrillo,ASM,512,7718,7718
ReforzarBrillo,ASM,512,7548,7548
ReforzarBrillo,ASM,512,7786,7786
ReforzarBrillo,ASM,512,7514,7514
ReforzarBrillo,ASM,512,7650,7650
ReforzarBrillo,ASM,512,7548,7548
ReforzarBrillo,ASM,512,7752,7752
ReforzarBrillo,ASM,512,7412,7412
ReforzarBrillo,ASM,512,7616,7616
ReforzarBrillo,ASM,512,7548,7548
ReforzarBrillo,ASM,512,7888,7888
ReforzarBrillo,ASM,512,7582,7582
ReforzarBrillo,ASM,512,7786,7786
ReforzarBrillo,ASM,512,7616,7616
ReforzarBrillo,ASM,512,9180,9180
ReforzarBrillo,ASM,512,9078,9078
ReforzarBrillo,ASM,512,9452,9452
ReforzarBrillo,ASM,512,8670,8670
ReforzarBrillo,ASM,512,8772,8772
ReforzarBrillo,ASM,512,8670,8670
ReforzarBrillo,ASM,512,8806,8806
ReforzarBrillo,ASM,512,8500,8500
ReforzarBrillo,ASM,512,8738,8738
ReforzarBrillo,ASM,512,8636,8636
ReforzarBrillo,ASM,512,8772,8772
ReforzarBrillo,ASM,512,8602,8602
ReforzarBrillo,ASM,512,8942,8942
ReforzarBrillo,ASM,512,9146,9146
ReforzarBrillo,ASM,512,9826,9826
ReforzarBrillo,ASM,512,9146,9146
ReforzarBrillo,ASM,512,9316,9316
ReforzarBrillo,ASM,512,9044,9044
ReforzarBrillo,ASM,512,9418,9418
ReforzarBrillo,ASM,512,8670,8670
ReforzarBrillo,ASM,512,9112,9112
ReforzarBrillo,ASM,512,9078,9078
ReforzarBrillo,ASM,512,9282,9282
ReforzarBrillo,ASM,512,8942,8942
ReforzarBrillo,ASM,512,9146,9146
ReforzarBrillo,ASM,512,9452,9452
ReforzarBrillo,ASM,512,8874,8874
ReforzarBrillo,ASM,512,8772,8772
ReforzarBrillo,ASM,512,8942,8942
ReforzarBrillo,ASM,512,8636,8636
ReforzarBrillo,ASM,512,8942,8942
ReforzarBrillo,ASM,512,8636,8636
ReforzarBrillo,ASM,512,8908,8908
ReforzarBrillo,ASM,512,8670,8670
ReforzarBrillo,ASM,512,8874,8874
ReforzarBrillo,ASM,512,8772,8772
ReforzarBrillo,ASM,512,8772,8772
ReforzarBrillo,ASM,512,8704,8704
ReforzarBrillo,ASM,512,8840,8840
ReforzarBrillo,ASM,512,8602,8602
ReforzarBrillo,ASM,512,8840,8840
ReforzarBrillo,ASM,512,8670,8670
ReforzarBrillo,ASM,512,8976,8976
ReforzarBrillo,ASM,512,8670,8670
ReforzarBrillo,ASM,512,8874,8874
ReforzarBrillo,ASM,512,8670,8670
ReforzarBrillo,ASM,512,8806,8806
ReforzarBrillo,ASM,512,8704,8704
ReforzarBrillo,ASM,512,8874,8874
ReforzarBrillo,ASM,512,8670,8670
ReforzarBrillo,ASM,512,8874,8874
ReforzarBrillo,ASM,512,8636,8636
ReforzarBrillo,ASM,512,9554,9554
ReforzarBrillo,ASM,512,8738,8738
ReforzarBrillo,ASM,512,9044,9044
ReforzarBrillo,ASM,512,8738,8738
ReforzarBrillo,ASM,512,8976,8976
ReforzarBrillo,ASM,512,8704,8704
ReforzarBrillo,ASM,512,8976,8976
ReforzarBrillo,ASM,512,8602,8602
ReforzarBrillo,ASM,512,8840,8840
ReforzarBrillo,ASM,512,8568,8568
ReforzarBrillo,ASM,512,9248,9248
ReforzarBrillo,ASM,512,10098,10098
ReforzarBrillo,ASM,512,7820,7820
ReforzarBrillo,ASM,512,6222,6222
ReforzarBrillo,ASM,512,5236,5236
ReforzarBrillo,ASM,512,4964,4964
ReforzarBrillo,ASM,512,5100,5100
ReforzarBrillo,ASM,512,5134,5134
ReforzarBrillo,ASM,512,5134,5134
ReforzarBrillo,ASM,512,4964,4964
ReforzarBrillo,ASM,512,5100,5100
ReforzarBrillo,ASM,512,4998,4998
ReforzarBrillo,ASM,512,5270,5270
ReforzarBrillo,ASM,512,5066,5066
ReforzarBrillo,ASM,512,5134,5134
ReforzarBrillo,ASM,512,5134,5134
ReforzarBrillo,ASM,512,5202,5202
ReforzarBrillo,ASM,512,4930,4930
ReforzarBrillo,ASM,512,5134,5134
ReforzarBrillo,ASM,512,5032,5032
ReforzarBrillo,ASM,512,5100,5100
ReforzarBrillo,ASM,512,5066,5066
ReforzarBrillo,ASM,512,5066,5066
ReforzarBrillo,ASM,512,5032,5032
ReforzarBrillo,ASM,512,5134,5134
ReforzarBrillo,ASM,512,5032,5032
ReforzarBrillo,ASM,512,5168,5168
ReforzarBrillo,ASM,512,4998,4998
ReforzarBrillo,ASM,512,5134,5134
ReforzarBrillo,ASM,512,5032,5032
ReforzarBrillo,ASM,512,5066,5066
ReforzarBrillo,ASM,512,4998,4998
ReforzarBrillo,ASM,512,5236,5236
ReforzarBrillo,ASM,512,5134,5134
ReforzarBrillo,ASM,512,6188,6188
ReforzarBrillo,ASM,512,6256,6256
ReforzarBrillo,ASM,512,6562,6562
ReforzarBrillo,ASM,2048,29784,29784
ReforzarBrillo,ASM,2048,27540,27540
ReforzarBrillo,ASM,2048,27064,27064
ReforzarBrillo,ASM,2048,26520,26520
ReforzarBrillo,ASM,2048,26656,26656
ReforzarBrillo,ASM,2048,26282,26282
ReforzarBrillo,ASM,2048,26214,26214
ReforzarBrillo,ASM,2048,26248,26248
ReforzarBrillo,ASM,2048,26146,26146
ReforzarBrillo,ASM,2048,26248,26248
ReforzarBrillo,ASM,2048,25908,25908
ReforzarBrillo,ASM,2048,26078,26078
ReforzarBrillo,ASM,2048,25636,25636
ReforzarBrillo,ASM,2048,26350,26350
ReforzarBrillo,ASM,2048,25636,25636
ReforzarBrillo,ASM,2048,25976,25976
ReforzarBrillo,ASM,2048,25602,25602
ReforzarBrillo,ASM,2048,25942,25942
ReforzarBrillo,ASM,2048,25568,25568
ReforzarBrillo,ASM,2048,25942,25942
ReforzarBrillo,ASM,2048,25636,25636
ReforzarBrillo,ASM,2048,25942,25942
ReforzarBrillo,ASM,2048,25772,25772
ReforzarBrillo,ASM,2048,25806,25806
ReforzarBrillo,ASM,2048,25636,25636
ReforzarBrillo,ASM,2048,25670,25670
ReforzarBrillo,ASM,2048,25670,25670
ReforzarBrillo,ASM,2048,25840,25840
ReforzarBrillo,ASM,2048,25636,25636
ReforzarBrillo,ASM,2048,26044,26044
ReforzarBrillo,ASM,2048,25500,25500
ReforzarBrillo,ASM,2048,25942,25942
ReforzarBrillo,ASM,2048,25738,25738
ReforzarBrillo,ASM,2048,25772,25772
ReforzarBrillo,ASM,2048,25704,25704
ReforzarBrillo,ASM,2048,25840,25840
ReforzarBrillo,ASM,2048,25636,25636
ReforzarBrillo,ASM,2048,25840,25840
ReforzarBrillo,ASM,2048,25568,25568
ReforzarBrillo,ASM,2048,25942,25942
ReforzarBrillo,ASM,2048,25840,25840
ReforzarBrillo,ASM,2048,26044,26044
ReforzarBrillo,ASM,2048,25534,25534
ReforzarBrillo,ASM,2048,25942,25942
ReforzarBrillo,ASM,2048,25636,25636
ReforzarBrillo,ASM,2048,25874,25874
ReforzarBrillo,ASM,2048,25398,25398
ReforzarBrillo,ASM,2048,25874,25874
ReforzarBrillo,ASM,2048,25466,25466
ReforzarBrillo,ASM,2048,26010,26010
ReforzarBrillo,ASM,2048,66300,66300
ReforzarBrillo,ASM,2048,25738,25738
ReforzarBrillo,ASM,2048,25466,25466
ReforzarBrillo,ASM,2048,25806,25806
ReforzarBrillo,ASM,2048,26112,26112
ReforzarBrillo,ASM,2048,26044,26044
ReforzarBrillo,ASM,2048,27846,27846
ReforzarBrillo,ASM,2048,28662,28662
ReforzarBrillo,ASM,2048,30838,30838
ReforzarBrillo,ASM,2048,30124,30124
ReforzarBrillo,ASM,2048,31042,31042
ReforzarBrillo,ASM,2048,29546,29546
ReforzarBrillo,ASM,2048,29444,29444
ReforzarBrillo,ASM,2048,25976,25976
ReforzarBrillo,ASM,2048,25738,25738
ReforzarBrillo,ASM,2048,26044,26044
ReforzarBrillo,ASM,2048,25670,25670
ReforzarBrillo,ASM,2048,25874,25874
ReforzarBrillo,ASM,2048,25636,25636
ReforzarBrillo,ASM,2048,26078,26078
ReforzarBrillo,ASM,2048,25874,25874
ReforzarBrillo,ASM,2048,25942,25942
ReforzarBrillo,ASM,2048,27030,27030
ReforzarBrillo,ASM,2048,29410,29410
ReforzarBrillo,ASM,2048,25976,25976
ReforzarBrillo,ASM,2048,27574,27574
ReforzarBrillo,ASM,2048,26010,26010
ReforzarBrillo,ASM,2048,26112,26112
ReforzarBrillo,ASM,2048,25738,25738
ReforzarBrillo,ASM,2048,35836,35836
ReforzarBrillo,ASM,2048,25874,25874
ReforzarBrillo,ASM,2048,26010,26010
ReforzarBrillo,ASM,2048,25602,25602
ReforzarBrillo,ASM,2048,26078,26078
ReforzarBrillo,ASM,2048,26350,26350
ReforzarBrillo,ASM,2048,26112,26112
ReforzarBrillo,ASM,2048,25636,25636
ReforzarBrillo,ASM,2048,25806,25806
ReforzarBrillo,ASM,2048,25500,25500
ReforzarBrillo,ASM,2048,25806,25806
ReforzarBrillo,ASM,2048,25636,25636
ReforzarBrillo,ASM,2048,25874,25874
ReforzarBrillo,ASM,2048,25568,25568
ReforzarBrillo,ASM,2048,25874,25874
ReforzarBrillo,ASM,2048,25534,25534
ReforzarBrillo,ASM,2048,25942,25942
ReforzarBrillo,ASM,2048,26112,26112
ReforzarBrillo,ASM,2048,25942,25942
ReforzarBrillo,ASM,2048,25534,25534
ReforzarBrillo,ASM,2048,25976,25976
ReforzarBrillo,ASM,2048,25670,25670
ReforzarBrillo,ASM,2048,25976,25976
ReforzarBrillo,ASM,2048,25568,25568
ReforzarBrillo,ASM,2048,25840,25840
ReforzarBrillo,ASM,2048,25500,25500
ReforzarBrillo,ASM,2048,25976,25976
ReforzarBrillo,ASM,2048,25534,25534
ReforzarBrillo,ASM,2048,26010,26010
ReforzarBrillo,ASM,2048,25670,25670
ReforzarBrillo,ASM,2048,25806,25806
ReforzarBrillo,ASM,2048,25602,25602
ReforzarBrillo,ASM,2048,26248,26248
ReforzarBrillo,ASM,2048,25806,25806
ReforzarBrillo,ASM,2048,26010,26010
ReforzarBrillo,ASM,2048,25874,25874
ReforzarBrillo,ASM,2048,25806,25806
ReforzarBrillo,ASM,2048,25704,25704
ReforzarBrillo,ASM,2048,25908,25908
ReforzarBrillo,ASM,2048,25602,25602
ReforzarBrillo,ASM,2048,25976,25976
ReforzarBrillo,ASM,2048,25602,25602
ReforzarBrillo,ASM,2048,25806,25806
ReforzarBrillo,ASM,2048,25704,25704
ReforzarBrillo,ASM,2048,25908,25908
ReforzarBrillo,ASM,2048,25636,25636
ReforzarBrillo,ASM,2048,25704,25704
ReforzarBrillo,ASM,2048,25534,25534
ReforzarBrillo,ASM,2048,25806,25806
ReforzarBrillo,ASM,2048,25772,25772
ReforzarBrillo,ASM,2048,25976,25976
ReforzarBrillo,ASM,2048,25738,25738
ReforzarBrillo,ASM,2048,25806,25806
ReforzarBrillo,ASM,2048,25704,25704
ReforzarBrillo,ASM,2048,25738,25738
ReforzarBrillo,ASM,2048,25636,25636
ReforzarBrillo,ASM,2048,25874,25874
ReforzarBrillo,ASM,2048,25704,25704
ReforzarBrillo,ASM,2048,25874,25874
ReforzarBrillo,ASM,2048,25908,25908
ReforzarBrillo,ASM,2048,25908,25908
ReforzarBrillo,ASM,2048,25704,25704
ReforzarBrillo,ASM,2048,25704,25704
ReforzarBrillo,ASM,2048,25704,25704
ReforzarBrillo,ASM,2048,25738,25738
ReforzarBrillo,ASM,2048,25602,25602
ReforzarBrillo,ASM,2048,25908,25908
ReforzarBrillo,ASM,2048,25534,25534
ReforzarBrillo,ASM,2048,26010,26010
ReforzarBrillo,ASM,2048,25704,25704
ReforzarBrillo,ASM,2048,25840,25840
ReforzarBrillo,ASM,2048,25772,25772
ReforzarBrillo,ASM,2048,25976,25976
ReforzarBrillo,ASM,2048,25602,25602
ReforzarBrillo,ASM,2048,25874,25874
ReforzarBrillo,ASM,2048,25568,25568
ReforzarBrillo,ASM,2048,26010,26010
ReforzarBrillo,ASM,2048,25874,25874
ReforzarBrillo,ASM,2048,26078,26078
ReforzarBrillo,ASM,2048,27642,27642
ReforzarBrillo,ASM,2048,26112,26112
ReforzarBrillo,ASM,2048,28118,28118
ReforzarBrillo,ASM,2048,27030,27030
ReforzarBrillo,ASM,2048,25840,25840
ReforzarBrillo,ASM,2048,25942,25942
ReforzarBrillo,ASM,2048,25738,25738
ReforzarBrillo,ASM,2048,26248,26248
ReforzarBrillo,ASM,2048,25432,25432
ReforzarBrillo,ASM,2048,25806,25806
ReforzarBrillo,ASM,2048,25670,25670
ReforzarBrillo,ASM,2048,25976,25976
ReforzarBrillo,ASM,2048,25568,25568
ReforzarBrillo,ASM,2048,26078,26078
ReforzarBrillo,ASM,2048,25738,25738
ReforzarBrillo,ASM,2048,25874,25874
ReforzarBrillo,ASM,2048,25772,25772
ReforzarBrillo,ASM,2048,26078,26078
ReforzarBrillo,ASM,2048,25636,25636
ReforzarBrillo,ASM,2048,25874,25874
ReforzarBrillo,ASM,2048,25534,25534
ReforzarBrillo,ASM,2048,26010,26010
ReforzarBrillo,ASM,2048,25704,25704
ReforzarBrillo,ASM,2048,25908,25908
ReforzarBrillo,ASM,2048,25534,25534
ReforzarBrillo,ASM,2048,26078,26078
ReforzarBrillo,ASM,2048,25602,25602
ReforzarBrillo,ASM,2048,25738,25738
ReforzarBrillo,ASM,2048,25772,25772
ReforzarBrillo,ASM,2048,25942,25942
ReforzarBrillo,ASM,2048,25432,25432
ReforzarBrillo,ASM,2048,25908,25908
ReforzarBrillo,ASM,2048,25840,25840
ReforzarBrillo,ASM,2048,25840,25840
ReforzarBrillo,ASM,2048,25704,25704
ReforzarBrillo,ASM,2048,29036,29036
ReforzarBrillo,ASM,2048,41310,41310
ReforzarBrillo,ASM,2048,25840,25840
ReforzarBrillo,ASM,2048,25636,25636
ReforzarBrillo,ASM,2048,25840,25840
ReforzarBrillo,ASM,2048,25670,25670
ReforzarBrillo,ASM,2048,26078,26078
ReforzarBrillo,ASM,2048,25534,25534
ReforzarBrillo,ASM,2048,25942,25942
ReforzarBrillo,ASM,2048,25670,25670
ReforzarBrillo,ASM,2048,25670,25670
ReforzarBrillo,ASM,2048,25806,25806
ReforzarBrillo,ASM,2048,25704,25704
ReforzarBrillo,ASM,2048,25636,25636
ReforzarBrillo,ASM,2048,25874,25874
ReforzarBrillo,ASM,2048,25500,25500
ReforzarBrillo,ASM,2048,25738,25738
ReforzarBrillo,ASM,2048,25568,25568
ReforzarBrillo,ASM,2048,25738,25738
ReforzarBrillo,ASM,2048,25466,25466
ReforzarBrillo,ASM,2048,25840,25840
ReforzarBrillo,ASM,2048,25534,25534
ReforzarBrillo,ASM,2048,25976,25976
ReforzarBrillo,ASM,2048,25534,25534
ReforzarBrillo,ASM,2048,25942,25942
ReforzarBrillo,ASM,2048,25636,25636
ReforzarBrillo,ASM,2048,25942,25942
ReforzarBrillo,ASM,2048,25670,25670
ReforzarBrillo,ASM,2048,25942,25942
ReforzarBrillo,ASM,2048,25704,25704
ReforzarBrillo,ASM,2048,25942,25942
ReforzarBrillo,ASM,2048,25670,25670
ReforzarBrillo,ASM,2048,25840,25840
ReforzarBrillo,ASM,2048,25636,25636
ReforzarBrillo,ASM,2048,26214,26214
ReforzarBrillo,ASM,2048,25704,25704
ReforzarBrillo,ASM,2048,25942,25942
ReforzarBrillo,ASM,2048,28560,28560
ReforzarBrillo,ASM,2048,25942,25942
ReforzarBrillo,ASM,2048,25908,25908
ReforzarBrillo,ASM,2048,25942,25942
ReforzarBrillo,ASM,2048,25942,25942
ReforzarBrillo,ASM,2048,26010,26010
ReforzarBrillo,ASM,2048,25704,25704
ReforzarBrillo,ASM,2048,25874,25874
ReforzarBrillo,ASM,2048,25942,25942
ReforzarBrillo,ASM,2048,25840,25840
ReforzarBrillo,ASM,2048,25670,25670
ReforzarBrillo,ASM,2048,25908,25908
ReforzarBrillo,ASM,2048,25874,25874
ReforzarBrillo,ASM,2048,34850,34850
ReforzarBrillo,ASM,2048,27404,27404
ReforzarBrillo,ASM,2048,26384,26384
ReforzarBrillo,ASM,2048,25806,25806
ReforzarBrillo,ASM,2048,25874,25874
ReforzarBrillo,ASM,2048,25738,25738
ReforzarBrillo,ASM,2048,25840,25840
ReforzarBrillo,ASM,2048,25602,25602
ReforzarBrillo,ASM,2048,26078,26078
ReforzarBrillo,ASM,2048,25602,25602
ReforzarBrillo,ASM,2048,25670,25670
ReforzarBrillo,ASM,2048,25772,25772
ReforzarBrillo,ASM,2048,25908,25908
ReforzarBrillo,ASM,2048,25636,25636
ReforzarBrillo,ASM,2048,25942,25942
ReforzarBrillo,ASM,2048,25670,25670
ReforzarBrillo,ASM,2048,25840,25840
ReforzarBrillo,ASM,2048,25908,25908
ReforzarBrillo,ASM,2048,25602,25602
ReforzarBrillo,ASM,2048,25568,25568
ReforzarBrillo,ASM,2048,26010,26010
ReforzarBrillo,ASM,2048,25636,25636
ReforzarBrillo,ASM,2048,25942,25942
ReforzarBrillo,ASM,2048,25534,25534
ReforzarBrillo,ASM,2048,25738,25738
ReforzarBrillo,ASM,2048,25534,25534
ReforzarBrillo,ASM,2048,26010,26010
ReforzarBrillo,ASM,2048,25704,25704
ReforzarBrillo,ASM,2048,26146,26146
ReforzarBrillo,ASM,2048,25704,25704
ReforzarBrillo,ASM,2048,25568,25568
ReforzarBrillo,ASM,2048,25704,25704
ReforzarBrillo,ASM,2048,30770,30770
ReforzarBrillo,ASM,2048,30702,30702
ReforzarBrillo,ASM,2048,31144,31144
ReforzarBrillo,ASM,2048,32538,32538
ReforzarBrillo,ASM,2048,32912,32912
ReforzarBrillo,ASM,2048,31756,31756
ReforzarBrillo,ASM,2048,26418,26418
ReforzarBrillo,ASM,2048,25568,25568
ReforzarBrillo,ASM,2048,26146,26146
ReforzarBrillo,ASM,2048,25738,25738
ReforzarBrillo,ASM,2048,26112,26112
ReforzarBrillo,ASM,2048,25670,25670
ReforzarBrillo,ASM,2048,26214,26214
ReforzarBrillo,ASM,2048,25636,25636
ReforzarBrillo,ASM,2048,26010,26010
ReforzarBrillo,ASM,2048,31994,31994
ReforzarBrillo,ASM,2048,32572,32572
ReforzarBrillo,ASM,2048,30226,30226
ReforzarBrillo,ASM,2048,30532,30532
ReforzarBrillo,ASM,2048,32028,32028
ReforzarBrillo,ASM,2048,30532,30532
ReforzarBrillo,ASM,2048,30804,30804
ReforzarBrillo,ASM,2048,31076,31076
ReforzarBrillo,ASM,2048,30430,30430
ReforzarBrillo,ASM,2048,30668,30668
ReforzarBrillo,ASM,8192,103020,103020
ReforzarBrillo,ASM,8192,99790,99790
ReforzarBrillo,ASM,8192,99280,99280
ReforzarBrillo,ASM,8192,97954,97954
ReforzarBrillo,ASM,8192,97886,97886
ReforzarBrillo,ASM,8192,96832,96832
ReforzarBrillo,ASM,8192,97104,97104
ReforzarBrillo,ASM,8192,98056,98056
ReforzarBrillo,ASM,8192,97308,97308
ReforzarBrillo,ASM,8192,97138,97138
ReforzarBrillo,ASM,8192,97274,97274
ReforzarBrillo,ASM,8192,96764,96764
ReforzarBrillo,ASM,8192,97070,97070
ReforzarBrillo,ASM,8192,96798,96798
ReforzarBrillo,ASM,8192,96594,96594
ReforzarBrillo,ASM,8192,96832,96832
ReforzarBrillo,ASM,8192,95880,95880
ReforzarBrillo,ASM,8192,96458,96458
ReforzarBrillo,ASM,8192,95642,95642
ReforzarBrillo,ASM,8192,96458,96458
ReforzarBrillo,ASM,8192,96526,96526
ReforzarBrillo,ASM,8192,96016,96016
ReforzarBrillo,ASM,8192,96492,96492
ReforzarBrillo,ASM,8192,96594,96594
ReforzarBrillo,ASM,8192,113934,113934
ReforzarBrillo,ASM,8192,126888,126888
ReforzarBrillo,ASM,8192,95982,95982
ReforzarBrillo,ASM,8192,96696,96696
ReforzarBrillo,ASM,8192,96730,96730
ReforzarBrillo,ASM,8192,96118,96118
ReforzarBrillo,ASM,8192,96322,96322
ReforzarBrillo,ASM,8192,96050,96050
ReforzarBrillo,ASM,8192,96424,96424
ReforzarBrillo,ASM,8192,127466,127466
ReforzarBrillo,ASM,8192,96798,96798
ReforzarBrillo,ASM,8192,96492,96492
ReforzarBrillo,ASM,8192,96798,96798
ReforzarBrillo,ASM,8192,110568,110568
ReforzarBrillo,ASM,8192,118864,118864
ReforzarBrillo,ASM,8192,105774,105774
ReforzarBrillo,ASM,8192,105366,105366
ReforzarBrillo,ASM,8192,105128,105128
ReforzarBrillo,ASM,8192,105570,105570
ReforzarBrillo,ASM,8192,113084,113084
ReforzarBrillo,ASM,8192,105128,105128
ReforzarBrillo,ASM,8192,104278,104278
ReforzarBrillo,ASM,8192,104754,104754
ReforzarBrillo,ASM,8192,104482,104482
ReforzarBrillo,ASM,8192,96764,96764
ReforzarBrillo,ASM,8192,96560,96560
ReforzarBrillo,ASM,8192,96220,96220
ReforzarBrillo,ASM,8192,96492,96492
ReforzarBrillo,ASM,8192,95846,95846
ReforzarBrillo,ASM,8192,96084,96084
ReforzarBrillo,ASM,8192,96050,96050
ReforzarBrillo,ASM,8192,95710,95710
ReforzarBrillo,ASM,8192,96390,96390
ReforzarBrillo,ASM,8192,105026,105026
ReforzarBrillo,ASM,8192,104414,104414
ReforzarBrillo,ASM,8192,104686,104686
ReforzarBrillo,ASM,8192,104244,104244
ReforzarBrillo,ASM,8192,104346,104346
ReforzarBrillo,ASM,8192,104720,104720
ReforzarBrillo,ASM,8192,104448,104448
ReforzarBrillo,ASM,8192,104448,104448
ReforzarBrillo,ASM,8192,105196,105196
ReforzarBrillo,ASM,8192,105026,105026
ReforzarBrillo,ASM,8192,104856,104856
ReforzarBrillo,ASM,8192,96356,96356
ReforzarBrillo,ASM,8192,95880,95880
ReforzarBrillo,ASM,8192,96254,96254
ReforzarBrillo,ASM,8192,95438,95438
ReforzarBrillo,ASM,8192,96186,96186
ReforzarBrillo,ASM,8192,105706,105706
ReforzarBrillo,ASM,8192,104720,104720
ReforzarBrillo,ASM,8192,104652,104652
ReforzarBrillo,ASM,8192,104414,104414
ReforzarBrillo,ASM,8192,104652,104652
ReforzarBrillo,ASM,8192,104550,104550
ReforzarBrillo,ASM,8192,110670,110670
ReforzarBrillo,ASM,8192,122366,122366
ReforzarBrillo,ASM,8192,120326,120326
ReforzarBrillo,ASM,8192,95778,95778
ReforzarBrillo,ASM,8192,96016,96016
ReforzarBrillo,ASM,8192,131104,131104
ReforzarBrillo,ASM,8192,116518,116518
ReforzarBrillo,ASM,8192,105366,105366
ReforzarBrillo,ASM,8192,96152,96152
ReforzarBrillo,ASM,8192,96628,96628
ReforzarBrillo,ASM,8192,95744,95744
ReforzarBrillo,ASM,8192,95506,95506
ReforzarBrillo,ASM,8192,94996,94996
ReforzarBrillo,ASM,8192,96696,96696
ReforzarBrillo,ASM,8192,95880,95880
ReforzarBrillo,ASM,8192,96016,96016
ReforzarBrillo,ASM,8192,95812,95812
ReforzarBrillo,ASM,8192,95812,95812
ReforzarBrillo,ASM,8192,96628,96628
ReforzarBrillo,ASM,8192,96186,96186
ReforzarBrillo,ASM,8192,96050,96050
ReforzarBrillo,ASM,8192,96186,96186
ReforzarBrillo,ASM,8192,95472,95472
ReforzarBrillo,ASM,8192,96254,96254
ReforzarBrillo,ASM,8192,96356,96356
ReforzarBrillo,ASM,8192,95982,95982
ReforzarBrillo,ASM,8192,96050,96050
ReforzarBrillo,ASM,8192,95676,95676
ReforzarBrillo,ASM,8192,95302,95302
ReforzarBrillo,ASM,8192,96016,96016
ReforzarBrillo,ASM,8192,96050,96050
ReforzarBrillo,ASM,8192,96220,96220
ReforzarBrillo,ASM,8192,96050,96050
ReforzarBrillo,ASM,8192,96288,96288
ReforzarBrillo,ASM,8192,95744,95744
ReforzarBrillo,ASM,8192,96186,96186
ReforzarBrillo,ASM,8192,112030,112030
ReforzarBrillo,ASM,8192,104448,104448
ReforzarBrillo,ASM,8192,96186,96186
ReforzarBrillo,ASM,8192,95846,95846
ReforzarBrillo,ASM,8192,95336,95336
ReforzarBrillo,ASM,8192,95404,95404
ReforzarBrillo,ASM,8192,95676,95676
ReforzarBrillo,ASM,8192,96186,96186
ReforzarBrillo,ASM,8192,95234,95234
ReforzarBrillo,ASM,8192,96322,96322
ReforzarBrillo,ASM,8192,95812,95812
ReforzarBrillo,ASM,8192,97002,97002
ReforzarBrillo,ASM,8192,96288,96288
ReforzarBrillo,ASM,8192,118898,118898
ReforzarBrillo,ASM,8192,96084,96084
ReforzarBrillo,ASM,8192,96016,96016
ReforzarBrillo,ASM,8192,96322,96322
ReforzarBrillo,ASM,8192,96050,96050
ReforzarBrillo,ASM,8192,96084,96084
ReforzarBrillo,ASM,8192,96730,96730
ReforzarBrillo,ASM,8192,96934,96934
ReforzarBrillo,ASM,8192,96356,96356
ReforzarBrillo,ASM,8192,96220,96220
ReforzarBrillo,ASM,8192,96050,96050
ReforzarBrillo,ASM,8192,96220,96220
ReforzarBrillo,ASM,8192,96118,96118
ReforzarBrillo,ASM,8192,96050,96050
ReforzarBrillo,ASM,8192,96356,96356
ReforzarBrillo,ASM,8192,96560,96560
ReforzarBrillo,ASM,8192,96390,96390
ReforzarBrillo,ASM,8192,95506,95506
ReforzarBrillo,ASM,8192,108902,108902
ReforzarBrillo,ASM,8192,122060,122060
ReforzarBrillo,ASM,8192,105638,105638
ReforzarBrillo,ASM,8192,104686,104686
ReforzarBrillo,ASM,8192,104652,104652
ReforzarBrillo,ASM,8192,104618,104618
ReforzarBrillo,ASM,8192,104958,104958
ReforzarBrillo,ASM,8192,104414,104414
ReforzarBrillo,ASM,8192,104584,104584
ReforzarBrillo,ASM,8192,104516,104516
ReforzarBrillo,ASM,8192,104992,104992
ReforzarBrillo,ASM,8192,104788,104788
ReforzarBrillo,ASM,8192,104686,104686
ReforzarBrillo,ASM,8192,104856,104856
ReforzarBrillo,ASM,8192,104958,104958
ReforzarBrillo,ASM,8192,104652,104652
ReforzarBrillo,ASM,8192,104788,104788
ReforzarBrillo,ASM,8192,104550,104550
ReforzarBrillo,ASM,8192,105026,105026
ReforzarBrillo,ASM,8192,104380,104380
ReforzarBrillo,ASM,8192,104618,104618
ReforzarBrillo,ASM,8192,104414,104414
ReforzarBrillo,ASM,8192,104788,104788
ReforzarBrillo,ASM,8192,104924,104924
ReforzarBrillo,ASM,8192,104448,104448
ReforzarBrillo,ASM,8192,104754,104754
ReforzarBrillo,ASM,8192,104958,104958
ReforzarBrillo,ASM,8192,104380,104380
ReforzarBrillo,ASM,8192,118932,118932
ReforzarBrillo,ASM,8192,96322,96322
ReforzarBrillo,ASM,8192,95642,95642
ReforzarBrillo,ASM,8192,95404,95404
ReforzarBrillo,ASM,8192,96390,96390
ReforzarBrillo,ASM,8192,95880,95880
ReforzarBrillo,ASM,8192,96084,96084
ReforzarBrillo,ASM,8192,96458,96458
ReforzarBrillo,ASM,8192,96016,96016
ReforzarBrillo,ASM,8192,96458,96458
ReforzarBrillo,ASM,8192,96458,96458
ReforzarBrillo,ASM,8192,95744,95744
ReforzarBrillo,ASM,8192,96152,96152
ReforzarBrillo,ASM,8192,96152,96152
ReforzarBrillo,ASM,8192,95676,95676
ReforzarBrillo,ASM,8192,122876,122876
ReforzarBrillo,ASM,8192,96594,96594
ReforzarBrillo,ASM,8192,96322,96322
ReforzarBrillo,ASM,8192,116586,116586
ReforzarBrillo,ASM,8192,125698,125698
ReforzarBrillo,ASM,8192,111962,111962
ReforzarBrillo,ASM,8192,104652,104652
ReforzarBrillo,ASM,8192,105060,105060
ReforzarBrillo,ASM,8192,104720,104720
ReforzarBrillo,ASM,8192,104550,104550
ReforzarBrillo,ASM,8192,96390,96390
ReforzarBrillo,ASM,8192,95982,95982
ReforzarBrillo,ASM,8192,95642,95642
ReforzarBrillo,ASM,8192,96084,96084
ReforzarBrillo,ASM,8192,96594,96594
ReforzarBrillo,ASM,8192,95676,95676
ReforzarBrillo,ASM,8192,96220,96220
ReforzarBrillo,ASM,8192,95812,95812
ReforzarBrillo,ASM,8192,96322,96322
ReforzarBrillo,ASM,8192,115090,115090
ReforzarBrillo,ASM,8192,96492,96492
ReforzarBrillo,ASM,8192,96016,96016
ReforzarBrillo,ASM,8192,128214,128214
ReforzarBrillo,ASM,8192,96118,96118
ReforzarBrillo,ASM,8192,96356,96356
ReforzarBrillo,ASM,8192,95914,95914
ReforzarBrillo,ASM,8192,96322,96322
ReforzarBrillo,ASM,8192,96186,96186
ReforzarBrillo,ASM,8192,96220,96220
ReforzarBrillo,ASM,8192,96322,96322
ReforzarBrillo,ASM,8192,95846,95846
ReforzarBrillo,ASM,8192,96186,96186
ReforzarBrillo,ASM,8192,95744,95744
ReforzarBrillo,ASM,8192,96016,96016
ReforzarBrillo,ASM,8192,108086,108086
ReforzarBrillo,ASM,8192,96118,96118
ReforzarBrillo,ASM,8192,96560,96560
ReforzarBrillo,ASM,8192,96968,96968
ReforzarBrillo,ASM,8192,95642,95642
ReforzarBrillo,ASM,8192,96050,96050
ReforzarBrillo,ASM,8192,96730,96730
ReforzarBrillo,ASM,8192,96152,96152
ReforzarBrillo,ASM,8192,96526,96526
ReforzarBrillo,ASM,8192,96016,96016
ReforzarBrillo,ASM,8192,96152,96152
ReforzarBrillo,ASM,8192,96254,96254
ReforzarBrillo,ASM,8192,96322,96322
ReforzarBrillo,ASM,8192,96186,96186
ReforzarBrillo,ASM,8192,96186,96186
ReforzarBrillo,ASM,8192,111826,111826
ReforzarBrillo,ASM,8192,142698,142698
ReforzarBrillo,ASM,8192,104448,104448
ReforzarBrillo,ASM,8192,95914,95914
ReforzarBrillo,ASM,8192,96458,96458
ReforzarBrillo,ASM,8192,95608,95608
ReforzarBrillo,ASM,8192,122128,122128
ReforzarBrillo,ASM,8192,109718,109718
ReforzarBrillo,ASM,8192,104584,104584
ReforzarBrillo,ASM,8192,104584,104584
ReforzarBrillo,ASM,8192,104380,104380
ReforzarBrillo,ASM,8192,104720,104720
ReforzarBrillo,ASM,8192,104414,104414
ReforzarBrillo,ASM,8192,114818,114818
ReforzarBrillo,ASM,8192,115804,115804
ReforzarBrillo,ASM,8192,104822,104822
ReforzarBrillo,ASM,8192,104652,104652
ReforzarBrillo,ASM,8192,104856,104856
ReforzarBrillo,ASM,8192,104516,104516
ReforzarBrillo,ASM,8192,104380,104380
ReforzarBrillo,ASM,8192,104788,104788
ReforzarBrillo,ASM,8192,104720,104720
ReforzarBrillo,ASM,8192,104720,104720
ReforzarBrillo,ASM,8192,104686,104686
ReforzarBrillo,ASM,8192,96186,96186
ReforzarBrillo,ASM,8192,95778,95778
ReforzarBrillo,ASM,8192,95574,95574
ReforzarBrillo,ASM,8192,95812,95812
ReforzarBrillo,ASM,8192,96288,96288
ReforzarBrillo,ASM,8192,95914,95914
ReforzarBrillo,ASM,8192,95710,95710
ReforzarBrillo,ASM,8192,95948,95948
ReforzarBrillo,ASM,8192,96118,96118
ReforzarBrillo,ASM,8192,95506,95506
ReforzarBrillo,ASM,8192,95914,95914
ReforzarBrillo,ASM,8192,95540,95540
ReforzarBrillo,ASM,8192,95710,95710
ReforzarBrillo,ASM,8192,96016,96016
ReforzarBrillo,ASM,8192,95744,95744
ReforzarBrillo,ASM,8192,96050,96050
ReforzarBrillo,ASM,8192,96662,96662
ReforzarBrillo,ASM,8192,96152,96152
ReforzarBrillo,ASM,8192,95506,95506
ReforzarBrillo,ASM,8192,95064,95064
ReforzarBrillo,ASM,8192,95642,95642
ReforzarBrillo,ASM,8192,95200,95200
ReforzarBrillo,ASM,8192,96152,96152
ReforzarBrillo,ASM,8192,95948,95948
ReforzarBrillo,ASM,8192,95472,95472
ReforzarBrillo,ASM,8192,95812,95812
ReforzarBrillo,ASM,8192,97138,97138
ReforzarBrillo,ASM,8192,95778,95778
ReforzarBrillo,ASM,8192,95914,95914
ReforzarBrillo,ASM,8192,96662,96662
ReforzarBrillo,ASM,8192,124950,124950
ReforzarBrillo,ASM,8192,120462,120462
ReforzarBrillo,ASM,8192,96016,96016
ReforzarBrillo,ASM,8192,96254,96254
ReforzarBrillo,ASM,8192,96220,96220
ReforzarBrillo,ASM,8192,95812,95812
ReforzarBrillo,ASM,8192,96084,96084
ReforzarBrillo,ASM,8192,95574,95574
ReforzarBrillo,ASM,32768,893928,893928
ReforzarBrillo,ASM,32768,880702,880702
ReforzarBrillo,ASM,32768,529584,529584
ReforzarBrillo,ASM,32768,447236,447236
ReforzarBrillo,ASM,32768,443292,443292
ReforzarBrillo,ASM,32768,391442,391442
ReforzarBrillo,ASM,32768,391510,391510
ReforzarBrillo,ASM,32768,406198,406198
ReforzarBrillo,ASM,32768,394740,394740
ReforzarBrillo,ASM,32768,447610,447610
ReforzarBrillo,ASM,32768,391102,391102
ReforzarBrillo,ASM,32768,389708,389708
ReforzarBrillo,ASM,32768,389640,389640
ReforzarBrillo,ASM,32768,389504,389504
ReforzarBrillo,ASM,32768,351254,351254
ReforzarBrillo,ASM,32768,348024,348024
ReforzarBrillo,ASM,32768,349826,349826
ReforzarBrillo,ASM,32768,396678,396678
ReforzarBrillo,ASM,32768,419662,419662
ReforzarBrillo,ASM,32768,370260,370260
ReforzarBrillo,ASM,32768,355062,355062
ReforzarBrillo,ASM,32768,354280,354280
ReforzarBrillo,ASM,32768,355470,355470
ReforzarBrillo,ASM,32768,355164,355164
ReforzarBrillo,ASM,32768,362440,362440
ReforzarBrillo,ASM,32768,353226,353226
ReforzarBrillo,ASM,32768,354008,354008
ReforzarBrillo,ASM,32768,352750,352750
ReforzarBrillo,ASM,32768,354620,354620
ReforzarBrillo,ASM,32768,433772,433772
ReforzarBrillo,ASM,32768,355232,355232
ReforzarBrillo,ASM,32768,353396,353396
ReforzarBrillo,ASM,32768,354212,354212
ReforzarBrillo,ASM,32768,352818,352818
ReforzarBrillo,ASM,32768,354246,354246
ReforzarBrillo,ASM,32768,354484,354484
ReforzarBrillo,ASM,32768,354518,354518
ReforzarBrillo,ASM,32768,580142,580142
ReforzarBrillo,ASM,32768,353464,353464
ReforzarBrillo,ASM,32768,353192,353192
ReforzarBrillo,ASM,32768,355334,355334
ReforzarBrillo,ASM,32768,394604,394604
ReforzarBrillo,ASM,32768,353464,353464
ReforzarBrillo,ASM,32768,591056,591056
ReforzarBrillo,ASM,32768,354552,354552
ReforzarBrillo,ASM,32768,353736,353736
ReforzarBrillo,ASM,32768,354450,354450
ReforzarBrillo,ASM,32768,352546,352546
ReforzarBrillo,ASM,32768,353872,353872
ReforzarBrillo,ASM,32768,352342,352342
ReforzarBrillo,ASM,32768,354824,354824
ReforzarBrillo,ASM,32768,353396,353396
ReforzarBrillo,ASM,32768,353872,353872
ReforzarBrillo,ASM,32768,395216,395216
ReforzarBrillo,ASM,32768,355028,355028
ReforzarBrillo,ASM,32768,352138,352138
ReforzarBrillo,ASM,32768,354552,354552
ReforzarBrillo,ASM,32768,352886,352886
ReforzarBrillo,ASM,32768,355334,355334
ReforzarBrillo,ASM,32768,355912,355912
ReforzarBrillo,ASM,32768,363834,363834
ReforzarBrillo,ASM,32768,354008,354008
ReforzarBrillo,ASM,32768,354518,354518
ReforzarBrillo,ASM,32768,386682,386682
ReforzarBrillo,ASM,32768,426122,426122
ReforzarBrillo,ASM,32768,445298,445298
ReforzarBrillo,ASM,32768,728484,728484
ReforzarBrillo,ASM,32768,395760,395760
ReforzarBrillo,ASM,32768,1695138,1695138
ReforzarBrillo,ASM,32768,470016,470016
ReforzarBrillo,ASM,32768,470152,470152
ReforzarBrillo,ASM,32768,452336,452336
ReforzarBrillo,ASM,32768,450058,450058
ReforzarBrillo,ASM,32768,470832,470832
ReforzarBrillo,ASM,32768,396610,396610
ReforzarBrillo,ASM,32768,401166,401166
ReforzarBrillo,ASM,32768,396644,396644
ReforzarBrillo,ASM,32768,414664,414664
ReforzarBrillo,ASM,32768,395488,395488
ReforzarBrillo,ASM,32768,407354,407354
ReforzarBrillo,ASM,32768,395488,395488
ReforzarBrillo,ASM,32768,353192,353192
ReforzarBrillo,ASM,32768,374374,374374
ReforzarBrillo,ASM,32768,353464,353464
ReforzarBrillo,ASM,32768,395148,395148
ReforzarBrillo,ASM,32768,353430,353430
ReforzarBrillo,ASM,32768,353906,353906
ReforzarBrillo,ASM,32768,353022,353022
ReforzarBrillo,ASM,32768,354858,354858
ReforzarBrillo,ASM,32768,352376,352376
ReforzarBrillo,ASM,32768,352138,352138
ReforzarBrillo,ASM,32768,438600,438600
ReforzarBrillo,ASM,32768,419798,419798
ReforzarBrillo,ASM,32768,354552,354552
ReforzarBrillo,ASM,32768,355878,355878
ReforzarBrillo,ASM,32768,352240,352240
ReforzarBrillo,ASM,32768,395318,395318
ReforzarBrillo,ASM,32768,418234,418234
ReforzarBrillo,ASM,32768,354042,354042
ReforzarBrillo,ASM,32768,474164,474164
ReforzarBrillo,ASM,32768,482800,482800
ReforzarBrillo,ASM,32768,480012,480012
ReforzarBrillo,ASM,32768,481576,481576
ReforzarBrillo,ASM,32768,512346,512346
ReforzarBrillo,ASM,32768,399704,399704
ReforzarBrillo,ASM,32768,468418,468418
ReforzarBrillo,ASM,32768,394944,394944
ReforzarBrillo,ASM,32768,393550,393550
ReforzarBrillo,ASM,32768,354076,354076
ReforzarBrillo,ASM,32768,352172,352172
ReforzarBrillo,ASM,32768,350404,350404
ReforzarBrillo,ASM,32768,348500,348500
ReforzarBrillo,ASM,32768,372300,372300
ReforzarBrillo,ASM,32768,348534,348534
ReforzarBrillo,ASM,32768,389810,389810
ReforzarBrillo,ASM,32768,389946,389946
ReforzarBrillo,ASM,32768,349044,349044
ReforzarBrillo,ASM,32768,406878,406878
ReforzarBrillo,ASM,32768,390082,390082
ReforzarBrillo,ASM,32768,349010,349010
ReforzarBrillo,ASM,32768,367574,367574
ReforzarBrillo,ASM,32768,348908,348908
ReforzarBrillo,ASM,32768,349962,349962
ReforzarBrillo,ASM,32768,349044,349044
ReforzarBrillo,ASM,32768,348976,348976
ReforzarBrillo,ASM,32768,347310,347310
ReforzarBrillo,ASM,32768,350098,350098
ReforzarBrillo,ASM,32768,586636,586636
ReforzarBrillo,ASM,32768,452778,452778
ReforzarBrillo,ASM,32768,395182,395182
ReforzarBrillo,ASM,32768,352104,352104
ReforzarBrillo,ASM,32768,349894,349894
ReforzarBrillo,ASM,32768,350336,350336
ReforzarBrillo,ASM,32768,349350,349350
ReforzarBrillo,ASM,32768,350336,350336
ReforzarBrillo,ASM,32768,349792,349792
ReforzarBrillo,ASM,32768,350030,350030
ReforzarBrillo,ASM,32768,349656,349656
ReforzarBrillo,ASM,32768,350200,350200
ReforzarBrillo,ASM,32768,389606,389606
ReforzarBrillo,ASM,32768,349350,349350
ReforzarBrillo,ASM,32768,387192,387192
ReforzarBrillo,ASM,32768,390728,390728
ReforzarBrillo,ASM,32768,389946,389946
ReforzarBrillo,ASM,32768,390286,390286
ReforzarBrillo,ASM,32768,403410,403410
ReforzarBrillo,ASM,32768,391238,391238
ReforzarBrillo,ASM,32768,388654,388654
ReforzarBrillo,ASM,32768,391000,391000
ReforzarBrillo,ASM,32768,389300,389300
ReforzarBrillo,ASM,32768,391136,391136
ReforzarBrillo,ASM,32768,388552,388552
ReforzarBrillo,ASM,32768,389436,389436
ReforzarBrillo,ASM,32768,404600,404600
ReforzarBrillo,ASM,32768,389368,389368
ReforzarBrillo,ASM,32768,389368,389368
ReforzarBrillo,ASM,32768,388416,388416
ReforzarBrillo,ASM,32768,402526,402526
ReforzarBrillo,ASM,32768,390320,390320
ReforzarBrillo,ASM,32768,347718,347718
ReforzarBrillo,ASM,32768,348908,348908
ReforzarBrillo,ASM,32768,347344,347344
ReforzarBrillo,ASM,32768,389912,389912
ReforzarBrillo,ASM,32768,350540,350540
ReforzarBrillo,ASM,32768,350234,350234
ReforzarBrillo,ASM,32768,348194,348194
ReforzarBrillo,ASM,32768,349724,349724
ReforzarBrillo,ASM,32768,349146,349146
ReforzarBrillo,ASM,32768,349724,349724
ReforzarBrillo,ASM,32768,347174,347174
ReforzarBrillo,ASM,32768,360400,360400
ReforzarBrillo,ASM,32768,348704,348704
ReforzarBrillo,ASM,32768,351424,351424
ReforzarBrillo,ASM,32768,348738,348738
ReforzarBrillo,ASM,32768,351628,351628
ReforzarBrillo,ASM,32768,601528,601528
ReforzarBrillo,ASM,32768,349078,349078
ReforzarBrillo,ASM,32768,389266,389266
ReforzarBrillo,ASM,32768,369240,369240
ReforzarBrillo,ASM,32768,349316,349316
ReforzarBrillo,ASM,32768,350608,350608
ReforzarBrillo,ASM,32768,406504,406504
ReforzarBrillo,ASM,32768,350880,350880
ReforzarBrillo,ASM,32768,348738,348738
ReforzarBrillo,ASM,32768,349248,349248
ReforzarBrillo,ASM,32768,389164,389164
ReforzarBrillo,ASM,32768,349962,349962
ReforzarBrillo,ASM,32768,348500,348500
ReforzarBrillo,ASM,32768,349622,349622
ReforzarBrillo,ASM,32768,348874,348874
ReforzarBrillo,ASM,32768,350982,350982
ReforzarBrillo,ASM,32768,349282,349282
ReforzarBrillo,ASM,32768,389470,389470
ReforzarBrillo,ASM,32768,390048,390048
ReforzarBrillo,ASM,32768,390762,390762
ReforzarBrillo,ASM,32768,389946,389946
ReforzarBrillo,ASM,32768,389912,389912
ReforzarBrillo,ASM,32768,422178,422178
ReforzarBrillo,ASM,32768,350472,350472
ReforzarBrillo,ASM,32768,348466,348466
ReforzarBrillo,ASM,32768,385254,385254
ReforzarBrillo,ASM,32768,410686,410686
ReforzarBrillo,ASM,32768,350778,350778
ReforzarBrillo,ASM,32768,348092,348092
ReforzarBrillo,ASM,32768,348738,348738
ReforzarBrillo,ASM,32768,348398,348398
ReforzarBrillo,ASM,32768,348942,348942
ReforzarBrillo,ASM,32768,348568,348568
ReforzarBrillo,ASM,32768,388722,388722
ReforzarBrillo,ASM,32768,349588,349588
ReforzarBrillo,ASM,32768,389810,389810
ReforzarBrillo,ASM,32768,389640,389640
ReforzarBrillo,ASM,32768,390150,390150
ReforzarBrillo,ASM,32768,388246,388246
ReforzarBrillo,ASM,32768,349554,349554
ReforzarBrillo,ASM,32768,1626220,1626220
ReforzarBrillo,ASM,32768,349792,349792
ReforzarBrillo,ASM,32768,388144,388144
ReforzarBrillo,ASM,32768,397120,397120
ReforzarBrillo,ASM,32768,347242,347242
ReforzarBrillo,ASM,32768,349724,349724
ReforzarBrillo,ASM,32768,374578,374578
ReforzarBrillo,ASM,32768,350506,350506
ReforzarBrillo,ASM,32768,349180,349180
ReforzarBrillo,ASM,32768,350064,350064
ReforzarBrillo,ASM,32768,388858,388858
ReforzarBrillo,ASM,32768,349996,349996
ReforzarBrillo,ASM,32768,400146,400146
ReforzarBrillo,ASM,32768,351560,351560
ReforzarBrillo,ASM,32768,349724,349724
ReforzarBrillo,ASM,32768,350812,350812
ReforzarBrillo,ASM,32768,389504,389504
ReforzarBrillo,ASM,32768,391680,391680
ReforzarBrillo,ASM,32768,398548,398548
ReforzarBrillo,ASM,32768,350166,350166
ReforzarBrillo,ASM,32768,388824,388824
ReforzarBrillo,ASM,32768,348772,348772
ReforzarBrillo,ASM,32768,420750,420750
ReforzarBrillo,ASM,32768,390388,390388
ReforzarBrillo,ASM,32768,454070,454070
ReforzarBrillo,ASM,32768,405246,405246
ReforzarBrillo,ASM,32768,401880,401880
ReforzarBrillo,ASM,32768,351560,351560
ReforzarBrillo,ASM,32768,350098,350098
ReforzarBrillo,ASM,32768,350778,350778
ReforzarBrillo,ASM,32768,349724,349724
ReforzarBrillo,ASM,32768,350438,350438
ReforzarBrillo,ASM,32768,349010,349010
ReforzarBrillo,ASM,32768,402492,402492
ReforzarBrillo,ASM,32768,349010,349010
ReforzarBrillo,ASM,32768,349248,349248
ReforzarBrillo,ASM,32768,347990,347990
ReforzarBrillo,ASM,32768,391068,391068
ReforzarBrillo,ASM,32768,389912,389912
ReforzarBrillo,ASM,32768,349758,349758
ReforzarBrillo,ASM,32768,389436,389436
ReforzarBrillo,ASM,32768,517922,517922
ReforzarBrillo,ASM,32768,474572,474572
ReforzarBrillo,ASM,32768,476816,476816
ReforzarBrillo,ASM,32768,524654,524654
ReforzarBrillo,ASM,32768,430372,430372
ReforzarBrillo,ASM,32768,393074,393074
ReforzarBrillo,ASM,32768,349248,349248
ReforzarBrillo,ASM,32768,348772,348772
ReforzarBrillo,ASM,32768,350948,350948
ReforzarBrillo,ASM,32768,350030,350030
ReforzarBrillo,ASM,32768,356048,356048
ReforzarBrillo,ASM,32768,394706,394706
ReforzarBrillo,ASM,32768,419730,419730
ReforzarBrillo,ASM,32768,354144,354144
ReforzarBrillo,ASM,32768,354450,354450
ReforzarBrillo,ASM,32768,352478,352478
ReforzarBrillo,ASM,32768,355368,355368
ReforzarBrillo,ASM,32768,354518,354518
ReforzarBrillo,ASM,32768,355028,355028
ReforzarBrillo,ASM,32768,355776,355776
ReforzarBrillo,ASM,32768,377570,377570
ReforzarBrillo,ASM,32768,394570,394570
ReforzarBrillo,ASM,32768,399874,399874
ReforzarBrillo,ASM,32768,439144,439144
ReforzarBrillo,ASM,32768,356286,356286
ReforzarBrillo,ASM,32768,352954,352954
ReforzarBrillo,ASM,32768,394162,394162
ReforzarBrillo,ASM,32768,365432,365432
ReforzarBrillo,ASM,32768,354960,354960
ReforzarBrillo,ASM,32768,353634,353634
ReforzarBrillo,ASM,32768,395386,395386
ReforzarBrillo,ASM,32768,400350,400350
ReforzarBrillo,ASM,32768,355402,355402
ReforzarBrillo,ASM,32768,354178,354178
ReforzarBrillo,ASM,32768,389912,389912
ReforzarBrillo,ASM,32768,353498,353498
ReforzarBrillo,ASM,32768,378080,378080
ReforzarBrillo,ASM,32768,353906,353906
ReforzarBrillo,ASM,32768,354212,354212
ReforzarBrillo,ASM,32768,353940,353940
ReforzarBrillo,ASM,32768,354246,354246
ReforzarBrillo,ASM,32768,352784,352784
ReforzarBrillo,ASM,32768,397800,397800
ReforzarBrillo,ASM,32768,354314,354314
ReforzarBrillo,ASM,120000,1185070,1185070
ReforzarBrillo,ASM,120000,1353540,1353540
ReforzarBrillo,ASM,120000,1335554,1335554
ReforzarBrillo,ASM,120000,1332868,1332868
ReforzarBrillo,ASM,120000,1333922,1333922
ReforzarBrillo,ASM,120000,1183064,1183064
ReforzarBrillo,ASM,120000,1163106,1163106
ReforzarBrillo,ASM,120000,1333956,1333956
ReforzarBrillo,ASM,120000,1165146,1165146
ReforzarBrillo,ASM,120000,1162528,1162528
ReforzarBrillo,ASM,120000,1165044,1165044
ReforzarBrillo,ASM,120000,2555270,2555270
ReforzarBrillo,ASM,120000,1163752,1163752
ReforzarBrillo,ASM,120000,1162732,1162732
ReforzarBrillo,ASM,120000,1372444,1372444
ReforzarBrillo,ASM,120000,1340280,1340280
ReforzarBrillo,ASM,120000,1333344,1333344
ReforzarBrillo,ASM,120000,1335826,1335826
ReforzarBrillo,ASM,120000,1163650,1163650
ReforzarBrillo,ASM,120000,1334262,1334262
ReforzarBrillo,ASM,120000,1333786,1333786
ReforzarBrillo,ASM,120000,1261264,1261264
ReforzarBrillo,ASM,120000,1241782,1241782
ReforzarBrillo,ASM,120000,1367480,1367480
ReforzarBrillo,ASM,120000,1352044,1352044
ReforzarBrillo,ASM,120000,1355784,1355784
ReforzarBrillo,ASM,120000,2649212,2649212
ReforzarBrillo,ASM,120000,1336472,1336472
ReforzarBrillo,ASM,120000,1413754,1413754
ReforzarBrillo,ASM,120000,1400392,1400392
ReforzarBrillo,ASM,120000,1177522,1177522
ReforzarBrillo,ASM,120000,1180752,1180752
ReforzarBrillo,ASM,120000,1302608,1302608
ReforzarBrillo,ASM,120000,1369078,1369078
ReforzarBrillo,ASM,120000,1237396,1237396
ReforzarBrillo,ASM,120000,1373974,1373974
ReforzarBrillo,ASM,120000,1215024,1215024
ReforzarBrillo,ASM,120000,1352656,1352656
ReforzarBrillo,ASM,120000,1178270,1178270
ReforzarBrillo,ASM,120000,1178542,1178542
ReforzarBrillo,ASM,120000,1179120,1179120
ReforzarBrillo,ASM,120000,1375776,1375776
ReforzarBrillo,ASM,120000,1421438,1421438
ReforzarBrillo,ASM,120000,1349800,1349800
ReforzarBrillo,ASM,120000,1587188,1587188
ReforzarBrillo,ASM,120000,1370302,1370302
ReforzarBrillo,ASM,120000,1278298,1278298
ReforzarBrillo,ASM,120000,1178712,1178712
ReforzarBrillo,ASM,120000,1178304,1178304
ReforzarBrillo,ASM,120000,1180106,1180106
ReforzarBrillo,ASM,120000,1183132,1183132
ReforzarBrillo,ASM,120000,1178508,1178508
ReforzarBrillo,ASM,120000,1230834,1230834
ReforzarBrillo,ASM,120000,1223218,1223218
ReforzarBrillo,ASM,120000,1179120,1179120
ReforzarBrillo,ASM,120000,1178542,1178542
ReforzarBrillo,ASM,120000,1226006,1226006
ReforzarBrillo,ASM,120000,1349256,1349256
ReforzarBrillo,ASM,120000,1544280,1544280
ReforzarBrillo,ASM,120000,1666714,1666714
ReforzarBrillo,ASM,120000,1187688,1187688
ReforzarBrillo,ASM,120000,1355920,1355920
ReforzarBrillo,ASM,120000,1350752,1350752
ReforzarBrillo,ASM,120000,1169430,1169430
ReforzarBrillo,ASM,120000,1599122,1599122
ReforzarBrillo,ASM,120000,1574574,1574574
ReforzarBrillo,ASM,120000,1513034,1513034
ReforzarBrillo,ASM,120000,1350854,1350854
ReforzarBrillo,ASM,120000,1342694,1342694
ReforzarBrillo,ASM,120000,1371934,1371934
ReforzarBrillo,ASM,120000,1362278,1362278
ReforzarBrillo,ASM,120000,1342014,1342014
ReforzarBrillo,ASM,120000,1366732,1366732
ReforzarBrillo,ASM,120000,1344768,1344768
ReforzarBrillo,ASM,120000,1171266,1171266
ReforzarBrillo,ASM,120000,1360476,1360476
ReforzarBrillo,ASM,120000,1343068,1343068
ReforzarBrillo,ASM,120000,1343340,1343340
ReforzarBrillo,ASM,120000,1342524,1342524
ReforzarBrillo,ASM,120000,1171640,1171640
ReforzarBrillo,ASM,120000,1388764,1388764
ReforzarBrillo,ASM,120000,1203634,1203634
ReforzarBrillo,ASM,120000,1340416,1340416
ReforzarBrillo,ASM,120000,1170484,1170484
ReforzarBrillo,ASM,120000,1333514,1333514
ReforzarBrillo,ASM,120000,1331576,1331576
ReforzarBrillo,ASM,120000,1162018,1162018
ReforzarBrillo,ASM,120000,1338308,1338308
ReforzarBrillo,ASM,120000,1660458,1660458
ReforzarBrillo,ASM,120000,1166098,1166098
ReforzarBrillo,ASM,120000,1165826,1165826
ReforzarBrillo,ASM,120000,1164024,1164024
ReforzarBrillo,ASM,120000,1173204,1173204
ReforzarBrillo,ASM,120000,1321614,1321614
ReforzarBrillo,ASM,120000,1163514,1163514
ReforzarBrillo,ASM,120000,1164908,1164908
ReforzarBrillo,ASM,120000,1225292,1225292
ReforzarBrillo,ASM,120000,1349188,1349188
ReforzarBrillo,ASM,120000,1350752,1350752
ReforzarBrillo,ASM,120000,1163310,1163310
ReforzarBrillo,ASM,120000,1338104,1338104
ReforzarBrillo,ASM,120000,1330420,1330420
ReforzarBrillo,ASM,120000,1163582,1163582
ReforzarBrillo,ASM,120000,1744132,1744132
ReforzarBrillo,ASM,120000,1163956,1163956
ReforzarBrillo,ASM,120000,1333582,1333582
ReforzarBrillo,ASM,120000,1377680,1377680
ReforzarBrillo,ASM,120000,1164160,1164160
ReforzarBrillo,ASM,120000,1333752,1333752
ReforzarBrillo,ASM,120000,1358130,1358130
ReforzarBrillo,ASM,120000,1333344,1333344
ReforzarBrillo,ASM,120000,1358436,1358436
ReforzarBrillo,ASM,120000,1162936,1162936
ReforzarBrillo,ASM,120000,1162834,1162834
ReforzarBrillo,ASM,120000,1331678,1331678
ReforzarBrillo,ASM,120000,1332052,1332052
ReforzarBrillo,ASM,120000,1164704,1164704
ReforzarBrillo,ASM,120000,1328992,1328992
ReforzarBrillo,ASM,120000,1334806,1334806
ReforzarBrillo,ASM,120000,1276700,1276700
ReforzarBrillo,ASM,120000,1194046,1194046
ReforzarBrillo,ASM,120000,1163378,1163378
ReforzarBrillo,ASM,120000,1332698,1332698
ReforzarBrillo,ASM,120000,1335996,1335996
ReforzarBrillo,ASM,120000,1271226,1271226
ReforzarBrillo,ASM,120000,1332460,1332460
ReforzarBrillo,ASM,120000,1164500,1164500
ReforzarBrillo,ASM,120000,1346604,1346604
ReforzarBrillo,ASM,120000,1197684,1197684
ReforzarBrillo,ASM,120000,1375028,1375028
ReforzarBrillo,ASM,120000,1183506,1183506
ReforzarBrillo,ASM,120000,1331746,1331746
ReforzarBrillo,ASM,120000,1163650,1163650
ReforzarBrillo,ASM,120000,1162256,1162256
ReforzarBrillo,ASM,120000,1346910,1346910
ReforzarBrillo,ASM,120000,1333990,1333990
ReforzarBrillo,ASM,120000,1332494,1332494
ReforzarBrillo,ASM,120000,1334296,1334296
ReforzarBrillo,ASM,120000,1163582,1163582
ReforzarBrillo,ASM,120000,1327190,1327190
ReforzarBrillo,ASM,120000,1363366,1363366
ReforzarBrillo,ASM,120000,1162256,1162256
ReforzarBrillo,ASM,120000,1163650,1163650
ReforzarBrillo,ASM,120000,1333922,1333922
ReforzarBrillo,ASM,120000,1335248,1335248
ReforzarBrillo,ASM,120000,1357382,1357382
ReforzarBrillo,ASM,120000,1162018,1162018
ReforzarBrillo,ASM,120000,1164704,1164704
ReforzarBrillo,ASM,120000,1164160,1164160
ReforzarBrillo,ASM,120000,1161780,1161780
ReforzarBrillo,ASM,120000,1350242,1350242
ReforzarBrillo,ASM,120000,1332256,1332256
ReforzarBrillo,ASM,120000,1164092,1164092
ReforzarBrillo,ASM,120000,1166778,1166778
ReforzarBrillo,ASM,120000,1333174,1333174
ReforzarBrillo,ASM,120000,1333446,1333446
ReforzarBrillo,ASM,120000,1351432,1351432
ReforzarBrillo,ASM,120000,1169940,1169940
ReforzarBrillo,ASM,120000,1162596,1162596
ReforzarBrillo,ASM,120000,1162426,1162426
ReforzarBrillo,ASM,120000,1164398,1164398
ReforzarBrillo,ASM,120000,1333106,1333106
ReforzarBrillo,ASM,120000,1331950,1331950
ReforzarBrillo,ASM,120000,1347658,1347658
ReforzarBrillo,ASM,120000,1332902,1332902
ReforzarBrillo,ASM,120000,1331066,1331066
ReforzarBrillo,ASM,120000,1332528,1332528
ReforzarBrillo,ASM,120000,1332698,1332698
ReforzarBrillo,ASM,120000,1344700,1344700
ReforzarBrillo,ASM,120000,1351738,1351738
ReforzarBrillo,ASM,120000,1331338,1331338
ReforzarBrillo,ASM,120000,1542512,1542512
ReforzarBrillo,ASM,120000,1337594,1337594
ReforzarBrillo,ASM,120000,1165078,1165078
ReforzarBrillo,ASM,120000,1165588,1165588
ReforzarBrillo,ASM,120000,1179732,1179732
ReforzarBrillo,ASM,120000,1333004,1333004
ReforzarBrillo,ASM,120000,1162834,1162834
ReforzarBrillo,ASM,120000,1164126,1164126
ReforzarBrillo,ASM,120000,1366154,1366154
ReforzarBrillo,ASM,120000,1350616,1350616
ReforzarBrillo,ASM,120000,1340858,1340858
ReforzarBrillo,ASM,120000,1644988,1644988
ReforzarBrillo,ASM,120000,1166642,1166642
ReforzarBrillo,ASM,120000,1185614,1185614
ReforzarBrillo,ASM,120000,1162936,1162936
ReforzarBrillo,ASM,120000,1510042,1510042
ReforzarBrillo,ASM,120000,1352180,1352180
ReforzarBrillo,ASM,120000,1168342,1168342
ReforzarBrillo,ASM,120000,1202478,1202478
ReforzarBrillo,ASM,120000,1163922,1163922
ReforzarBrillo,ASM,120000,1174836,1174836
ReforzarBrillo,ASM,120000,1163412,1163412
ReforzarBrillo,ASM,120000,1162562,1162562
ReforzarBrillo,ASM,120000,1161814,1161814
ReforzarBrillo,ASM,120000,1393116,1393116
ReforzarBrillo,ASM,120000,1183438,1183438
ReforzarBrillo,ASM,120000,1253274,1253274
ReforzarBrillo,ASM,120000,1162868,1162868
ReforzarBrillo,ASM,120000,1162120,1162120
ReforzarBrillo,ASM,120000,1161678,1161678
ReforzarBrillo,ASM,120000,1332562,1332562
ReforzarBrillo,ASM,120000,1162936,1162936
ReforzarBrillo,ASM,120000,1251472,1251472
ReforzarBrillo,ASM,120000,1163378,1163378
ReforzarBrillo,ASM,120000,1162868,1162868
ReforzarBrillo,ASM,120000,1164704,1164704
ReforzarBrillo,ASM,120000,1335520,1335520
ReforzarBrillo,ASM,120000,1164398,1164398
ReforzarBrillo,ASM,120000,1170858,1170858
ReforzarBrillo,ASM,120000,1161746,1161746
ReforzarBrillo,ASM,120000,1162630,1162630
ReforzarBrillo,ASM,120000,1162392,1162392
ReforzarBrillo,ASM,120000,1167866,1167866
ReforzarBrillo,ASM,120000,1730226,1730226
ReforzarBrillo,ASM,120000,1174530,1174530
ReforzarBrillo,ASM,120000,1171674,1171674
ReforzarBrillo,ASM,120000,1170246,1170246
ReforzarBrillo,ASM,120000,1170076,1170076
ReforzarBrillo,ASM,120000,1306654,1306654
ReforzarBrillo,ASM,120000,1170246,1170246
ReforzarBrillo,ASM,120000,1189626,1189626
ReforzarBrillo,ASM,120000,1170552,1170552
ReforzarBrillo,ASM,120000,1169056,1169056
ReforzarBrillo,ASM,120000,1346434,1346434
ReforzarBrillo,ASM,120000,1169362,1169362
ReforzarBrillo,ASM,120000,1340348,1340348
ReforzarBrillo,ASM,120000,1343068,1343068
ReforzarBrillo,ASM,120000,1340484,1340484
ReforzarBrillo,ASM,120000,1232466,1232466
ReforzarBrillo,ASM,120000,1170212,1170212
ReforzarBrillo,ASM,120000,1364114,1364114
ReforzarBrillo,ASM,120000,1341946,1341946
ReforzarBrillo,ASM,120000,1169736,1169736
ReforzarBrillo,ASM,120000,1380842,1380842
ReforzarBrillo,ASM,120000,1162086,1162086
ReforzarBrillo,ASM,120000,1172048,1172048
ReforzarBrillo,ASM,120000,1172796,1172796
ReforzarBrillo,ASM,120000,1169668,1169668
ReforzarBrillo,ASM,120000,1180412,1180412
ReforzarBrillo,ASM,120000,1172218,1172218
ReforzarBrillo,ASM,120000,1171028,1171028
ReforzarBrillo,ASM,120000,1224034,1224034
ReforzarBrillo,ASM,120000,1170076,1170076
ReforzarBrillo,ASM,120000,1174632,1174632
ReforzarBrillo,ASM,120000,1684020,1684020
ReforzarBrillo,ASM,120000,1166132,1166132
ReforzarBrillo,ASM,120000,1597626,1597626
ReforzarBrillo,ASM,120000,1169124,1169124
ReforzarBrillo,ASM,120000,1166642,1166642
ReforzarBrillo,ASM,120000,1348406,1348406
ReforzarBrillo,ASM,120000,1164466,1164466
ReforzarBrillo,ASM,120000,1169906,1169906
ReforzarBrillo,ASM,120000,1162290,1162290
ReforzarBrillo,ASM,120000,1163480,1163480
ReforzarBrillo,ASM,120000,1161542,1161542
ReforzarBrillo,ASM,120000,1162698,1162698
ReforzarBrillo,ASM,120000,1395836,1395836
ReforzarBrillo,ASM,120000,1232330,1232330
ReforzarBrillo,ASM,120000,1163140,1163140
ReforzarBrillo,ASM,120000,1296998,1296998
ReforzarBrillo,ASM,120000,1165962,1165962
ReforzarBrillo,ASM,120000,1163038,1163038
ReforzarBrillo,ASM,120000,1164568,1164568
ReforzarBrillo,ASM,120000,1165656,1165656
ReforzarBrillo,ASM,120000,1333616,1333616
ReforzarBrillo,ASM,120000,1163990,1163990
ReforzarBrillo,ASM,120000,1162086,1162086
ReforzarBrillo,ASM,120000,1162596,1162596
ReforzarBrillo,ASM,120000,1163412,1163412
ReforzarBrillo,ASM,120000,1174292,1174292
ReforzarBrillo,ASM,120000,1162052,1162052
ReforzarBrillo,ASM,120000,1335996,1335996
ReforzarBrillo,ASM,120000,1163820,1163820
ReforzarBrillo,ASM,120000,1170620,1170620
ReforzarBrillo,ASM,120000,1164976,1164976
ReforzarBrillo,ASM,120000,1680824,1680824
ReforzarBrillo,ASM,120000,1165044,1165044
ReforzarBrillo,ASM,120000,1318214,1318214
ReforzarBrillo,ASM,120000,1610036,1610036
ReforzarBrillo,ASM,120000,1335520,1335520
ReforzarBrillo,ASM,120000,1163820,1163820
ReforzarBrillo,ASM,120000,1164942,1164942
ReforzarBrillo,ASM,120000,1170246,1170246
ReforzarBrillo,ASM,120000,1164738,1164738
ReforzarBrillo,ASM,120000,1163378,1163378
ReforzarBrillo,ASM,120000,1162460,1162460
ReforzarBrillo,ASM,120000,1162902,1162902
ReforzarBrillo,ASM,120000,1163514,1163514
ReforzarBrillo,ASM,120000,1213188,1213188
ReforzarBrillo,ASM,120000,1163616,1163616
ReforzarBrillo,ASM,120000,1162324,1162324
ReforzarBrillo,ASM,120000,1163004,1163004
ReforzarBrillo,ASM,120000,1163072,1163072
ReforzarBrillo,ASM,120000,1365916,1365916
ReforzarBrillo,ASM,120000,1164942,1164942
ReforzarBrillo,ASM,120000,1170416,1170416
ReforzarBrillo,ASM,120000,1164194,1164194
ReforzarBrillo,ASM,120000,1162902,1162902
ReforzarBrillo,ASM,120000,1162902,1162902
ReforzarBrillo,ASM,131072,1410796,1410796
ReforzarBrillo,ASM,131072,1425926,1425926
ReforzarBrillo,ASM,131072,1402398,1402398
ReforzarBrillo,ASM,131072,1440444,1440444
ReforzarBrillo,ASM,131072,1402364,1402364
ReforzarBrillo,ASM,131072,1415760,1415760
ReforzarBrillo,ASM,131072,1197888,1197888
ReforzarBrillo,ASM,131072,1196936,1196936
ReforzarBrillo,ASM,131072,1418242,1418242
ReforzarBrillo,ASM,131072,1198228,1198228
ReforzarBrillo,ASM,131072,1197854,1197854
ReforzarBrillo,ASM,131072,1203090,1203090
ReforzarBrillo,ASM,131072,1406104,1406104
ReforzarBrillo,ASM,131072,1428408,1428408
ReforzarBrillo,ASM,131072,1665728,1665728
ReforzarBrillo,ASM,131072,1433984,1433984
ReforzarBrillo,ASM,131072,1402602,1402602
ReforzarBrillo,ASM,131072,1206524,1206524
ReforzarBrillo,ASM,131072,1401786,1401786
ReforzarBrillo,ASM,131072,1401854,1401854
ReforzarBrillo,ASM,131072,1197514,1197514
ReforzarBrillo,ASM,131072,1198160,1198160
ReforzarBrillo,ASM,131072,1196698,1196698
ReforzarBrillo,ASM,131072,1197718,1197718
ReforzarBrillo,ASM,131072,1202682,1202682
ReforzarBrillo,ASM,131072,1196562,1196562
ReforzarBrillo,ASM,131072,1196596,1196596
ReforzarBrillo,ASM,131072,1353710,1353710
ReforzarBrillo,ASM,131072,1195712,1195712
ReforzarBrillo,ASM,131072,1198500,1198500
ReforzarBrillo,ASM,131072,1640432,1640432
ReforzarBrillo,ASM,131072,1202104,1202104
ReforzarBrillo,ASM,131072,1280100,1280100
ReforzarBrillo,ASM,131072,1196970,1196970
ReforzarBrillo,ASM,131072,1197956,1197956
ReforzarBrillo,ASM,131072,1385670,1385670
ReforzarBrillo,ASM,131072,1196188,1196188
ReforzarBrillo,ASM,131072,1197446,1197446
ReforzarBrillo,ASM,131072,1196936,1196936
ReforzarBrillo,ASM,131072,1196528,1196528
ReforzarBrillo,ASM,131072,1404370,1404370
ReforzarBrillo,ASM,131072,1196698,1196698
ReforzarBrillo,ASM,131072,1198500,1198500
ReforzarBrillo,ASM,131072,1196426,1196426
ReforzarBrillo,ASM,131072,1440172,1440172
ReforzarBrillo,ASM,131072,1205674,1205674
ReforzarBrillo,ASM,131072,1203192,1203192
ReforzarBrillo,ASM,131072,1439118,1439118
ReforzarBrillo,ASM,131072,1238246,1238246
ReforzarBrillo,ASM,131072,1204450,1204450
ReforzarBrillo,ASM,131072,1444592,1444592
ReforzarBrillo,ASM,131072,1436058,1436058
ReforzarBrillo,ASM,131072,1328346,1328346
ReforzarBrillo,ASM,131072,1204450,1204450
ReforzarBrillo,ASM,131072,1425722,1425722
ReforzarBrillo,ASM,131072,1409946,1409946
ReforzarBrillo,ASM,131072,1406818,1406818
ReforzarBrillo,ASM,131072,1205130,1205130
ReforzarBrillo,ASM,131072,1203226,1203226
ReforzarBrillo,ASM,131072,1206762,1206762
ReforzarBrillo,ASM,131072,1404710,1404710
ReforzarBrillo,ASM,131072,1409810,1409810
ReforzarBrillo,ASM,131072,1205504,1205504
ReforzarBrillo,ASM,131072,1410184,1410184
ReforzarBrillo,ASM,131072,1421778,1421778
ReforzarBrillo,ASM,131072,1203634,1203634
ReforzarBrillo,ASM,131072,1270138,1270138
ReforzarBrillo,ASM,131072,1206184,1206184
ReforzarBrillo,ASM,131072,1203634,1203634
ReforzarBrillo,ASM,131072,1409844,1409844
ReforzarBrillo,ASM,131072,1202750,1202750
ReforzarBrillo,ASM,131072,1428544,1428544
ReforzarBrillo,ASM,131072,1204008,1204008
ReforzarBrillo,ASM,131072,1429088,1429088
ReforzarBrillo,ASM,131072,1429870,1429870
ReforzarBrillo,ASM,131072,1209414,1209414
ReforzarBrillo,ASM,131072,1199520,1199520
ReforzarBrillo,ASM,131072,1624792,1624792
ReforzarBrillo,ASM,131072,1198704,1198704
ReforzarBrillo,ASM,131072,1245318,1245318
ReforzarBrillo,ASM,131072,1399984,1399984
ReforzarBrillo,ASM,131072,1197718,1197718
ReforzarBrillo,ASM,131072,1196154,1196154
ReforzarBrillo,ASM,131072,1196630,1196630
ReforzarBrillo,ASM,131072,1197446,1197446
ReforzarBrillo,ASM,131072,1196868,1196868
ReforzarBrillo,ASM,131072,1334330,1334330
ReforzarBrillo,ASM,131072,1400358,1400358
ReforzarBrillo,ASM,131072,1419670,1419670
ReforzarBrillo,ASM,131072,1197140,1197140
ReforzarBrillo,ASM,131072,1196732,1196732
ReforzarBrillo,ASM,131072,1196358,1196358
ReforzarBrillo,ASM,131072,1197344,1197344
ReforzarBrillo,ASM,131072,1198024,1198024
ReforzarBrillo,ASM,131072,1415148,1415148
ReforzarBrillo,ASM,131072,1197004,1197004
ReforzarBrillo,ASM,131072,1405628,1405628
ReforzarBrillo,ASM,131072,1196494,1196494
ReforzarBrillo,ASM,131072,1199044,1199044
ReforzarBrillo,ASM,131072,1199112,1199112
ReforzarBrillo,ASM,131072,1272450,1272450
ReforzarBrillo,ASM,131072,1199146,1199146
ReforzarBrillo,ASM,131072,1195848,1195848
ReforzarBrillo,ASM,131072,1400868,1400868
ReforzarBrillo,ASM,131072,1211930,1211930
ReforzarBrillo,ASM,131072,1195848,1195848
ReforzarBrillo,ASM,131072,1197174,1197174
ReforzarBrillo,ASM,131072,1196460,1196460
ReforzarBrillo,ASM,131072,1195066,1195066
ReforzarBrillo,ASM,131072,1198602,1198602
ReforzarBrillo,ASM,131072,1196460,1196460
ReforzarBrillo,ASM,131072,1196732,1196732
ReforzarBrillo,ASM,131072,1197004,1197004
ReforzarBrillo,ASM,131072,1411816,1411816
ReforzarBrillo,ASM,131072,1400358,1400358
ReforzarBrillo,ASM,131072,1411850,1411850
ReforzarBrillo,ASM,131072,1400290,1400290
ReforzarBrillo,ASM,131072,1402874,1402874
ReforzarBrillo,ASM,131072,1400868,1400868
ReforzarBrillo,ASM,131072,1404846,1404846
ReforzarBrillo,ASM,131072,1401786,1401786
ReforzarBrillo,ASM,131072,1357110,1357110
ReforzarBrillo,ASM,131072,1196630,1196630
ReforzarBrillo,ASM,131072,1198092,1198092
ReforzarBrillo,ASM,131072,1199316,1199316
ReforzarBrillo,ASM,131072,1400868,1400868
ReforzarBrillo,ASM,131072,1212168,1212168
ReforzarBrillo,ASM,131072,1194692,1194692
ReforzarBrillo,ASM,131072,1201050,1201050
ReforzarBrillo,ASM,131072,1202274,1202274
ReforzarBrillo,ASM,131072,1219070,1219070
ReforzarBrillo,ASM,131072,1223660,1223660
ReforzarBrillo,ASM,131072,1363536,1363536
ReforzarBrillo,ASM,131072,1199044,1199044
ReforzarBrillo,ASM,131072,1319098,1319098
ReforzarBrillo,ASM,131072,1197582,1197582
ReforzarBrillo,ASM,131072,1196324,1196324
ReforzarBrillo,ASM,131072,1207442,1207442
ReforzarBrillo,ASM,131072,1196324,1196324
ReforzarBrillo,ASM,131072,1197140,1197140
ReforzarBrillo,ASM,131072,1195678,1195678
ReforzarBrillo,ASM,131072,1293088,1293088
ReforzarBrillo,ASM,131072,1195066,1195066
ReforzarBrillo,ASM,131072,1213494,1213494
ReforzarBrillo,ASM,131072,1198398,1198398
ReforzarBrillo,ASM,131072,1197140,1197140
ReforzarBrillo,ASM,131072,1197854,1197854
ReforzarBrillo,ASM,131072,1363400,1363400
ReforzarBrillo,ASM,131072,1404744,1404744
ReforzarBrillo,ASM,131072,1200404,1200404
ReforzarBrillo,ASM,131072,1197310,1197310
ReforzarBrillo,ASM,131072,1241816,1241816
ReforzarBrillo,ASM,131072,1195984,1195984
ReforzarBrillo,ASM,131072,1198500,1198500
ReforzarBrillo,ASM,131072,1195576,1195576
ReforzarBrillo,ASM,131072,1197718,1197718
ReforzarBrillo,ASM,131072,1202580,1202580
ReforzarBrillo,ASM,131072,1201084,1201084
ReforzarBrillo,ASM,131072,1659948,1659948
ReforzarBrillo,ASM,131072,1216792,1216792
ReforzarBrillo,ASM,131072,1435004,1435004
ReforzarBrillo,ASM,131072,1401854,1401854
ReforzarBrillo,ASM,131072,1704692,1704692
ReforzarBrillo,ASM,131072,1555772,1555772
ReforzarBrillo,ASM,131072,1402670,1402670
ReforzarBrillo,ASM,131072,1198364,1198364
ReforzarBrillo,ASM,131072,1197786,1197786
ReforzarBrillo,ASM,131072,1197786,1197786
ReforzarBrillo,ASM,131072,1503106,1503106
ReforzarBrillo,ASM,131072,1522724,1522724
ReforzarBrillo,ASM,131072,1198704,1198704
ReforzarBrillo,ASM,131072,1216418,1216418
ReforzarBrillo,ASM,131072,1197922,1197922
ReforzarBrillo,ASM,131072,1214752,1214752
ReforzarBrillo,ASM,131072,1196392,1196392
ReforzarBrillo,ASM,131072,1197922,1197922
ReforzarBrillo,ASM,131072,1194862,1194862
ReforzarBrillo,ASM,131072,1197174,1197174
ReforzarBrillo,ASM,131072,1196358,1196358
ReforzarBrillo,ASM,131072,1196868,1196868
ReforzarBrillo,ASM,131072,1218254,1218254
ReforzarBrillo,ASM,131072,1209482,1209482
ReforzarBrillo,ASM,131072,1205028,1205028
ReforzarBrillo,ASM,131072,1399168,1399168
ReforzarBrillo,ASM,131072,1737060,1737060
ReforzarBrillo,ASM,131072,1201866,1201866
ReforzarBrillo,ASM,131072,1219138,1219138
ReforzarBrillo,ASM,131072,1233180,1233180
ReforzarBrillo,ASM,131072,1213868,1213868
ReforzarBrillo,ASM,131072,1199214,1199214
ReforzarBrillo,ASM,131072,1423342,1423342
ReforzarBrillo,ASM,131072,1204212,1204212
ReforzarBrillo,ASM,131072,1195984,1195984
ReforzarBrillo,ASM,131072,1197514,1197514
ReforzarBrillo,ASM,131072,1195814,1195814
ReforzarBrillo,ASM,131072,1198364,1198364
ReforzarBrillo,ASM,131072,1196086,1196086
ReforzarBrillo,ASM,131072,1207034,1207034
ReforzarBrillo,ASM,131072,1196936,1196936
ReforzarBrillo,ASM,131072,1199656,1199656
ReforzarBrillo,ASM,131072,1199350,1199350
ReforzarBrillo,ASM,131072,1197174,1197174
ReforzarBrillo,ASM,131072,1403418,1403418
ReforzarBrillo,ASM,131072,1401650,1401650
ReforzarBrillo,ASM,131072,1405526,1405526
ReforzarBrillo,ASM,131072,1198466,1198466
ReforzarBrillo,ASM,131072,1377680,1377680
ReforzarBrillo,ASM,131072,1401888,1401888
ReforzarBrillo,ASM,131072,1412564,1412564
ReforzarBrillo,ASM,131072,1400936,1400936
ReforzarBrillo,ASM,131072,1196426,1196426
ReforzarBrillo,ASM,131072,1436602,1436602
ReforzarBrillo,ASM,131072,1407498,1407498
ReforzarBrillo,ASM,131072,1400936,1400936
ReforzarBrillo,ASM,131072,1513884,1513884
ReforzarBrillo,ASM,131072,1401038,1401038
ReforzarBrillo,ASM,131072,1404166,1404166
ReforzarBrillo,ASM,131072,1401004,1401004
ReforzarBrillo,ASM,131072,1411884,1411884
ReforzarBrillo,ASM,131072,1446632,1446632
ReforzarBrillo,ASM,131072,1401514,1401514
ReforzarBrillo,ASM,131072,1427286,1427286
ReforzarBrillo,ASM,131072,1194828,1194828
ReforzarBrillo,ASM,131072,1427252,1427252
ReforzarBrillo,ASM,131072,1401106,1401106
ReforzarBrillo,ASM,131072,1401004,1401004
ReforzarBrillo,ASM,131072,1400290,1400290
ReforzarBrillo,ASM,131072,1401378,1401378
ReforzarBrillo,ASM,131072,1195746,1195746
ReforzarBrillo,ASM,131072,1197786,1197786
ReforzarBrillo,ASM,131072,1194148,1194148
ReforzarBrillo,ASM,131072,1198432,1198432
ReforzarBrillo,ASM,131072,1209380,1209380
ReforzarBrillo,ASM,131072,1197514,1197514
ReforzarBrillo,ASM,131072,1197480,1197480
ReforzarBrillo,ASM,131072,1196528,1196528
ReforzarBrillo,ASM,131072,1197548,1197548
ReforzarBrillo,ASM,131072,1197344,1197344
ReforzarBrillo,ASM,131072,1197786,1197786
ReforzarBrillo,ASM,131072,1197208,1197208
ReforzarBrillo,ASM,131072,1196426,1196426
ReforzarBrillo,ASM,131072,1612858,1612858
ReforzarBrillo,ASM,131072,1201492,1201492
ReforzarBrillo,ASM,131072,1401140,1401140
ReforzarBrillo,ASM,131072,1401004,1401004
ReforzarBrillo,ASM,131072,1447176,1447176
ReforzarBrillo,ASM,131072,1400494,1400494
ReforzarBrillo,ASM,131072,1402704,1402704
ReforzarBrillo,ASM,131072,1402806,1402806
ReforzarBrillo,ASM,131072,1198398,1198398
ReforzarBrillo,ASM,131072,1194760,1194760
ReforzarBrillo,ASM,131072,1232534,1232534
ReforzarBrillo,ASM,131072,1206150,1206150
ReforzarBrillo,ASM,131072,1198908,1198908
ReforzarBrillo,ASM,131072,1211930,1211930
ReforzarBrillo,ASM,131072,1409130,1409130
ReforzarBrillo,ASM,131072,1197922,1197922
ReforzarBrillo,ASM,131072,1236580,1236580
ReforzarBrillo,ASM,131072,1195474,1195474
ReforzarBrillo,ASM,131072,1210094,1210094
ReforzarBrillo,ASM,131072,1196256,1196256
ReforzarBrillo,ASM,131072,1198262,1198262
ReforzarBrillo,ASM,131072,1197888,1197888
ReforzarBrillo,ASM,131072,1209822,1209822
ReforzarBrillo,ASM,131072,1213460,1213460
ReforzarBrillo,ASM,131072,1340722,1340722
ReforzarBrillo,ASM,131072,1216248,1216248
ReforzarBrillo,ASM,131072,1198058,1198058
ReforzarBrillo,ASM,131072,1197990,1197990
ReforzarBrillo,ASM,131072,1199996,1199996
ReforzarBrillo,ASM,131072,1420384,1420384
ReforzarBrillo,ASM,131072,1415216,1415216
ReforzarBrillo,ASM,131072,1206252,1206252
ReforzarBrillo,ASM,131072,1669944,1669944
ReforzarBrillo,ASM,131072,1434494,1434494
ReforzarBrillo,ASM,131072,1200234,1200234
ReforzarBrillo,ASM,131072,1196358,1196358
ReforzarBrillo,ASM,131072,1417018,1417018
ReforzarBrillo,ASM,131072,1399644,1399644
ReforzarBrillo,ASM,131072,1197956,1197956
ReforzarBrillo,ASM,131072,1401446,1401446
ReforzarBrillo,ASM,131072,1401582,1401582
ReforzarBrillo,ASM,131072,1421166,1421166
ReforzarBrillo,ASM,131072,1400426,1400426
ReforzarBrillo,ASM,131072,1408620,1408620
ReforzarBrillo,ASM,131072,1402160,1402160
ReforzarBrillo,ASM,131072,1402092,1402092
ReforzarBrillo,ASM,131072,1400222,1400222
ReforzarBrillo,ASM,131072,1195338,1195338
ReforzarBrillo,ASM,131072,1672222,1672222
ReforzarBrillo,ASM,131072,1402058,1402058
ReforzarBrillo,ASM,131072,1402058,1402058
ReforzarBrillo,ASM,131072,1401616,1401616
ReforzarBrillo,ASM,131072,1395326,1395326
ReforzarBrillo,ASM,131072,1196358,1196358
ReforzarBrillo,ASM,131072,1195576,1195576
ReforzarBrillo,ASM,131072,1211420,1211420
ReforzarBrillo,ASM,131072,1198364,1198364
ReforzarBrillo,ASM,131072,1208802,1208802
ReforzarBrillo,ASM,131072,1195984,1195984
ReforzarBrillo,ASM,480000,4057696,4057696
ReforzarBrillo,ASM,480000,4910144,4910144
ReforzarBrillo,ASM,480000,4957948,4957948
ReforzarBrillo,ASM,480000,4025804,4025804
ReforzarBrillo,ASM,480000,4916264,4916264
ReforzarBrillo,ASM,480000,4663712,4663712
ReforzarBrillo,ASM,480000,4900318,4900318
ReforzarBrillo,ASM,480000,4081666,4081666
ReforzarBrillo,ASM,480000,4536212,4536212
ReforzarBrillo,ASM,480000,4185264,4185264
ReforzarBrillo,ASM,480000,4918814,4918814
ReforzarBrillo,ASM,480000,4861626,4861626
ReforzarBrillo,ASM,480000,4494256,4494256
ReforzarBrillo,ASM,480000,4006050,4006050
ReforzarBrillo,ASM,480000,4560080,4560080
ReforzarBrillo,ASM,480000,3994422,3994422
ReforzarBrillo,ASM,480000,4858158,4858158
ReforzarBrillo,ASM,480000,4040016,4040016
ReforzarBrillo,ASM,480000,4857172,4857172
ReforzarBrillo,ASM,480000,4070514,4070514
ReforzarBrillo,ASM,480000,4836364,4836364
ReforzarBrillo,ASM,480000,4920684,4920684
ReforzarBrillo,ASM,480000,4425270,4425270
ReforzarBrillo,ASM,480000,4045796,4045796
ReforzarBrillo,ASM,480000,4908308,4908308
ReforzarBrillo,ASM,480000,4837758,4837758
ReforzarBrillo,ASM,480000,4950944,4950944
ReforzarBrillo,ASM,480000,4914428,4914428
ReforzarBrillo,ASM,480000,4009110,4009110
ReforzarBrillo,ASM,480000,4024274,4024274
ReforzarBrillo,ASM,480000,4848400,4848400
ReforzarBrillo,ASM,480000,4892804,4892804
ReforzarBrillo,ASM,480000,4871622,4871622
ReforzarBrillo,ASM,480000,4104208,4104208
ReforzarBrillo,ASM,480000,4873560,4873560
ReforzarBrillo,ASM,480000,4001970,4001970
ReforzarBrillo,ASM,480000,4696726,4696726
ReforzarBrillo,ASM,480000,4841736,4841736
ReforzarBrillo,ASM,480000,4846462,4846462
ReforzarBrillo,ASM,480000,4009960,4009960
ReforzarBrillo,ASM,480000,4302190,4302190
ReforzarBrillo,ASM,480000,4842790,4842790
ReforzarBrillo,ASM,480000,4778326,4778326
ReforzarBrillo,ASM,480000,4841090,4841090
ReforzarBrillo,ASM,480000,4010028,4010028
ReforzarBrillo,ASM,480000,4133754,4133754
ReforzarBrillo,ASM,480000,3981400,3981400
ReforzarBrillo,ASM,480000,3992212,3992212
ReforzarBrillo,ASM,480000,3983780,3983780
ReforzarBrillo,ASM,480000,5275032,5275032
ReforzarBrillo,ASM,480000,3984562,3984562
ReforzarBrillo,ASM,480000,4235992,4235992
ReforzarBrillo,ASM,480000,4878456,4878456
ReforzarBrillo,ASM,480000,3984426,3984426
ReforzarBrillo,ASM,480000,4854418,4854418
ReforzarBrillo,ASM,480000,3987384,3987384
ReforzarBrillo,ASM,480000,4136168,4136168
ReforzarBrillo,ASM,480000,6169198,6169198
ReforzarBrillo,ASM,480000,4394670,4394670
ReforzarBrillo,ASM,480000,4010436,4010436
ReforzarBrillo,ASM,480000,4854044,4854044
ReforzarBrillo,ASM,480000,4029578,4029578
ReforzarBrillo,ASM,480000,3982590,3982590
ReforzarBrillo,ASM,480000,4032162,4032162
ReforzarBrillo,ASM,480000,4019820,4019820
ReforzarBrillo,ASM,480000,5287748,5287748
ReforzarBrillo,ASM,480000,4012136,4012136
ReforzarBrillo,ASM,480000,4012204,4012204
ReforzarBrillo,ASM,480000,4886922,4886922
ReforzarBrillo,ASM,480000,4863360,4863360
ReforzarBrillo,ASM,480000,4007036,4007036
ReforzarBrillo,ASM,480000,4048108,4048108
ReforzarBrillo,ASM,480000,4002514,4002514
ReforzarBrillo,ASM,480000,4336972,4336972
ReforzarBrillo,ASM,480000,3995340,3995340
ReforzarBrillo,ASM,480000,4017032,4017032
ReforzarBrillo,ASM,480000,3986398,3986398
ReforzarBrillo,ASM,480000,4696352,4696352
ReforzarBrillo,ASM,480000,4168468,4168468
ReforzarBrillo,ASM,480000,4313614,4313614
ReforzarBrillo,ASM,480000,4048652,4048652
ReforzarBrillo,ASM,480000,5264560,5264560
ReforzarBrillo,ASM,480000,4034780,4034780
ReforzarBrillo,ASM,480000,5184524,5184524
ReforzarBrillo,ASM,480000,4943872,4943872
ReforzarBrillo,ASM,480000,5172488,5172488
ReforzarBrillo,ASM,480000,4307018,4307018
ReforzarBrillo,ASM,480000,4346696,4346696
ReforzarBrillo,ASM,480000,4045524,4045524
ReforzarBrillo,ASM,480000,5079702,5079702
ReforzarBrillo,ASM,480000,4069868,4069868
ReforzarBrillo,ASM,480000,4071126,4071126
ReforzarBrillo,ASM,480000,4015026,4015026
ReforzarBrillo,ASM,480000,4097646,4097646
ReforzarBrillo,ASM,480000,4045252,4045252
ReforzarBrillo,ASM,480000,4030224,4030224
ReforzarBrillo,ASM,480000,4907458,4907458
ReforzarBrillo,ASM,480000,4564534,4564534
ReforzarBrillo,ASM,480000,3987792,3987792
ReforzarBrillo,ASM,480000,4855676,4855676
ReforzarBrillo,ASM,480000,4851596,4851596
ReforzarBrillo,ASM,480000,4927076,4927076
ReforzarBrillo,ASM,480000,4855302,4855302
ReforzarBrillo,ASM,480000,5012076,5012076
ReforzarBrillo,ASM,480000,4299470,4299470
ReforzarBrillo,ASM,480000,4866386,4866386
ReforzarBrillo,ASM,480000,4061470,4061470
ReforzarBrillo,ASM,480000,4846666,4846666
ReforzarBrillo,ASM,480000,4057866,4057866
ReforzarBrillo,ASM,480000,3985446,3985446
ReforzarBrillo,ASM,480000,4049604,4049604
ReforzarBrillo,ASM,480000,5069808,5069808
ReforzarBrillo,ASM,480000,4282810,4282810
ReforzarBrillo,ASM,480000,4851732,4851732
ReforzarBrillo,ASM,480000,3999318,3999318
ReforzarBrillo,ASM,480000,3987282,3987282
ReforzarBrillo,ASM,480000,4048720,4048720
ReforzarBrillo,ASM,480000,3999896,3999896
ReforzarBrillo,ASM,480000,3986704,3986704
ReforzarBrillo,ASM,480000,3989968,3989968
ReforzarBrillo,ASM,480000,4912048,4912048
ReforzarBrillo,ASM,480000,4909362,4909362
ReforzarBrillo,ASM,480000,5097790,5097790
ReforzarBrillo,ASM,480000,4918372,4918372
ReforzarBrillo,ASM,480000,4952168,4952168
ReforzarBrillo,ASM,480000,4924934,4924934
ReforzarBrillo,ASM,480000,4899706,4899706
ReforzarBrillo,ASM,480000,4033148,4033148
ReforzarBrillo,ASM,480000,4602682,4602682
ReforzarBrillo,ASM,480000,4842382,4842382
ReforzarBrillo,ASM,480000,4670546,4670546
ReforzarBrillo,ASM,480000,4011286,4011286
ReforzarBrillo,ASM,480000,4024104,4024104
ReforzarBrillo,ASM,480000,4047904,4047904
ReforzarBrillo,ASM,480000,4351626,4351626
ReforzarBrillo,ASM,480000,4376752,4376752
ReforzarBrillo,ASM,480000,4124336,4124336
ReforzarBrillo,ASM,480000,4607238,4607238
ReforzarBrillo,ASM,480000,4835582,4835582
ReforzarBrillo,ASM,480000,4315620,4315620
ReforzarBrillo,ASM,480000,4701724,4701724
ReforzarBrillo,ASM,480000,4077518,4077518
ReforzarBrillo,ASM,480000,4635186,4635186
ReforzarBrillo,ASM,480000,3982318,3982318
ReforzarBrillo,ASM,480000,3981604,3981604
ReforzarBrillo,ASM,480000,4890832,4890832
ReforzarBrillo,ASM,480000,4001732,4001732
ReforzarBrillo,ASM,480000,4248028,4248028
ReforzarBrillo,ASM,480000,3991736,3991736
ReforzarBrillo,ASM,480000,3998264,3998264
ReforzarBrillo,ASM,480000,4323576,4323576
ReforzarBrillo,ASM,480000,4827252,4827252
ReforzarBrillo,ASM,480000,3982760,3982760
ReforzarBrillo,ASM,480000,4006254,4006254
ReforzarBrillo,ASM,480000,3988982,3988982
ReforzarBrillo,ASM,480000,4394704,4394704
ReforzarBrillo,ASM,480000,4007342,4007342
ReforzarBrillo,ASM,480000,4001256,4001256
ReforzarBrillo,ASM,480000,4152556,4152556
ReforzarBrillo,ASM,480000,4089146,4089146
ReforzarBrillo,ASM,480000,3999930,3999930
ReforzarBrillo,ASM,480000,4016828,4016828
ReforzarBrillo,ASM,480000,4018392,4018392
ReforzarBrillo,ASM,480000,4051610,4051610
ReforzarBrillo,ASM,480000,4392494,4392494
ReforzarBrillo,ASM,480000,4011354,4011354
ReforzarBrillo,ASM,480000,4021588,4021588
ReforzarBrillo,ASM,480000,4057186,4057186
ReforzarBrillo,ASM,480000,4363118,4363118
ReforzarBrillo,ASM,480000,4272916,4272916
ReforzarBrillo,ASM,480000,3990070,3990070
ReforzarBrillo,ASM,480000,4537946,4537946
ReforzarBrillo,ASM,480000,4043926,4043926
ReforzarBrillo,ASM,480000,4010096,4010096
ReforzarBrillo,ASM,480000,4024172,4024172
ReforzarBrillo,ASM,480000,4029340,4029340
ReforzarBrillo,ASM,480000,4080884,4080884
ReforzarBrillo,ASM,480000,4015264,4015264
ReforzarBrillo,ASM,480000,4380458,4380458
ReforzarBrillo,ASM,480000,4034916,4034916
ReforzarBrillo,ASM,480000,3982930,3982930
ReforzarBrillo,ASM,480000,4004180,4004180
ReforzarBrillo,ASM,480000,4673436,4673436
ReforzarBrillo,ASM,480000,5177962,5177962
ReforzarBrillo,ASM,480000,3983236,3983236
ReforzarBrillo,ASM,480000,4035358,4035358
ReforzarBrillo,ASM,480000,3999488,3999488
ReforzarBrillo,ASM,480000,3982386,3982386
ReforzarBrillo,ASM,480000,3999726,3999726
ReforzarBrillo,ASM,480000,4751262,4751262
ReforzarBrillo,ASM,480000,4063306,4063306
ReforzarBrillo,ASM,480000,4040356,4040356
ReforzarBrillo,ASM,480000,4852888,4852888
ReforzarBrillo,ASM,480000,4881414,4881414
ReforzarBrillo,ASM,480000,4364716,4364716
ReforzarBrillo,ASM,480000,4056778,4056778
ReforzarBrillo,ASM,480000,3996734,3996734
ReforzarBrillo,ASM,480000,4145926,4145926
ReforzarBrillo,ASM,480000,3982658,3982658
ReforzarBrillo,ASM,480000,4012884,4012884
ReforzarBrillo,ASM,480000,3999420,3999420
ReforzarBrillo,ASM,480000,4159492,4159492
ReforzarBrillo,ASM,480000,4844592,4844592
ReforzarBrillo,ASM,480000,3988064,3988064
ReforzarBrillo,ASM,480000,3998128,3998128
ReforzarBrillo,ASM,480000,4318408,4318408
ReforzarBrillo,ASM,480000,4000882,4000882
ReforzarBrillo,ASM,480000,4007376,4007376
ReforzarBrillo,ASM,480000,3991362,3991362
ReforzarBrillo,ASM,480000,3996666,3996666
ReforzarBrillo,ASM,480000,3991974,3991974
ReforzarBrillo,ASM,480000,3986126,3986126
ReforzarBrillo,ASM,480000,3987758,3987758
ReforzarBrillo,ASM,480000,4441284,4441284
ReforzarBrillo,ASM,480000,3991328,3991328
ReforzarBrillo,ASM,480000,4020126,4020126
ReforzarBrillo,ASM,480000,3980856,3980856
ReforzarBrillo,ASM,480000,4019446,4019446
ReforzarBrillo,ASM,480000,3989730,3989730
ReforzarBrillo,ASM,480000,3988778,3988778
ReforzarBrillo,ASM,480000,3991872,3991872
ReforzarBrillo,ASM,480000,4015196,4015196
ReforzarBrillo,ASM,480000,4162314,4162314
ReforzarBrillo,ASM,480000,3994728,3994728
ReforzarBrillo,ASM,480000,4166020,4166020
ReforzarBrillo,ASM,480000,4174486,4174486
ReforzarBrillo,ASM,480000,4214232,4214232
ReforzarBrillo,ASM,480000,4003296,4003296
ReforzarBrillo,ASM,480000,4030190,4030190
ReforzarBrillo,ASM,480000,3995374,3995374
ReforzarBrillo,ASM,480000,4024104,4024104
ReforzarBrillo,ASM,480000,4046510,4046510
ReforzarBrillo,ASM,480000,4022200,4022200
ReforzarBrillo,ASM,480000,4852242,4852242
ReforzarBrillo,ASM,480000,4076872,4076872
ReforzarBrillo,ASM,480000,4185774,4185774
ReforzarBrillo,ASM,480000,4195566,4195566
ReforzarBrillo,ASM,480000,3995816,3995816
ReforzarBrillo,ASM,480000,4343092,4343092
ReforzarBrillo,ASM,480000,4003194,4003194
ReforzarBrillo,ASM,480000,5039684,5039684
ReforzarBrillo,ASM,480000,3994592,3994592
ReforzarBrillo,ASM,480000,3984630,3984630
ReforzarBrillo,ASM,480000,4107846,4107846
ReforzarBrillo,ASM,480000,4044946,4044946
ReforzarBrillo,ASM,480000,4029918,4029918
ReforzarBrillo,ASM,480000,4033862,4033862
ReforzarBrillo,ASM,480000,4056268,4056268
ReforzarBrillo,ASM,480000,4039370,4039370
ReforzarBrillo,ASM,480000,4031074,4031074
ReforzarBrillo,ASM,480000,4932040,4932040
ReforzarBrillo,ASM,480000,4895082,4895082
ReforzarBrillo,ASM,480000,4048754,4048754
ReforzarBrillo,ASM,480000,4383110,4383110
ReforzarBrillo,ASM,480000,4034440,4034440
ReforzarBrillo,ASM,480000,4120392,4120392
ReforzarBrillo,ASM,480000,4039132,4039132
ReforzarBrillo,ASM,480000,4035834,4035834
ReforzarBrillo,ASM,480000,3980958,3980958
ReforzarBrillo,ASM,480000,4037806,4037806
ReforzarBrillo,ASM,480000,4113150,4113150
ReforzarBrillo,ASM,480000,4516288,4516288
ReforzarBrillo,ASM,480000,4104888,4104888
ReforzarBrillo,ASM,480000,4232320,4232320
ReforzarBrillo,ASM,480000,5044274,5044274
ReforzarBrillo,ASM,480000,3985208,3985208
ReforzarBrillo,ASM,480000,4869990,4869990
ReforzarBrillo,ASM,480000,4841124,4841124
ReforzarBrillo,ASM,480000,4062966,4062966
ReforzarBrillo,ASM,480000,3995442,3995442
ReforzarBrillo,ASM,480000,4150720,4150720
ReforzarBrillo,ASM,480000,4142084,4142084
ReforzarBrillo,ASM,480000,4070106,4070106
ReforzarBrillo,ASM,480000,4116006,4116006
ReforzarBrillo,ASM,480000,4031686,4031686
ReforzarBrillo,ASM,480000,4870806,4870806
ReforzarBrillo,ASM,480000,3991940,3991940
ReforzarBrillo,ASM,480000,4000950,4000950
ReforzarBrillo,ASM,480000,4207296,4207296
ReforzarBrillo,ASM,480000,4006764,4006764
ReforzarBrillo,ASM,480000,4125866,4125866
ReforzarBrillo,ASM,480000,5023534,5023534
ReforzarBrillo,ASM,480000,3997686,3997686
ReforzarBrillo,ASM,480000,4006730,4006730
ReforzarBrillo,ASM,480000,3984290,3984290
ReforzarBrillo,ASM,480000,4017474,4017474
ReforzarBrillo,ASM,480000,4020500,4020500
ReforzarBrillo,ASM,480000,4575006,4575006
ReforzarBrillo,ASM,480000,4874410,4874410
ReforzarBrillo,ASM,480000,4020092,4020092
ReforzarBrillo,ASM,480000,3994660,3994660
ReforzarBrillo,ASM,480000,4013088,4013088
ReforzarBrillo,ASM,480000,3982284,3982284
ReforzarBrillo,ASM,480000,3998094,3998094
ReforzarBrillo,ASM,480000,3982148,3982148
ReforzarBrillo,ASM,480000,4000270,4000270
ReforzarBrillo,ASM,480000,4029272,4029272
ReforzarBrillo,ASM,480000,3999794,3999794
ReforzarBrillo,ASM,480000,4012136,4012136
ReforzarBrillo,ASM,480000,4856186,4856186
ReforzarBrillo,ASM,1920000,14894652,14894652
ReforzarBrillo,ASM,1920000,18391620,18391620
ReforzarBrillo,ASM,1920000,16459536,16459536
ReforzarBrillo,ASM,1920000,18247222,18247222
ReforzarBrillo,ASM,1920000,14303936,14303936
ReforzarBrillo,ASM,1920000,18082288,18082288
ReforzarBrillo,ASM,1920000,16486872,16486872
ReforzarBrillo,ASM,1920000,18106768,18106768
ReforzarBrillo,ASM,1920000,17131478,17131478
ReforzarBrillo,ASM,1920000,16535390,16535390
ReforzarBrillo,ASM,1920000,18510110,18510110
ReforzarBrillo,ASM,1920000,17807364,17807364
ReforzarBrillo,ASM,1920000,14335420,14335420
ReforzarBrillo,ASM,1920000,15619600,15619600
ReforzarBrillo,ASM,1920000,18081778,18081778
ReforzarBrillo,ASM,1920000,14232876,14232876
ReforzarBrillo,ASM,1920000,16824084,16824084
ReforzarBrillo,ASM,1920000,14434054,14434054
ReforzarBrillo,ASM,1920000,18377918,18377918
ReforzarBrillo,ASM,1920000,17446046,17446046
ReforzarBrillo,ASM,1920000,17287368,17287368
ReforzarBrillo,ASM,1920000,16053134,16053134
ReforzarBrillo,ASM,1920000,14645840,14645840
ReforzarBrillo,ASM,1920000,16625354,16625354
ReforzarBrillo,ASM,1920000,15053636,15053636
ReforzarBrillo,ASM,1920000,14241104,14241104
ReforzarBrillo,ASM,1920000,14879556,14879556
ReforzarBrillo,ASM,1920000,16433594,16433594
ReforzarBrillo,ASM,1920000,14999474,14999474
ReforzarBrillo,ASM,1920000,16625932,16625932
ReforzarBrillo,ASM,1920000,16502444,16502444
ReforzarBrillo,ASM,1920000,15900134,15900134
ReforzarBrillo,ASM,1920000,14713500,14713500
ReforzarBrillo,ASM,1920000,14359186,14359186
ReforzarBrillo,ASM,1920000,14207852,14207852
ReforzarBrillo,ASM,1920000,15795890,15795890
ReforzarBrillo,ASM,1920000,14399986,14399986
ReforzarBrillo,ASM,1920000,14225974,14225974
ReforzarBrillo,ASM,1920000,16194574,16194574
ReforzarBrillo,ASM,1920000,14985364,14985364
ReforzarBrillo,ASM,1920000,14940620,14940620
ReforzarBrillo,ASM,1920000,15682126,15682126
ReforzarBrillo,ASM,1920000,15880040,15880040
ReforzarBrillo,ASM,1920000,14219820,14219820
ReforzarBrillo,ASM,1920000,14580220,14580220
ReforzarBrillo,ASM,1920000,17546074,17546074
ReforzarBrillo,ASM,1920000,14375608,14375608
ReforzarBrillo,ASM,1920000,14406718,14406718
ReforzarBrillo,ASM,1920000,14535748,14535748
ReforzarBrillo,ASM,1920000,14610378,14610378
ReforzarBrillo,ASM,1920000,14374316,14374316
ReforzarBrillo,ASM,1920000,14417734,14417734
ReforzarBrillo,ASM,1920000,15269400,15269400
ReforzarBrillo,ASM,1920000,14336474,14336474
ReforzarBrillo,ASM,1920000,14388358,14388358
ReforzarBrillo,ASM,1920000,14320732,14320732
ReforzarBrillo,ASM,1920000,14182726,14182726
ReforzarBrillo,ASM,1920000,14237568,14237568
ReforzarBrillo,ASM,1920000,14614084,14614084
ReforzarBrillo,ASM,1920000,15485062,15485062
ReforzarBrillo,ASM,1920000,14670830,14670830
ReforzarBrillo,ASM,1920000,14225770,14225770
ReforzarBrillo,ASM,1920000,18335894,18335894
ReforzarBrillo,ASM,1920000,17117266,17117266
ReforzarBrillo,ASM,1920000,14191974,14191974
ReforzarBrillo,ASM,1920000,14334468,14334468
ReforzarBrillo,ASM,1920000,14187656,14187656
ReforzarBrillo,ASM,1920000,14219582,14219582
ReforzarBrillo,ASM,1920000,16848224,16848224
ReforzarBrillo,ASM,1920000,14420114,14420114
ReforzarBrillo,ASM,1920000,14192790,14192790
ReforzarBrillo,ASM,1920000,14238622,14238622
ReforzarBrillo,ASM,1920000,14884418,14884418
ReforzarBrillo,ASM,1920000,15200482,15200482
ReforzarBrillo,ASM,1920000,14367652,14367652
ReforzarBrillo,ASM,1920000,14282312,14282312
ReforzarBrillo,ASM,1920000,14970268,14970268
ReforzarBrillo,ASM,1920000,18670386,18670386
ReforzarBrillo,ASM,1920000,16011722,16011722
ReforzarBrillo,ASM,1920000,15535042,15535042
ReforzarBrillo,ASM,1920000,14445410,14445410
ReforzarBrillo,ASM,1920000,16633650,16633650
ReforzarBrillo,ASM,1920000,14856606,14856606
ReforzarBrillo,ASM,1920000,14256506,14256506
ReforzarBrillo,ASM,1920000,16602268,16602268
ReforzarBrillo,ASM,1920000,17127602,17127602
ReforzarBrillo,ASM,1920000,14866806,14866806
ReforzarBrillo,ASM,1920000,15560508,15560508
ReforzarBrillo,ASM,1920000,16428120,16428120
ReforzarBrillo,ASM,1920000,16352232,16352232
ReforzarBrillo,ASM,1920000,16755030,16755030
ReforzarBrillo,ASM,1920000,14696602,14696602
ReforzarBrillo,ASM,1920000,17618562,17618562
ReforzarBrillo,ASM,1920000,17055556,17055556
ReforzarBrillo,ASM,1920000,14318760,14318760
ReforzarBrillo,ASM,1920000,15459052,15459052
ReforzarBrillo,ASM,1920000,18010922,18010922
ReforzarBrillo,ASM,1920000,16709810,16709810
ReforzarBrillo,ASM,1920000,16504824,16504824
ReforzarBrillo,ASM,1920000,14397674,14397674
ReforzarBrillo,ASM,1920000,14186194,14186194
ReforzarBrillo,ASM,1920000,14298190,14298190
ReforzarBrillo,ASM,1920000,14989104,14989104
ReforzarBrillo,ASM,1920000,16070814,16070814
ReforzarBrillo,ASM,1920000,16389190,16389190
ReforzarBrillo,ASM,1920000,14342254,14342254
ReforzarBrillo,ASM,1920000,14181162,14181162
ReforzarBrillo,ASM,1920000,14193062,14193062
ReforzarBrillo,ASM,1920000,14182352,14182352
ReforzarBrillo,ASM,1920000,18413958,18413958
ReforzarBrillo,ASM,1920000,14194898,14194898
ReforzarBrillo,ASM,1920000,14665492,14665492
ReforzarBrillo,ASM,1920000,15970446,15970446
ReforzarBrillo,ASM,1920000,15342432,15342432
ReforzarBrillo,ASM,1920000,14171540,14171540
ReforzarBrillo,ASM,1920000,14311654,14311654
ReforzarBrillo,ASM,1920000,14220908,14220908
ReforzarBrillo,ASM,1920000,16385178,16385178
ReforzarBrillo,ASM,1920000,14229034,14229034
ReforzarBrillo,ASM,1920000,14997468,14997468
ReforzarBrillo,ASM,1920000,15356678,15356678
ReforzarBrillo,ASM,1920000,15103956,15103956
ReforzarBrillo,ASM,1920000,17067490,17067490
ReforzarBrillo,ASM,1920000,15576080,15576080
ReforzarBrillo,ASM,1920000,14381626,14381626
ReforzarBrillo,ASM,1920000,14532518,14532518
ReforzarBrillo,ASM,1920000,14445648,14445648
ReforzarBrillo,ASM,1920000,14603510,14603510
ReforzarBrillo,ASM,1920000,15188072,15188072
ReforzarBrillo,ASM,1920000,14653422,14653422
ReforzarBrillo,ASM,1920000,14399034,14399034
ReforzarBrillo,ASM,1920000,18759092,18759092
ReforzarBrillo,ASM,1920000,14433102,14433102
ReforzarBrillo,ASM,1920000,17363562,17363562
ReforzarBrillo,ASM,1920000,14728970,14728970
ReforzarBrillo,ASM,1920000,17189006,17189006
ReforzarBrillo,ASM,1920000,15397070,15397070
ReforzarBrillo,ASM,1920000,20327750,20327750
ReforzarBrillo,ASM,1920000,16168462,16168462
ReforzarBrillo,ASM,1920000,20434884,20434884
ReforzarBrillo,ASM,1920000,14644208,14644208
ReforzarBrillo,ASM,1920000,20665506,20665506
ReforzarBrillo,ASM,1920000,14265040,14265040
ReforzarBrillo,ASM,1920000,21624306,21624306
ReforzarBrillo,ASM,1920000,14219922,14219922
ReforzarBrillo,ASM,1920000,20444030,20444030
ReforzarBrillo,ASM,1920000,14339500,14339500
ReforzarBrillo,ASM,1920000,15285686,15285686
ReforzarBrillo,ASM,1920000,14226144,14226144
ReforzarBrillo,ASM,1920000,14531022,14531022
ReforzarBrillo,ASM,1920000,14492024,14492024
ReforzarBrillo,ASM,1920000,15171174,15171174
ReforzarBrillo,ASM,1920000,14332224,14332224
ReforzarBrillo,ASM,1920000,18046622,18046622
ReforzarBrillo,ASM,1920000,17393312,17393312
ReforzarBrillo,ASM,1920000,18209176,18209176
ReforzarBrillo,ASM,1920000,18069640,18069640
ReforzarBrillo,ASM,1920000,14896896,14896896
ReforzarBrillo,ASM,1920000,14241240,14241240
ReforzarBrillo,ASM,1920000,14973566,14973566
ReforzarBrillo,ASM,1920000,15993056,15993056
ReforzarBrillo,ASM,1920000,15741456,15741456
ReforzarBrillo,ASM,1920000,15153528,15153528
ReforzarBrillo,ASM,1920000,19004096,19004096
ReforzarBrillo,ASM,1920000,15292962,15292962
ReforzarBrillo,ASM,1920000,16201612,16201612
ReforzarBrillo,ASM,1920000,15473298,15473298
ReforzarBrillo,ASM,1920000,16995682,16995682
ReforzarBrillo,ASM,1920000,14227572,14227572
ReforzarBrillo,ASM,1920000,18638256,18638256
ReforzarBrillo,ASM,1920000,17018700,17018700
ReforzarBrillo,ASM,1920000,17669018,17669018
ReforzarBrillo,ASM,1920000,14200032,14200032
ReforzarBrillo,ASM,1920000,17344726,17344726
ReforzarBrillo,ASM,1920000,14848140,14848140
ReforzarBrillo,ASM,1920000,14239064,14239064
ReforzarBrillo,ASM,1920000,15414750,15414750
ReforzarBrillo,ASM,1920000,14794080,14794080
ReforzarBrillo,ASM,1920000,14238724,14238724
ReforzarBrillo,ASM,1920000,14218426,14218426
ReforzarBrillo,ASM,1920000,14766540,14766540
ReforzarBrillo,ASM,1920000,14215332,14215332
ReforzarBrillo,ASM,1920000,14196394,14196394
ReforzarBrillo,ASM,1920000,14811284,14811284
ReforzarBrillo,ASM,1920000,14179224,14179224
ReforzarBrillo,ASM,1920000,14208532,14208532
ReforzarBrillo,ASM,1920000,14186602,14186602
ReforzarBrillo,ASM,1920000,16139902,16139902
ReforzarBrillo,ASM,1920000,14230598,14230598
ReforzarBrillo,ASM,1920000,14234950,14234950
ReforzarBrillo,ASM,1920000,14231788,14231788
ReforzarBrillo,ASM,1920000,16574014,16574014
ReforzarBrillo,ASM,1920000,17119680,17119680
ReforzarBrillo,ASM,1920000,15012598,15012598
ReforzarBrillo,ASM,1920000,16454504,16454504
ReforzarBrillo,ASM,1920000,16884706,16884706
ReforzarBrillo,ASM,1920000,14994272,14994272
ReforzarBrillo,ASM,1920000,14426778,14426778
ReforzarBrillo,ASM,1920000,18102960,18102960
ReforzarBrillo,ASM,1920000,14771742,14771742
ReforzarBrillo,ASM,1920000,14393628,14393628
ReforzarBrillo,ASM,1920000,14360614,14360614
ReforzarBrillo,ASM,1920000,14276566,14276566
ReforzarBrillo,ASM,1920000,14752192,14752192
ReforzarBrillo,ASM,1920000,14665832,14665832
ReforzarBrillo,ASM,1920000,14931270,14931270
ReforzarBrillo,ASM,1920000,14898290,14898290
ReforzarBrillo,ASM,1920000,14834948,14834948
ReforzarBrillo,ASM,1920000,15714664,15714664
ReforzarBrillo,ASM,1920000,14986928,14986928
ReforzarBrillo,ASM,1920000,14779324,14779324
ReforzarBrillo,ASM,1920000,14602184,14602184
ReforzarBrillo,ASM,1920000,14294688,14294688
ReforzarBrillo,ASM,1920000,14311450,14311450
ReforzarBrillo,ASM,1920000,14385502,14385502
ReforzarBrillo,ASM,1920000,14366700,14366700
ReforzarBrillo,ASM,1920000,14372276,14372276
ReforzarBrillo,ASM,1920000,14729514,14729514
ReforzarBrillo,ASM,1920000,16933666,16933666
ReforzarBrillo,ASM,1920000,15293710,15293710
ReforzarBrillo,ASM,1920000,14388732,14388732
ReforzarBrillo,ASM,1920000,14381524,14381524
ReforzarBrillo,ASM,1920000,14688714,14688714
ReforzarBrillo,ASM,1920000,14313456,14313456
ReforzarBrillo,ASM,1920000,14275852,14275852
ReforzarBrillo,ASM,1920000,14380742,14380742
ReforzarBrillo,ASM,1920000,14289656,14289656
ReforzarBrillo,ASM,1920000,16016686,16016686
ReforzarBrillo,ASM,1920000,14389106,14389106
ReforzarBrillo,ASM,1920000,14560806,14560806
ReforzarBrillo,ASM,1920000,14615750,14615750
ReforzarBrillo,ASM,1920000,14729786,14729786
ReforzarBrillo,ASM,1920000,14412668,14412668
ReforzarBrillo,ASM,1920000,14712854,14712854
ReforzarBrillo,ASM,1920000,14468292,14468292
ReforzarBrillo,ASM,1920000,14381966,14381966
ReforzarBrillo,ASM,1920000,14717988,14717988
ReforzarBrillo,ASM,1920000,14541256,14541256
ReforzarBrillo,ASM,1920000,14561112,14561112
ReforzarBrillo,ASM,1920000,14428546,14428546
ReforzarBrillo,ASM,1920000,20670980,20670980
ReforzarBrillo,ASM,1920000,14807374,14807374
ReforzarBrillo,ASM,1920000,20720348,20720348
ReforzarBrillo,ASM,1920000,14367108,14367108
ReforzarBrillo,ASM,1920000,23032280,23032280
ReforzarBrillo,ASM,1920000,15690354,15690354
ReforzarBrillo,ASM,1920000,21992084,21992084
ReforzarBrillo,ASM,1920000,16189474,16189474
ReforzarBrillo,ASM,1920000,22828722,22828722
ReforzarBrillo,ASM,1920000,14709182,14709182
ReforzarBrillo,ASM,1920000,19770082,19770082
ReforzarBrillo,ASM,1920000,15613038,15613038
ReforzarBrillo,ASM,1920000,22737568,22737568
ReforzarBrillo,ASM,1920000,15762434,15762434
ReforzarBrillo,ASM,1920000,14299686,14299686
ReforzarBrillo,ASM,1920000,14398150,14398150
ReforzarBrillo,ASM,1920000,18572398,18572398
ReforzarBrillo,ASM,1920000,17065892,17065892
ReforzarBrillo,ASM,1920000,17875772,17875772
ReforzarBrillo,ASM,1920000,14330898,14330898
ReforzarBrillo,ASM,1920000,18021462,18021462
ReforzarBrillo,ASM,1920000,14203670,14203670
ReforzarBrillo,ASM,1920000,19326076,19326076
ReforzarBrillo,ASM,1920000,14520448,14520448
ReforzarBrillo,ASM,1920000,15469898,15469898
ReforzarBrillo,ASM,1920000,14310158,14310158
ReforzarBrillo,ASM,1920000,14580696,14580696
ReforzarBrillo,ASM,1920000,14557236,14557236
ReforzarBrillo,ASM,1920000,18388356,18388356
ReforzarBrillo,ASM,1920000,15492644,15492644
ReforzarBrillo,ASM,1920000,14694698,14694698
ReforzarBrillo,ASM,1920000,14582668,14582668
ReforzarBrillo,ASM,1920000,14323418,14323418
ReforzarBrillo,ASM,1920000,15606578,15606578
ReforzarBrillo,ASM,1920000,14361158,14361158
ReforzarBrillo,ASM,1920000,14383768,14383768
ReforzarBrillo,ASM,1920000,14530818,14530818
ReforzarBrillo,ASM,1920000,14633702,14633702
ReforzarBrillo,ASM,1920000,14875510,14875510
ReforzarBrillo,ASM,1920000,14632002,14632002
ReforzarBrillo,ASM,1920000,14491888,14491888
ReforzarBrillo,ASM,1920000,15370924,15370924
ReforzarBrillo,ASM,1920000,14725706,14725706
ReforzarBrillo,ASM,1920000,16146192,16146192
ReforzarBrillo,ASM,1920000,14652096,14652096
ReforzarBrillo,ASM,1920000,15682092,15682092
ReforzarBrillo,ASM,1920000,14291050,14291050
ReforzarBrillo,ASM,1920000,15024668,15024668
ReforzarBrillo,ASM,1920000,14561758,14561758
ReforzarBrillo,ASM,1920000,14550232,14550232
ReforzarBrillo,ASM,1920000,14312504,14312504
ReforzarBrillo,ASM,1920000,15644896,15644896
ReforzarBrillo,ASM,1920000,14390058,14390058
ReforzarBrillo,ASM,1920000,14352318,14352318
ReforzarBrillo,ASM,1920000,14492772,14492772
ReforzarBrillo,ASM,1920000,14590658,14590658
ReforzarBrillo,ASM,1920000,14285678,14285678
ReforzarBrillo,ASM,1920000,14392914,14392914
ReforzarBrillo,ASM,1920000,14372276,14372276
ReforzarBrillo,ASM,1920000,14366972,14366972
