ReforzarBrillo,C,512,8796,8796
ReforzarBrillo,C,512,7549,7549
ReforzarBrillo,C,512,7198,7198
ReforzarBrillo,C,512,6678,6678
ReforzarBrillo,C,512,6668,6668
ReforzarBrillo,C,512,6528,6528
ReforzarBrillo,C,512,6518,6518
ReforzarBrillo,C,512,6249,6249
ReforzarBrillo,C,512,6354,6354
ReforzarBrillo,C,512,6254,6254
ReforzarBrillo,C,512,6359,6359
ReforzarBrillo,C,512,6320,6320
ReforzarBrillo,C,512,6342,6342
ReforzarBrillo,C,512,6318,6318
ReforzarBrillo,C,512,6367,6367
ReforzarBrillo,C,512,6336,6336
ReforzarBrillo,C,512,6328,6328
ReforzarBrillo,C,512,6363,6363
ReforzarBrillo,C,512,6387,6387
ReforzarBrillo,C,512,6369,6369
ReforzarBrillo,C,512,6361,6361
ReforzarBrillo,C,512,6375,6375
ReforzarBrillo,C,512,6302,6302
ReforzarBrillo,C,512,6359,6359
ReforzarBrillo,C,512,6314,6314
ReforzarBrillo,C,512,6426,6426
ReforzarBrillo,C,512,6316,6316
ReforzarBrillo,C,512,6371,6371
ReforzarBrillo,C,512,6261,6261
ReforzarBrillo,C,512,6304,6304
ReforzarBrillo,C,512,6282,6282
ReforzarBrillo,C,512,6332,6332
ReforzarBrillo,C,512,6357,6357
ReforzarBrillo,C,512,6396,6396
ReforzarBrillo,C,512,6328,6328
ReforzarBrillo,C,512,6331,6331
ReforzarBrillo,C,512,6347,6347
ReforzarBrillo,C,512,6404,6404
ReforzarBrillo,C,512,6335,6335
ReforzarBrillo,C,512,6427,6427
ReforzarBrillo,C,512,6366,6366
ReforzarBrillo,C,512,6360,6360
ReforzarBrillo,C,512,6336,6336
ReforzarBrillo,C,512,6298,6298
ReforzarBrillo,C,512,6354,6354
ReforzarBrillo,C,512,6402,6402
ReforzarBrillo,C,512,6331,6331
ReforzarBrillo,C,512,6457,6457
ReforzarBrillo,C,512,6345,6345
ReforzarBrillo,C,512,6352,6352
ReforzarBrillo,C,512,6327,6327
ReforzarBrillo,C,512,6424,6424
ReforzarBrillo,C,512,6335,6335
ReforzarBrillo,C,512,6451,6451
ReforzarBrillo,C,512,6353,6353
ReforzarBrillo,C,512,6422,6422
ReforzarBrillo,C,512,6401,6401
ReforzarBrillo,C,512,6347,6347
ReforzarBrillo,C,512,6310,6310
ReforzarBrillo,C,512,6323,6323
ReforzarBrillo,C,512,6326,6326
ReforzarBrillo,C,512,6357,6357
ReforzarBrillo,C,512,6326,6326
ReforzarBrillo,C,512,6372,6372
ReforzarBrillo,C,512,6328,6328
ReforzarBrillo,C,512,6345,6345
ReforzarBrillo,C,512,6331,6331
ReforzarBrillo,C,512,6324,6324
ReforzarBrillo,C,512,6320,6320
ReforzarBrillo,C,512,6348,6348
ReforzarBrillo,C,512,6366,6366
ReforzarBrillo,C,512,6409,6409
ReforzarBrillo,C,512,6336,6336
ReforzarBrillo,C,512,6375,6375
ReforzarBrillo,C,512,6312,6312
ReforzarBrillo,C,512,6371,6371
ReforzarBrillo,C,512,6301,6301
ReforzarBrillo,C,512,6359,6359
ReforzarBrillo,C,512,6320,6320
ReforzarBrillo,C,512,6399,6399
ReforzarBrillo,C,512,6314,6314
ReforzarBrillo,C,512,6413,6413
ReforzarBrillo,C,512,6308,6308
ReforzarBrillo,C,512,6323,6323
ReforzarBrillo,C,512,6252,6252
ReforzarBrillo,C,512,6320,6320
ReforzarBrillo,C,512,6314,6314
ReforzarBrillo,C,512,6343,6343
ReforzarBrillo,C,512,6245,6245
ReforzarBrillo,C,512,6308,6308
ReforzarBrillo,C,512,6293,6293
ReforzarBrillo,C,512,6355,6355
ReforzarBrillo,C,512,6306,6306
ReforzarBrillo,C,512,6332,6332
ReforzarBrillo,C,512,6300,6300
ReforzarBrillo,C,512,6371,6371
ReforzarBrillo,C,512,6325,6325
ReforzarBrillo,C,512,6407,6407
ReforzarBrillo,C,512,6402,6402
ReforzarBrillo,C,512,6334,6334
ReforzarBrillo,C,512,6297,6297
ReforzarBrillo,C,512,6329,6329
ReforzarBrillo,C,512,6363,6363
ReforzarBrillo,C,512,6382,6382
ReforzarBrillo,C,512,6308,6308
ReforzarBrillo,C,512,6397,6397
ReforzarBrillo,C,512,6395,6395
ReforzarBrillo,C,512,6339,6339
ReforzarBrillo,C,512,6348,6348
ReforzarBrillo,C,512,6371,6371
ReforzarBrillo,C,512,6397,6397
ReforzarBrillo,C,512,6338,6338
ReforzarBrillo,C,512,6349,6349
ReforzarBrillo,C,512,6383,6383
ReforzarBrillo,C,512,6328,6328
ReforzarBrillo,C,512,6343,6343
ReforzarBrillo,C,512,6379,6379
ReforzarBrillo,C,512,6359,6359
ReforzarBrillo,C,512,6336,6336
ReforzarBrillo,C,512,6391,6391
ReforzarBrillo,C,512,6371,6371
ReforzarBrillo,C,512,6393,6393
ReforzarBrillo,C,512,6396,6396
ReforzarBrillo,C,512,6266,6266
ReforzarBrillo,C,512,6373,6373
ReforzarBrillo,C,512,6313,6313
ReforzarBrillo,C,512,6366,6366
ReforzarBrillo,C,512,6369,6369
ReforzarBrillo,C,512,6401,6401
ReforzarBrillo,C,512,6284,6284
ReforzarBrillo,C,512,6340,6340
ReforzarBrillo,C,512,6330,6330
ReforzarBrillo,C,512,6371,6371
ReforzarBrillo,C,512,6381,6381
ReforzarBrillo,C,512,6379,6379
ReforzarBrillo,C,512,6745,6745
ReforzarBrillo,C,512,7501,7501
ReforzarBrillo,C,512,7287,7287
ReforzarBrillo,C,512,7549,7549
ReforzarBrillo,C,512,7438,7438
ReforzarBrillo,C,512,8448,8448
ReforzarBrillo,C,512,8186,8186
ReforzarBrillo,C,512,8272,8272
ReforzarBrillo,C,512,7926,7926
ReforzarBrillo,C,512,8660,8660
ReforzarBrillo,C,512,8509,8509
ReforzarBrillo,C,512,6875,6875
ReforzarBrillo,C,512,6298,6298
ReforzarBrillo,C,512,6367,6367
ReforzarBrillo,C,512,6302,6302
ReforzarBrillo,C,512,6391,6391
ReforzarBrillo,C,512,6381,6381
ReforzarBrillo,C,512,6310,6310
ReforzarBrillo,C,512,6403,6403
ReforzarBrillo,C,512,6302,6302
ReforzarBrillo,C,512,6346,6346
ReforzarBrillo,C,512,6322,6322
ReforzarBrillo,C,512,6298,6298
ReforzarBrillo,C,512,6363,6363
ReforzarBrillo,C,512,7225,7225
ReforzarBrillo,C,512,8205,8205
ReforzarBrillo,C,512,8280,8280
ReforzarBrillo,C,512,6300,6300
ReforzarBrillo,C,512,6316,6316
ReforzarBrillo,C,512,6263,6263
ReforzarBrillo,C,512,6337,6337
ReforzarBrillo,C,512,6306,6306
ReforzarBrillo,C,512,6391,6391
ReforzarBrillo,C,512,6344,6344
ReforzarBrillo,C,512,6377,6377
ReforzarBrillo,C,512,7623,7623
ReforzarBrillo,C,512,8818,8818
ReforzarBrillo,C,512,6329,6329
ReforzarBrillo,C,512,6354,6354
ReforzarBrillo,C,512,6308,6308
ReforzarBrillo,C,512,6308,6308
ReforzarBrillo,C,512,6261,6261
ReforzarBrillo,C,512,6415,6415
ReforzarBrillo,C,512,6353,6353
ReforzarBrillo,C,512,6444,6444
ReforzarBrillo,C,512,6355,6355
ReforzarBrillo,C,512,9045,9045
ReforzarBrillo,C,512,8227,8227
ReforzarBrillo,C,512,6320,6320
ReforzarBrillo,C,512,6280,6280
ReforzarBrillo,C,512,6342,6342
ReforzarBrillo,C,512,6314,6314
ReforzarBrillo,C,512,6334,6334
ReforzarBrillo,C,512,6316,6316
ReforzarBrillo,C,512,6345,6345
ReforzarBrillo,C,512,6281,6281
ReforzarBrillo,C,512,7124,7124
ReforzarBrillo,C,512,9373,9373
ReforzarBrillo,C,512,6346,6346
ReforzarBrillo,C,512,6259,6259
ReforzarBrillo,C,512,6316,6316
ReforzarBrillo,C,512,6312,6312
ReforzarBrillo,C,512,6338,6338
ReforzarBrillo,C,512,6304,6304
ReforzarBrillo,C,512,6355,6355
ReforzarBrillo,C,512,6360,6360
ReforzarBrillo,C,512,6258,6258
ReforzarBrillo,C,512,6301,6301
ReforzarBrillo,C,512,7994,7994
ReforzarBrillo,C,512,8168,8168
ReforzarBrillo,C,512,6300,6300
ReforzarBrillo,C,512,6379,6379
ReforzarBrillo,C,512,6355,6355
ReforzarBrillo,C,512,6347,6347
ReforzarBrillo,C,512,6347,6347
ReforzarBrillo,C,512,6326,6326
ReforzarBrillo,C,512,6374,6374
ReforzarBrillo,C,512,6314,6314
ReforzarBrillo,C,512,8369,8369
ReforzarBrillo,C,512,7857,7857
ReforzarBrillo,C,512,6346,6346
ReforzarBrillo,C,512,6312,6312
ReforzarBrillo,C,512,6298,6298
ReforzarBrillo,C,512,6383,6383
ReforzarBrillo,C,512,6272,6272
ReforzarBrillo,C,512,6306,6306
ReforzarBrillo,C,512,6296,6296
ReforzarBrillo,C,512,6310,6310
ReforzarBrillo,C,512,6275,6275
ReforzarBrillo,C,512,6346,6346
ReforzarBrillo,C,512,6326,6326
ReforzarBrillo,C,512,6318,6318
ReforzarBrillo,C,512,6300,6300
ReforzarBrillo,C,512,6330,6330
ReforzarBrillo,C,512,6312,6312
ReforzarBrillo,C,512,6496,6496
ReforzarBrillo,C,512,6336,6336
ReforzarBrillo,C,512,6322,6322
ReforzarBrillo,C,512,6296,6296
ReforzarBrillo,C,512,6280,6280
ReforzarBrillo,C,512,6389,6389
ReforzarBrillo,C,512,6351,6351
ReforzarBrillo,C,512,6381,6381
ReforzarBrillo,C,512,6340,6340
ReforzarBrillo,C,512,6329,6329
ReforzarBrillo,C,512,6329,6329
ReforzarBrillo,C,512,6337,6337
ReforzarBrillo,C,512,6276,6276
ReforzarBrillo,C,512,6316,6316
ReforzarBrillo,C,512,6308,6308
ReforzarBrillo,C,512,6324,6324
ReforzarBrillo,C,512,6337,6337
ReforzarBrillo,C,512,6338,6338
ReforzarBrillo,C,512,6310,6310
ReforzarBrillo,C,512,6330,6330
ReforzarBrillo,C,512,6281,6281
ReforzarBrillo,C,512,6330,6330
ReforzarBrillo,C,512,6334,6334
ReforzarBrillo,C,512,6363,6363
ReforzarBrillo,C,512,6302,6302
ReforzarBrillo,C,512,6415,6415
ReforzarBrillo,C,512,6320,6320
ReforzarBrillo,C,512,6381,6381
ReforzarBrillo,C,512,6275,6275
ReforzarBrillo,C,512,6405,6405
ReforzarBrillo,C,512,6279,6279
ReforzarBrillo,C,512,6399,6399
ReforzarBrillo,C,512,6293,6293
ReforzarBrillo,C,512,6444,6444
ReforzarBrillo,C,512,6293,6293
ReforzarBrillo,C,512,6448,6448
ReforzarBrillo,C,512,6254,6254
ReforzarBrillo,C,512,6371,6371
ReforzarBrillo,C,512,6292,6292
ReforzarBrillo,C,512,6407,6407
ReforzarBrillo,C,512,6284,6284
ReforzarBrillo,C,512,6371,6371
ReforzarBrillo,C,512,6308,6308
ReforzarBrillo,C,512,6250,6250
ReforzarBrillo,C,512,6300,6300
ReforzarBrillo,C,512,6353,6353
ReforzarBrillo,C,512,6253,6253
ReforzarBrillo,C,512,6373,6373
ReforzarBrillo,C,512,6249,6249
ReforzarBrillo,C,512,6370,6370
ReforzarBrillo,C,512,6231,6231
ReforzarBrillo,C,512,6414,6414
ReforzarBrillo,C,512,6279,6279
ReforzarBrillo,C,512,6302,6302
ReforzarBrillo,C,512,6316,6316
ReforzarBrillo,C,512,7456,7456
ReforzarBrillo,C,512,7306,7306
ReforzarBrillo,C,512,7327,7327
ReforzarBrillo,C,512,6802,6802
ReforzarBrillo,C,512,6911,6911
ReforzarBrillo,C,512,6695,6695
ReforzarBrillo,C,512,6886,6886
ReforzarBrillo,C,512,7261,7261
ReforzarBrillo,C,512,7068,7068
ReforzarBrillo,C,512,7189,7189
ReforzarBrillo,C,512,7604,7604
ReforzarBrillo,C,512,7601,7601
ReforzarBrillo,C,512,7891,7891
ReforzarBrillo,C,512,9591,9591
ReforzarBrillo,C,512,6330,6330
ReforzarBrillo,C,2048,47272,47272
ReforzarBrillo,C,2048,43820,43820
ReforzarBrillo,C,2048,42330,42330
ReforzarBrillo,C,2048,39356,39356
ReforzarBrillo,C,2048,40947,40947
ReforzarBrillo,C,2048,41508,41508
ReforzarBrillo,C,2048,36937,36937
ReforzarBrillo,C,2048,40931,40931
ReforzarBrillo,C,2048,39807,39807
ReforzarBrillo,C,2048,37300,37300
ReforzarBrillo,C,2048,39893,39893
ReforzarBrillo,C,2048,39437,39437
ReforzarBrillo,C,2048,39016,39016
ReforzarBrillo,C,2048,40855,40855
ReforzarBrillo,C,2048,38196,38196
ReforzarBrillo,C,2048,39285,39285
ReforzarBrillo,C,2048,39864,39864
ReforzarBrillo,C,2048,38945,38945
ReforzarBrillo,C,2048,39818,39818
ReforzarBrillo,C,2048,40648,40648
ReforzarBrillo,C,2048,37061,37061
ReforzarBrillo,C,2048,40297,40297
ReforzarBrillo,C,2048,39163,39163
ReforzarBrillo,C,2048,36593,36593
ReforzarBrillo,C,2048,39518,39518
ReforzarBrillo,C,2048,39848,39848
ReforzarBrillo,C,2048,37412,37412
ReforzarBrillo,C,2048,40268,40268
ReforzarBrillo,C,2048,41249,41249
ReforzarBrillo,C,2048,37723,37723
ReforzarBrillo,C,2048,39994,39994
ReforzarBrillo,C,2048,40458,40458
ReforzarBrillo,C,2048,37172,37172
ReforzarBrillo,C,2048,33999,33999
ReforzarBrillo,C,2048,31942,31942
ReforzarBrillo,C,2048,31555,31555
ReforzarBrillo,C,2048,31325,31325
ReforzarBrillo,C,2048,47739,47739
ReforzarBrillo,C,2048,34333,34333
ReforzarBrillo,C,2048,35364,35364
ReforzarBrillo,C,2048,30737,30737
ReforzarBrillo,C,2048,28913,28913
ReforzarBrillo,C,2048,30096,30096
ReforzarBrillo,C,2048,28978,28978
ReforzarBrillo,C,2048,28985,28985
ReforzarBrillo,C,2048,29116,29116
ReforzarBrillo,C,2048,32283,32283
ReforzarBrillo,C,2048,38476,38476
ReforzarBrillo,C,2048,31386,31386
ReforzarBrillo,C,2048,29229,29229
ReforzarBrillo,C,2048,29977,29977
ReforzarBrillo,C,2048,33479,33479
ReforzarBrillo,C,2048,32727,32727
ReforzarBrillo,C,2048,29400,29400
ReforzarBrillo,C,2048,29082,29082
ReforzarBrillo,C,2048,29297,29297
ReforzarBrillo,C,2048,29060,29060
ReforzarBrillo,C,2048,28710,28710
ReforzarBrillo,C,2048,29262,29262
ReforzarBrillo,C,2048,28838,28838
ReforzarBrillo,C,2048,28977,28977
ReforzarBrillo,C,2048,89413,89413
ReforzarBrillo,C,2048,31953,31953
ReforzarBrillo,C,2048,32840,32840
ReforzarBrillo,C,2048,31981,31981
ReforzarBrillo,C,2048,31046,31046
ReforzarBrillo,C,2048,33431,33431
ReforzarBrillo,C,2048,29137,29137
ReforzarBrillo,C,2048,34255,34255
ReforzarBrillo,C,2048,35404,35404
ReforzarBrillo,C,2048,35666,35666
ReforzarBrillo,C,2048,32133,32133
ReforzarBrillo,C,2048,33564,33564
ReforzarBrillo,C,2048,40598,40598
ReforzarBrillo,C,2048,36362,36362
ReforzarBrillo,C,2048,28835,28835
ReforzarBrillo,C,2048,33332,33332
ReforzarBrillo,C,2048,35746,35746
ReforzarBrillo,C,2048,28973,28973
ReforzarBrillo,C,2048,29131,29131
ReforzarBrillo,C,2048,29207,29207
ReforzarBrillo,C,2048,29050,29050
ReforzarBrillo,C,2048,28995,28995
ReforzarBrillo,C,2048,28773,28773
ReforzarBrillo,C,2048,29020,29020
ReforzarBrillo,C,2048,28834,28834
ReforzarBrillo,C,2048,29056,29056
ReforzarBrillo,C,2048,28799,28799
ReforzarBrillo,C,2048,28876,28876
ReforzarBrillo,C,2048,28783,28783
ReforzarBrillo,C,2048,29325,29325
ReforzarBrillo,C,2048,48188,48188
ReforzarBrillo,C,2048,28931,28931
ReforzarBrillo,C,2048,28933,28933
ReforzarBrillo,C,2048,28975,28975
ReforzarBrillo,C,2048,29103,29103
ReforzarBrillo,C,2048,29038,29038
ReforzarBrillo,C,2048,28793,28793
ReforzarBrillo,C,2048,28967,28967
ReforzarBrillo,C,2048,28758,28758
ReforzarBrillo,C,2048,28983,28983
ReforzarBrillo,C,2048,29214,29214
ReforzarBrillo,C,2048,28925,28925
ReforzarBrillo,C,2048,28814,28814
ReforzarBrillo,C,2048,29204,29204
ReforzarBrillo,C,2048,29058,29058
ReforzarBrillo,C,2048,29280,29280
ReforzarBrillo,C,2048,28701,28701
ReforzarBrillo,C,2048,28973,28973
ReforzarBrillo,C,2048,28670,28670
ReforzarBrillo,C,2048,29001,29001
ReforzarBrillo,C,2048,29058,29058
ReforzarBrillo,C,2048,28965,28965
ReforzarBrillo,C,2048,28584,28584
ReforzarBrillo,C,2048,29405,29405
ReforzarBrillo,C,2048,28933,28933
ReforzarBrillo,C,2048,29141,29141
ReforzarBrillo,C,2048,28732,28732
ReforzarBrillo,C,2048,29431,29431
ReforzarBrillo,C,2048,28797,28797
ReforzarBrillo,C,2048,28900,28900
ReforzarBrillo,C,2048,28969,28969
ReforzarBrillo,C,2048,28989,28989
ReforzarBrillo,C,2048,29346,29346
ReforzarBrillo,C,2048,28851,28851
ReforzarBrillo,C,2048,29783,29783
ReforzarBrillo,C,2048,28921,28921
ReforzarBrillo,C,2048,29111,29111
ReforzarBrillo,C,2048,28975,28975
ReforzarBrillo,C,2048,28943,28943
ReforzarBrillo,C,2048,33328,33328
ReforzarBrillo,C,2048,32078,32078
ReforzarBrillo,C,2048,32942,32942
ReforzarBrillo,C,2048,28690,28690
ReforzarBrillo,C,2048,33016,33016
ReforzarBrillo,C,2048,28728,28728
ReforzarBrillo,C,2048,32661,32661
ReforzarBrillo,C,2048,29072,29072
ReforzarBrillo,C,2048,33081,33081
ReforzarBrillo,C,2048,28867,28867
ReforzarBrillo,C,2048,32834,32834
ReforzarBrillo,C,2048,29991,29991
ReforzarBrillo,C,2048,30689,30689
ReforzarBrillo,C,2048,28826,28826
ReforzarBrillo,C,2048,28914,28914
ReforzarBrillo,C,2048,29295,29295
ReforzarBrillo,C,2048,28810,28810
ReforzarBrillo,C,2048,28704,28704
ReforzarBrillo,C,2048,28672,28672
ReforzarBrillo,C,2048,28771,28771
ReforzarBrillo,C,2048,29038,29038
ReforzarBrillo,C,2048,28633,28633
ReforzarBrillo,C,2048,28902,28902
ReforzarBrillo,C,2048,29087,29087
ReforzarBrillo,C,2048,28841,28841
ReforzarBrillo,C,2048,28607,28607
ReforzarBrillo,C,2048,28795,28795
ReforzarBrillo,C,2048,28911,28911
ReforzarBrillo,C,2048,28817,28817
ReforzarBrillo,C,2048,29066,29066
ReforzarBrillo,C,2048,29010,29010
ReforzarBrillo,C,2048,28882,28882
ReforzarBrillo,C,2048,28741,28741
ReforzarBrillo,C,2048,28888,28888
ReforzarBrillo,C,2048,28936,28936
ReforzarBrillo,C,2048,63679,63679
ReforzarBrillo,C,2048,30200,30200
ReforzarBrillo,C,2048,30078,30078
ReforzarBrillo,C,2048,29976,29976
ReforzarBrillo,C,2048,29503,29503
ReforzarBrillo,C,2048,30011,30011
ReforzarBrillo,C,2048,29635,29635
ReforzarBrillo,C,2048,30178,30178
ReforzarBrillo,C,2048,29758,29758
ReforzarBrillo,C,2048,29823,29823
ReforzarBrillo,C,2048,29645,29645
ReforzarBrillo,C,2048,29921,29921
ReforzarBrillo,C,2048,29625,29625
ReforzarBrillo,C,2048,29999,29999
ReforzarBrillo,C,2048,29631,29631
ReforzarBrillo,C,2048,30003,30003
ReforzarBrillo,C,2048,30135,30135
ReforzarBrillo,C,2048,30198,30198
ReforzarBrillo,C,2048,29872,29872
ReforzarBrillo,C,2048,29910,29910
ReforzarBrillo,C,2048,29861,29861
ReforzarBrillo,C,2048,29868,29868
ReforzarBrillo,C,2048,29650,29650
ReforzarBrillo,C,2048,29932,29932
ReforzarBrillo,C,2048,30181,30181
ReforzarBrillo,C,2048,29914,29914
ReforzarBrillo,C,2048,29987,29987
ReforzarBrillo,C,2048,30416,30416
ReforzarBrillo,C,2048,29811,29811
ReforzarBrillo,C,2048,30588,30588
ReforzarBrillo,C,2048,29751,29751
ReforzarBrillo,C,2048,30412,30412
ReforzarBrillo,C,2048,30285,30285
ReforzarBrillo,C,2048,29917,29917
ReforzarBrillo,C,2048,31034,31034
ReforzarBrillo,C,2048,29807,29807
ReforzarBrillo,C,2048,29935,29935
ReforzarBrillo,C,2048,30380,30380
ReforzarBrillo,C,2048,30837,30837
ReforzarBrillo,C,2048,31368,31368
ReforzarBrillo,C,2048,30004,30004
ReforzarBrillo,C,2048,30409,30409
ReforzarBrillo,C,2048,30140,30140
ReforzarBrillo,C,2048,30261,30261
ReforzarBrillo,C,2048,30117,30117
ReforzarBrillo,C,2048,30007,30007
ReforzarBrillo,C,2048,31587,31587
ReforzarBrillo,C,2048,30874,30874
ReforzarBrillo,C,2048,31064,31064
ReforzarBrillo,C,2048,29953,29953
ReforzarBrillo,C,2048,30129,30129
ReforzarBrillo,C,2048,30360,30360
ReforzarBrillo,C,2048,31084,31084
ReforzarBrillo,C,2048,30975,30975
ReforzarBrillo,C,2048,30291,30291
ReforzarBrillo,C,2048,32868,32868
ReforzarBrillo,C,2048,31166,31166
ReforzarBrillo,C,2048,30528,30528
ReforzarBrillo,C,2048,31061,31061
ReforzarBrillo,C,2048,31481,31481
ReforzarBrillo,C,2048,30216,30216
ReforzarBrillo,C,2048,91416,91416
ReforzarBrillo,C,2048,29799,29799
ReforzarBrillo,C,2048,34961,34961
ReforzarBrillo,C,2048,29646,29646
ReforzarBrillo,C,2048,69781,69781
ReforzarBrillo,C,2048,29906,29906
ReforzarBrillo,C,2048,30159,30159
ReforzarBrillo,C,2048,29761,29761
ReforzarBrillo,C,2048,30329,30329
ReforzarBrillo,C,2048,30411,30411
ReforzarBrillo,C,2048,29876,29876
ReforzarBrillo,C,2048,29674,29674
ReforzarBrillo,C,2048,30556,30556
ReforzarBrillo,C,2048,30515,30515
ReforzarBrillo,C,2048,30437,30437
ReforzarBrillo,C,2048,30244,30244
ReforzarBrillo,C,2048,29886,29886
ReforzarBrillo,C,2048,30218,30218
ReforzarBrillo,C,2048,30144,30144
ReforzarBrillo,C,2048,30384,30384
ReforzarBrillo,C,2048,30364,30364
ReforzarBrillo,C,2048,33461,33461
ReforzarBrillo,C,2048,34318,34318
ReforzarBrillo,C,2048,35587,35587
ReforzarBrillo,C,2048,35957,35957
ReforzarBrillo,C,2048,33439,33439
ReforzarBrillo,C,2048,34313,34313
ReforzarBrillo,C,2048,31824,31824
ReforzarBrillo,C,2048,36062,36062
ReforzarBrillo,C,2048,37776,37776
ReforzarBrillo,C,2048,32791,32791
ReforzarBrillo,C,2048,37028,37028
ReforzarBrillo,C,2048,36617,36617
ReforzarBrillo,C,2048,30321,30321
ReforzarBrillo,C,2048,37341,37341
ReforzarBrillo,C,2048,36297,36297
ReforzarBrillo,C,2048,30655,30655
ReforzarBrillo,C,2048,29801,29801
ReforzarBrillo,C,2048,29994,29994
ReforzarBrillo,C,2048,30235,30235
ReforzarBrillo,C,2048,29861,29861
ReforzarBrillo,C,2048,29805,29805
ReforzarBrillo,C,2048,30010,30010
ReforzarBrillo,C,2048,29677,29677
ReforzarBrillo,C,2048,29827,29827
ReforzarBrillo,C,2048,29975,29975
ReforzarBrillo,C,2048,30011,30011
ReforzarBrillo,C,2048,29903,29903
ReforzarBrillo,C,2048,29655,29655
ReforzarBrillo,C,2048,29859,29859
ReforzarBrillo,C,2048,29858,29858
ReforzarBrillo,C,2048,29861,29861
ReforzarBrillo,C,2048,29981,29981
ReforzarBrillo,C,2048,29740,29740
ReforzarBrillo,C,2048,29899,29899
ReforzarBrillo,C,2048,29768,29768
ReforzarBrillo,C,2048,29909,29909
ReforzarBrillo,C,2048,29749,29749
ReforzarBrillo,C,2048,30147,30147
ReforzarBrillo,C,2048,29761,29761
ReforzarBrillo,C,2048,30121,30121
ReforzarBrillo,C,2048,29700,29700
ReforzarBrillo,C,2048,30115,30115
ReforzarBrillo,C,2048,29896,29896
ReforzarBrillo,C,2048,29730,29730
ReforzarBrillo,C,2048,29783,29783
ReforzarBrillo,C,2048,30014,30014
ReforzarBrillo,C,2048,30040,30040
ReforzarBrillo,C,2048,29821,29821
ReforzarBrillo,C,2048,29807,29807
ReforzarBrillo,C,2048,29850,29850
ReforzarBrillo,C,2048,29656,29656
ReforzarBrillo,C,2048,29817,29817
ReforzarBrillo,C,2048,29734,29734
ReforzarBrillo,C,8192,134499,134499
ReforzarBrillo,C,8192,130555,130555
ReforzarBrillo,C,8192,128899,128899
ReforzarBrillo,C,8192,129401,129401
ReforzarBrillo,C,8192,127750,127750
ReforzarBrillo,C,8192,127766,127766
ReforzarBrillo,C,8192,158010,158010
ReforzarBrillo,C,8192,141403,141403
ReforzarBrillo,C,8192,134401,134401
ReforzarBrillo,C,8192,136328,136328
ReforzarBrillo,C,8192,137778,137778
ReforzarBrillo,C,8192,143436,143436
ReforzarBrillo,C,8192,145037,145037
ReforzarBrillo,C,8192,136888,136888
ReforzarBrillo,C,8192,127931,127931
ReforzarBrillo,C,8192,135252,135252
ReforzarBrillo,C,8192,127073,127073
ReforzarBrillo,C,8192,128842,128842
ReforzarBrillo,C,8192,128079,128079
ReforzarBrillo,C,8192,132000,132000
ReforzarBrillo,C,8192,127430,127430
ReforzarBrillo,C,8192,128626,128626
ReforzarBrillo,C,8192,127965,127965
ReforzarBrillo,C,8192,152853,152853
ReforzarBrillo,C,8192,126666,126666
ReforzarBrillo,C,8192,144061,144061
ReforzarBrillo,C,8192,140983,140983
ReforzarBrillo,C,8192,136650,136650
ReforzarBrillo,C,8192,130626,130626
ReforzarBrillo,C,8192,153121,153121
ReforzarBrillo,C,8192,126625,126625
ReforzarBrillo,C,8192,126935,126935
ReforzarBrillo,C,8192,130976,130976
ReforzarBrillo,C,8192,129749,129749
ReforzarBrillo,C,8192,131292,131292
ReforzarBrillo,C,8192,133412,133412
ReforzarBrillo,C,8192,126219,126219
ReforzarBrillo,C,8192,128231,128231
ReforzarBrillo,C,8192,126926,126926
ReforzarBrillo,C,8192,126678,126678
ReforzarBrillo,C,8192,126249,126249
ReforzarBrillo,C,8192,127251,127251
ReforzarBrillo,C,8192,126421,126421
ReforzarBrillo,C,8192,127075,127075
ReforzarBrillo,C,8192,126443,126443
ReforzarBrillo,C,8192,127099,127099
ReforzarBrillo,C,8192,127724,127724
ReforzarBrillo,C,8192,128288,128288
ReforzarBrillo,C,8192,127529,127529
ReforzarBrillo,C,8192,129465,129465
ReforzarBrillo,C,8192,128385,128385
ReforzarBrillo,C,8192,127482,127482
ReforzarBrillo,C,8192,125903,125903
ReforzarBrillo,C,8192,126720,126720
ReforzarBrillo,C,8192,127013,127013
ReforzarBrillo,C,8192,128168,128168
ReforzarBrillo,C,8192,127480,127480
ReforzarBrillo,C,8192,127964,127964
ReforzarBrillo,C,8192,127620,127620
ReforzarBrillo,C,8192,130731,130731
ReforzarBrillo,C,8192,129209,129209
ReforzarBrillo,C,8192,129290,129290
ReforzarBrillo,C,8192,126233,126233
ReforzarBrillo,C,8192,132703,132703
ReforzarBrillo,C,8192,125948,125948
ReforzarBrillo,C,8192,127314,127314
ReforzarBrillo,C,8192,126458,126458
ReforzarBrillo,C,8192,129377,129377
ReforzarBrillo,C,8192,126359,126359
ReforzarBrillo,C,8192,126899,126899
ReforzarBrillo,C,8192,126855,126855
ReforzarBrillo,C,8192,132895,132895
ReforzarBrillo,C,8192,126496,126496
ReforzarBrillo,C,8192,127395,127395
ReforzarBrillo,C,8192,127399,127399
ReforzarBrillo,C,8192,128012,128012
ReforzarBrillo,C,8192,127405,127405
ReforzarBrillo,C,8192,128519,128519
ReforzarBrillo,C,8192,127790,127790
ReforzarBrillo,C,8192,128177,128177
ReforzarBrillo,C,8192,128204,128204
ReforzarBrillo,C,8192,128727,128727
ReforzarBrillo,C,8192,127427,127427
ReforzarBrillo,C,8192,127121,127121
ReforzarBrillo,C,8192,126462,126462
ReforzarBrillo,C,8192,128207,128207
ReforzarBrillo,C,8192,127579,127579
ReforzarBrillo,C,8192,139863,139863
ReforzarBrillo,C,8192,126356,126356
ReforzarBrillo,C,8192,128405,128405
ReforzarBrillo,C,8192,129911,129911
ReforzarBrillo,C,8192,127214,127214
ReforzarBrillo,C,8192,127027,127027
ReforzarBrillo,C,8192,148135,148135
ReforzarBrillo,C,8192,126431,126431
ReforzarBrillo,C,8192,128379,128379
ReforzarBrillo,C,8192,127816,127816
ReforzarBrillo,C,8192,137940,137940
ReforzarBrillo,C,8192,126793,126793
ReforzarBrillo,C,8192,127532,127532
ReforzarBrillo,C,8192,126604,126604
ReforzarBrillo,C,8192,127423,127423
ReforzarBrillo,C,8192,128008,128008
ReforzarBrillo,C,8192,127160,127160
ReforzarBrillo,C,8192,126234,126234
ReforzarBrillo,C,8192,128666,128666
ReforzarBrillo,C,8192,127814,127814
ReforzarBrillo,C,8192,140733,140733
ReforzarBrillo,C,8192,126215,126215
ReforzarBrillo,C,8192,127541,127541
ReforzarBrillo,C,8192,127241,127241
ReforzarBrillo,C,8192,126887,126887
ReforzarBrillo,C,8192,126118,126118
ReforzarBrillo,C,8192,127006,127006
ReforzarBrillo,C,8192,126152,126152
ReforzarBrillo,C,8192,127249,127249
ReforzarBrillo,C,8192,132002,132002
ReforzarBrillo,C,8192,134318,134318
ReforzarBrillo,C,8192,134529,134529
ReforzarBrillo,C,8192,139320,139320
ReforzarBrillo,C,8192,134104,134104
ReforzarBrillo,C,8192,134600,134600
ReforzarBrillo,C,8192,126427,126427
ReforzarBrillo,C,8192,126895,126895
ReforzarBrillo,C,8192,133318,133318
ReforzarBrillo,C,8192,133078,133078
ReforzarBrillo,C,8192,126820,126820
ReforzarBrillo,C,8192,134300,134300
ReforzarBrillo,C,8192,127280,127280
ReforzarBrillo,C,8192,128166,128166
ReforzarBrillo,C,8192,128182,128182
ReforzarBrillo,C,8192,128097,128097
ReforzarBrillo,C,8192,126654,126654
ReforzarBrillo,C,8192,127425,127425
ReforzarBrillo,C,8192,126318,126318
ReforzarBrillo,C,8192,127557,127557
ReforzarBrillo,C,8192,126883,126883
ReforzarBrillo,C,8192,128526,128526
ReforzarBrillo,C,8192,127561,127561
ReforzarBrillo,C,8192,128131,128131
ReforzarBrillo,C,8192,127658,127658
ReforzarBrillo,C,8192,128542,128542
ReforzarBrillo,C,8192,127699,127699
ReforzarBrillo,C,8192,128567,128567
ReforzarBrillo,C,8192,129742,129742
ReforzarBrillo,C,8192,149362,149362
ReforzarBrillo,C,8192,137057,137057
ReforzarBrillo,C,8192,127466,127466
ReforzarBrillo,C,8192,126608,126608
ReforzarBrillo,C,8192,134743,134743
ReforzarBrillo,C,8192,131241,131241
ReforzarBrillo,C,8192,126614,126614
ReforzarBrillo,C,8192,141724,141724
ReforzarBrillo,C,8192,144872,144872
ReforzarBrillo,C,8192,138294,138294
ReforzarBrillo,C,8192,141579,141579
ReforzarBrillo,C,8192,162967,162967
ReforzarBrillo,C,8192,153698,153698
ReforzarBrillo,C,8192,139321,139321
ReforzarBrillo,C,8192,138954,138954
ReforzarBrillo,C,8192,134246,134246
ReforzarBrillo,C,8192,168109,168109
ReforzarBrillo,C,8192,143904,143904
ReforzarBrillo,C,8192,159186,159186
ReforzarBrillo,C,8192,126537,126537
ReforzarBrillo,C,8192,218256,218256
ReforzarBrillo,C,8192,127217,127217
ReforzarBrillo,C,8192,128397,128397
ReforzarBrillo,C,8192,130824,130824
ReforzarBrillo,C,8192,135912,135912
ReforzarBrillo,C,8192,126376,126376
ReforzarBrillo,C,8192,141128,141128
ReforzarBrillo,C,8192,127320,127320
ReforzarBrillo,C,8192,139707,139707
ReforzarBrillo,C,8192,126676,126676
ReforzarBrillo,C,8192,142831,142831
ReforzarBrillo,C,8192,173345,173345
ReforzarBrillo,C,8192,131948,131948
ReforzarBrillo,C,8192,130865,130865
ReforzarBrillo,C,8192,131079,131079
ReforzarBrillo,C,8192,131231,131231
ReforzarBrillo,C,8192,131588,131588
ReforzarBrillo,C,8192,148188,148188
ReforzarBrillo,C,8192,165137,165137
ReforzarBrillo,C,8192,136116,136116
ReforzarBrillo,C,8192,132040,132040
ReforzarBrillo,C,8192,131923,131923
ReforzarBrillo,C,8192,132184,132184
ReforzarBrillo,C,8192,131329,131329
ReforzarBrillo,C,8192,132399,132399
ReforzarBrillo,C,8192,131199,131199
ReforzarBrillo,C,8192,132288,132288
ReforzarBrillo,C,8192,130243,130243
ReforzarBrillo,C,8192,137840,137840
ReforzarBrillo,C,8192,130620,130620
ReforzarBrillo,C,8192,132294,132294
ReforzarBrillo,C,8192,130170,130170
ReforzarBrillo,C,8192,132395,132395
ReforzarBrillo,C,8192,131347,131347
ReforzarBrillo,C,8192,151582,151582
ReforzarBrillo,C,8192,130431,130431
ReforzarBrillo,C,8192,150420,150420
ReforzarBrillo,C,8192,170667,170667
ReforzarBrillo,C,8192,174182,174182
ReforzarBrillo,C,8192,154503,154503
ReforzarBrillo,C,8192,175788,175788
ReforzarBrillo,C,8192,185066,185066
ReforzarBrillo,C,8192,140385,140385
ReforzarBrillo,C,8192,132047,132047
ReforzarBrillo,C,8192,132798,132798
ReforzarBrillo,C,8192,130907,130907
ReforzarBrillo,C,8192,131786,131786
ReforzarBrillo,C,8192,137813,137813
ReforzarBrillo,C,8192,131319,131319
ReforzarBrillo,C,8192,130393,130393
ReforzarBrillo,C,8192,132764,132764
ReforzarBrillo,C,8192,132387,132387
ReforzarBrillo,C,8192,131838,131838
ReforzarBrillo,C,8192,131259,131259
ReforzarBrillo,C,8192,131774,131774
ReforzarBrillo,C,8192,130624,130624
ReforzarBrillo,C,8192,133132,133132
ReforzarBrillo,C,8192,130650,130650
ReforzarBrillo,C,8192,131227,131227
ReforzarBrillo,C,8192,130371,130371
ReforzarBrillo,C,8192,132580,132580
ReforzarBrillo,C,8192,130530,130530
ReforzarBrillo,C,8192,132219,132219
ReforzarBrillo,C,8192,141242,141242
ReforzarBrillo,C,8192,140073,140073
ReforzarBrillo,C,8192,130923,130923
ReforzarBrillo,C,8192,145444,145444
ReforzarBrillo,C,8192,146791,146791
ReforzarBrillo,C,8192,140288,140288
ReforzarBrillo,C,8192,153496,153496
ReforzarBrillo,C,8192,163429,163429
ReforzarBrillo,C,8192,178577,178577
ReforzarBrillo,C,8192,171598,171598
ReforzarBrillo,C,8192,158949,158949
ReforzarBrillo,C,8192,132391,132391
ReforzarBrillo,C,8192,130877,130877
ReforzarBrillo,C,8192,132439,132439
ReforzarBrillo,C,8192,187548,187548
ReforzarBrillo,C,8192,140981,140981
ReforzarBrillo,C,8192,130859,130859
ReforzarBrillo,C,8192,138527,138527
ReforzarBrillo,C,8192,147704,147704
ReforzarBrillo,C,8192,165482,165482
ReforzarBrillo,C,8192,167537,167537
ReforzarBrillo,C,8192,165060,165060
ReforzarBrillo,C,8192,185665,185665
ReforzarBrillo,C,8192,183133,183133
ReforzarBrillo,C,8192,169429,169429
ReforzarBrillo,C,8192,160404,160404
ReforzarBrillo,C,8192,159470,159470
ReforzarBrillo,C,8192,166025,166025
ReforzarBrillo,C,8192,170587,170587
ReforzarBrillo,C,8192,159322,159322
ReforzarBrillo,C,8192,132119,132119
ReforzarBrillo,C,8192,132446,132446
ReforzarBrillo,C,8192,131656,131656
ReforzarBrillo,C,8192,131709,131709
ReforzarBrillo,C,8192,133031,133031
ReforzarBrillo,C,8192,134836,134836
ReforzarBrillo,C,8192,130689,130689
ReforzarBrillo,C,8192,133875,133875
ReforzarBrillo,C,8192,130990,130990
ReforzarBrillo,C,8192,134488,134488
ReforzarBrillo,C,8192,130651,130651
ReforzarBrillo,C,8192,132069,132069
ReforzarBrillo,C,8192,133132,133132
ReforzarBrillo,C,8192,133678,133678
ReforzarBrillo,C,8192,140270,140270
ReforzarBrillo,C,8192,131065,131065
ReforzarBrillo,C,8192,134183,134183
ReforzarBrillo,C,8192,160720,160720
ReforzarBrillo,C,8192,140851,140851
ReforzarBrillo,C,8192,132049,132049
ReforzarBrillo,C,8192,132161,132161
ReforzarBrillo,C,8192,132983,132983
ReforzarBrillo,C,8192,131932,131932
ReforzarBrillo,C,8192,132739,132739
ReforzarBrillo,C,8192,132623,132623
ReforzarBrillo,C,8192,133646,133646
ReforzarBrillo,C,8192,131168,131168
ReforzarBrillo,C,8192,131575,131575
ReforzarBrillo,C,8192,130495,130495
ReforzarBrillo,C,8192,130834,130834
ReforzarBrillo,C,8192,130860,130860
ReforzarBrillo,C,8192,140955,140955
ReforzarBrillo,C,8192,130830,130830
ReforzarBrillo,C,8192,130940,130940
ReforzarBrillo,C,8192,130622,130622
ReforzarBrillo,C,8192,130956,130956
ReforzarBrillo,C,8192,130314,130314
ReforzarBrillo,C,8192,131437,131437
ReforzarBrillo,C,8192,131178,131178
ReforzarBrillo,C,8192,131436,131436
ReforzarBrillo,C,8192,131321,131321
ReforzarBrillo,C,8192,131552,131552
ReforzarBrillo,C,32768,468085,468085
ReforzarBrillo,C,32768,464380,464380
ReforzarBrillo,C,32768,463820,463820
ReforzarBrillo,C,32768,467211,467211
ReforzarBrillo,C,32768,461937,461937
ReforzarBrillo,C,32768,463644,463644
ReforzarBrillo,C,32768,461274,461274
ReforzarBrillo,C,32768,461774,461774
ReforzarBrillo,C,32768,519696,519696
ReforzarBrillo,C,32768,462011,462011
ReforzarBrillo,C,32768,461984,461984
ReforzarBrillo,C,32768,463049,463049
ReforzarBrillo,C,32768,461626,461626
ReforzarBrillo,C,32768,463460,463460
ReforzarBrillo,C,32768,481528,481528
ReforzarBrillo,C,32768,462381,462381
ReforzarBrillo,C,32768,461932,461932
ReforzarBrillo,C,32768,464279,464279
ReforzarBrillo,C,32768,460923,460923
ReforzarBrillo,C,32768,462061,462061
ReforzarBrillo,C,32768,462792,462792
ReforzarBrillo,C,32768,463203,463203
ReforzarBrillo,C,32768,462415,462415
ReforzarBrillo,C,32768,462359,462359
ReforzarBrillo,C,32768,467357,467357
ReforzarBrillo,C,32768,469790,469790
ReforzarBrillo,C,32768,472070,472070
ReforzarBrillo,C,32768,524837,524837
ReforzarBrillo,C,32768,461247,461247
ReforzarBrillo,C,32768,467723,467723
ReforzarBrillo,C,32768,471337,471337
ReforzarBrillo,C,32768,461553,461553
ReforzarBrillo,C,32768,461945,461945
ReforzarBrillo,C,32768,461861,461861
ReforzarBrillo,C,32768,461895,461895
ReforzarBrillo,C,32768,481263,481263
ReforzarBrillo,C,32768,462474,462474
ReforzarBrillo,C,32768,461634,461634
ReforzarBrillo,C,32768,462789,462789
ReforzarBrillo,C,32768,618160,618160
ReforzarBrillo,C,32768,579478,579478
ReforzarBrillo,C,32768,496314,496314
ReforzarBrillo,C,32768,463898,463898
ReforzarBrillo,C,32768,462644,462644
ReforzarBrillo,C,32768,538953,538953
ReforzarBrillo,C,32768,497972,497972
ReforzarBrillo,C,32768,490237,490237
ReforzarBrillo,C,32768,463118,463118
ReforzarBrillo,C,32768,462322,462322
ReforzarBrillo,C,32768,462591,462591
ReforzarBrillo,C,32768,462504,462504
ReforzarBrillo,C,32768,462476,462476
ReforzarBrillo,C,32768,466907,466907
ReforzarBrillo,C,32768,463452,463452
ReforzarBrillo,C,32768,464994,464994
ReforzarBrillo,C,32768,467927,467927
ReforzarBrillo,C,32768,468155,468155
ReforzarBrillo,C,32768,462190,462190
ReforzarBrillo,C,32768,471094,471094
ReforzarBrillo,C,32768,461731,461731
ReforzarBrillo,C,32768,462707,462707
ReforzarBrillo,C,32768,473260,473260
ReforzarBrillo,C,32768,461788,461788
ReforzarBrillo,C,32768,466848,466848
ReforzarBrillo,C,32768,490418,490418
ReforzarBrillo,C,32768,469792,469792
ReforzarBrillo,C,32768,474219,474219
ReforzarBrillo,C,32768,463116,463116
ReforzarBrillo,C,32768,473521,473521
ReforzarBrillo,C,32768,464712,464712
ReforzarBrillo,C,32768,466719,466719
ReforzarBrillo,C,32768,511217,511217
ReforzarBrillo,C,32768,523131,523131
ReforzarBrillo,C,32768,480586,480586
ReforzarBrillo,C,32768,462033,462033
ReforzarBrillo,C,32768,462231,462231
ReforzarBrillo,C,32768,462678,462678
ReforzarBrillo,C,32768,477497,477497
ReforzarBrillo,C,32768,482509,482509
ReforzarBrillo,C,32768,462415,462415
ReforzarBrillo,C,32768,462504,462504
ReforzarBrillo,C,32768,462879,462879
ReforzarBrillo,C,32768,511832,511832
ReforzarBrillo,C,32768,463259,463259
ReforzarBrillo,C,32768,462783,462783
ReforzarBrillo,C,32768,462080,462080
ReforzarBrillo,C,32768,481070,481070
ReforzarBrillo,C,32768,461696,461696
ReforzarBrillo,C,32768,462061,462061
ReforzarBrillo,C,32768,462126,462126
ReforzarBrillo,C,32768,472515,472515
ReforzarBrillo,C,32768,462053,462053
ReforzarBrillo,C,32768,478664,478664
ReforzarBrillo,C,32768,462877,462877
ReforzarBrillo,C,32768,462830,462830
ReforzarBrillo,C,32768,462452,462452
ReforzarBrillo,C,32768,461971,461971
ReforzarBrillo,C,32768,480572,480572
ReforzarBrillo,C,32768,627860,627860
ReforzarBrillo,C,32768,676705,676705
ReforzarBrillo,C,32768,574172,574172
ReforzarBrillo,C,32768,588672,588672
ReforzarBrillo,C,32768,516296,516296
ReforzarBrillo,C,32768,477195,477195
ReforzarBrillo,C,32768,462842,462842
ReforzarBrillo,C,32768,468518,468518
ReforzarBrillo,C,32768,469086,469086
ReforzarBrillo,C,32768,478539,478539
ReforzarBrillo,C,32768,477172,477172
ReforzarBrillo,C,32768,505697,505697
ReforzarBrillo,C,32768,490556,490556
ReforzarBrillo,C,32768,514711,514711
ReforzarBrillo,C,32768,492284,492284
ReforzarBrillo,C,32768,477679,477679
ReforzarBrillo,C,32768,482823,482823
ReforzarBrillo,C,32768,522400,522400
ReforzarBrillo,C,32768,497514,497514
ReforzarBrillo,C,32768,484250,484250
ReforzarBrillo,C,32768,476639,476639
ReforzarBrillo,C,32768,520068,520068
ReforzarBrillo,C,32768,476014,476014
ReforzarBrillo,C,32768,481242,481242
ReforzarBrillo,C,32768,507579,507579
ReforzarBrillo,C,32768,483857,483857
ReforzarBrillo,C,32768,485270,485270
ReforzarBrillo,C,32768,498008,498008
ReforzarBrillo,C,32768,477390,477390
ReforzarBrillo,C,32768,478291,478291
ReforzarBrillo,C,32768,479835,479835
ReforzarBrillo,C,32768,488696,488696
ReforzarBrillo,C,32768,590321,590321
ReforzarBrillo,C,32768,490552,490552
ReforzarBrillo,C,32768,477724,477724
ReforzarBrillo,C,32768,477831,477831
ReforzarBrillo,C,32768,484773,484773
ReforzarBrillo,C,32768,477279,477279
ReforzarBrillo,C,32768,477198,477198
ReforzarBrillo,C,32768,491700,491700
ReforzarBrillo,C,32768,530396,530396
ReforzarBrillo,C,32768,498346,498346
ReforzarBrillo,C,32768,508096,508096
ReforzarBrillo,C,32768,477361,477361
ReforzarBrillo,C,32768,477402,477402
ReforzarBrillo,C,32768,490015,490015
ReforzarBrillo,C,32768,478537,478537
ReforzarBrillo,C,32768,477622,477622
ReforzarBrillo,C,32768,481578,481578
ReforzarBrillo,C,32768,483769,483769
ReforzarBrillo,C,32768,477258,477258
ReforzarBrillo,C,32768,483105,483105
ReforzarBrillo,C,32768,477630,477630
ReforzarBrillo,C,32768,478165,478165
ReforzarBrillo,C,32768,491987,491987
ReforzarBrillo,C,32768,477128,477128
ReforzarBrillo,C,32768,478043,478043
ReforzarBrillo,C,32768,501610,501610
ReforzarBrillo,C,32768,481503,481503
ReforzarBrillo,C,32768,477034,477034
ReforzarBrillo,C,32768,477263,477263
ReforzarBrillo,C,32768,484916,484916
ReforzarBrillo,C,32768,477421,477421
ReforzarBrillo,C,32768,477028,477028
ReforzarBrillo,C,32768,480900,480900
ReforzarBrillo,C,32768,482200,482200
ReforzarBrillo,C,32768,477396,477396
ReforzarBrillo,C,32768,477964,477964
ReforzarBrillo,C,32768,477084,477084
ReforzarBrillo,C,32768,488657,488657
ReforzarBrillo,C,32768,532678,532678
ReforzarBrillo,C,32768,476764,476764
ReforzarBrillo,C,32768,498397,498397
ReforzarBrillo,C,32768,478050,478050
ReforzarBrillo,C,32768,501097,501097
ReforzarBrillo,C,32768,505300,505300
ReforzarBrillo,C,32768,485738,485738
ReforzarBrillo,C,32768,479223,479223
ReforzarBrillo,C,32768,477645,477645
ReforzarBrillo,C,32768,484125,484125
ReforzarBrillo,C,32768,568439,568439
ReforzarBrillo,C,32768,476837,476837
ReforzarBrillo,C,32768,477616,477616
ReforzarBrillo,C,32768,483826,483826
ReforzarBrillo,C,32768,496619,496619
ReforzarBrillo,C,32768,476439,476439
ReforzarBrillo,C,32768,477667,477667
ReforzarBrillo,C,32768,476651,476651
ReforzarBrillo,C,32768,477517,477517
ReforzarBrillo,C,32768,477056,477056
ReforzarBrillo,C,32768,478090,478090
ReforzarBrillo,C,32768,477543,477543
ReforzarBrillo,C,32768,478044,478044
ReforzarBrillo,C,32768,485560,485560
ReforzarBrillo,C,32768,486979,486979
ReforzarBrillo,C,32768,529308,529308
ReforzarBrillo,C,32768,477566,477566
ReforzarBrillo,C,32768,477713,477713
ReforzarBrillo,C,32768,478155,478155
ReforzarBrillo,C,32768,476452,476452
ReforzarBrillo,C,32768,489653,489653
ReforzarBrillo,C,32768,477426,477426
ReforzarBrillo,C,32768,477162,477162
ReforzarBrillo,C,32768,483299,483299
ReforzarBrillo,C,32768,477786,477786
ReforzarBrillo,C,32768,477874,477874
ReforzarBrillo,C,32768,477893,477893
ReforzarBrillo,C,32768,476861,476861
ReforzarBrillo,C,32768,476564,476564
ReforzarBrillo,C,32768,492717,492717
ReforzarBrillo,C,32768,477304,477304
ReforzarBrillo,C,32768,476663,476663
ReforzarBrillo,C,32768,504369,504369
ReforzarBrillo,C,32768,461913,461913
ReforzarBrillo,C,32768,474339,474339
ReforzarBrillo,C,32768,505075,505075
ReforzarBrillo,C,32768,533308,533308
ReforzarBrillo,C,32768,507070,507070
ReforzarBrillo,C,32768,462647,462647
ReforzarBrillo,C,32768,471341,471341
ReforzarBrillo,C,32768,462759,462759
ReforzarBrillo,C,32768,478250,478250
ReforzarBrillo,C,32768,549972,549972
ReforzarBrillo,C,32768,495788,495788
ReforzarBrillo,C,32768,546719,546719
ReforzarBrillo,C,32768,542541,542541
ReforzarBrillo,C,32768,483793,483793
ReforzarBrillo,C,32768,474872,474872
ReforzarBrillo,C,32768,517673,517673
ReforzarBrillo,C,32768,468960,468960
ReforzarBrillo,C,32768,498921,498921
ReforzarBrillo,C,32768,462574,462574
ReforzarBrillo,C,32768,462543,462543
ReforzarBrillo,C,32768,462527,462527
ReforzarBrillo,C,32768,462381,462381
ReforzarBrillo,C,32768,461808,461808
ReforzarBrillo,C,32768,490157,490157
ReforzarBrillo,C,32768,477655,477655
ReforzarBrillo,C,32768,463124,463124
ReforzarBrillo,C,32768,504057,504057
ReforzarBrillo,C,32768,477080,477080
ReforzarBrillo,C,32768,477133,477133
ReforzarBrillo,C,32768,477531,477531
ReforzarBrillo,C,32768,486408,486408
ReforzarBrillo,C,32768,476969,476969
ReforzarBrillo,C,32768,476781,476781
ReforzarBrillo,C,32768,500703,500703
ReforzarBrillo,C,32768,486678,486678
ReforzarBrillo,C,32768,506865,506865
ReforzarBrillo,C,32768,479623,479623
ReforzarBrillo,C,32768,478169,478169
ReforzarBrillo,C,32768,476695,476695
ReforzarBrillo,C,32768,476993,476993
ReforzarBrillo,C,32768,478021,478021
ReforzarBrillo,C,32768,476957,476957
ReforzarBrillo,C,32768,477149,477149
ReforzarBrillo,C,32768,477681,477681
ReforzarBrillo,C,32768,477732,477732
ReforzarBrillo,C,32768,477310,477310
ReforzarBrillo,C,32768,477293,477293
ReforzarBrillo,C,32768,477113,477113
ReforzarBrillo,C,32768,487287,487287
ReforzarBrillo,C,32768,477189,477189
ReforzarBrillo,C,32768,478517,478517
ReforzarBrillo,C,32768,477748,477748
ReforzarBrillo,C,32768,502047,502047
ReforzarBrillo,C,32768,531890,531890
ReforzarBrillo,C,32768,477580,477580
ReforzarBrillo,C,32768,477293,477293
ReforzarBrillo,C,32768,552685,552685
ReforzarBrillo,C,32768,478800,478800
ReforzarBrillo,C,32768,477515,477515
ReforzarBrillo,C,32768,477262,477262
ReforzarBrillo,C,32768,477135,477135
ReforzarBrillo,C,32768,477092,477092
ReforzarBrillo,C,32768,477693,477693
ReforzarBrillo,C,32768,488996,488996
ReforzarBrillo,C,32768,488165,488165
ReforzarBrillo,C,32768,478163,478163
ReforzarBrillo,C,32768,478843,478843
ReforzarBrillo,C,32768,478029,478029
ReforzarBrillo,C,32768,477309,477309
ReforzarBrillo,C,32768,502073,502073
ReforzarBrillo,C,32768,478704,478704
ReforzarBrillo,C,32768,477821,477821
ReforzarBrillo,C,32768,485236,485236
ReforzarBrillo,C,32768,477896,477896
ReforzarBrillo,C,32768,478928,478928
ReforzarBrillo,C,32768,477192,477192
ReforzarBrillo,C,32768,477501,477501
ReforzarBrillo,C,32768,477385,477385
ReforzarBrillo,C,32768,489307,489307
ReforzarBrillo,C,32768,489965,489965
ReforzarBrillo,C,32768,462231,462231
ReforzarBrillo,C,32768,463256,463256
ReforzarBrillo,C,32768,462051,462051
ReforzarBrillo,C,32768,462841,462841
ReforzarBrillo,C,32768,461982,461982
ReforzarBrillo,C,32768,461699,461699
ReforzarBrillo,C,32768,461994,461994
ReforzarBrillo,C,32768,462468,462468
ReforzarBrillo,C,32768,486598,486598
ReforzarBrillo,C,120000,1616200,1616200
ReforzarBrillo,C,120000,1616118,1616118
ReforzarBrillo,C,120000,1624093,1624093
ReforzarBrillo,C,120000,1613659,1613659
ReforzarBrillo,C,120000,1590508,1590508
ReforzarBrillo,C,120000,1580827,1580827
ReforzarBrillo,C,120000,1590800,1590800
ReforzarBrillo,C,120000,1604364,1604364
ReforzarBrillo,C,120000,1588381,1588381
ReforzarBrillo,C,120000,1642516,1642516
ReforzarBrillo,C,120000,1831178,1831178
ReforzarBrillo,C,120000,1701731,1701731
ReforzarBrillo,C,120000,1580642,1580642
ReforzarBrillo,C,120000,1579878,1579878
ReforzarBrillo,C,120000,1592865,1592865
ReforzarBrillo,C,120000,1611050,1611050
ReforzarBrillo,C,120000,1580126,1580126
ReforzarBrillo,C,120000,1579607,1579607
ReforzarBrillo,C,120000,1579385,1579385
ReforzarBrillo,C,120000,1579094,1579094
ReforzarBrillo,C,120000,1596950,1596950
ReforzarBrillo,C,120000,1614607,1614607
ReforzarBrillo,C,120000,1592246,1592246
ReforzarBrillo,C,120000,1649722,1649722
ReforzarBrillo,C,120000,1593960,1593960
ReforzarBrillo,C,120000,1589713,1589713
ReforzarBrillo,C,120000,1584389,1584389
ReforzarBrillo,C,120000,1631543,1631543
ReforzarBrillo,C,120000,2040585,2040585
ReforzarBrillo,C,120000,1580607,1580607
ReforzarBrillo,C,120000,1580529,1580529
ReforzarBrillo,C,120000,1579140,1579140
ReforzarBrillo,C,120000,1595810,1595810
ReforzarBrillo,C,120000,1623304,1623304
ReforzarBrillo,C,120000,1581155,1581155
ReforzarBrillo,C,120000,1594689,1594689
ReforzarBrillo,C,120000,1579022,1579022
ReforzarBrillo,C,120000,1607170,1607170
ReforzarBrillo,C,120000,1622622,1622622
ReforzarBrillo,C,120000,1655588,1655588
ReforzarBrillo,C,120000,1633251,1633251
ReforzarBrillo,C,120000,1667723,1667723
ReforzarBrillo,C,120000,1647655,1647655
ReforzarBrillo,C,120000,1630899,1630899
ReforzarBrillo,C,120000,1630318,1630318
ReforzarBrillo,C,120000,1630261,1630261
ReforzarBrillo,C,120000,1639527,1639527
ReforzarBrillo,C,120000,1629796,1629796
ReforzarBrillo,C,120000,1646593,1646593
ReforzarBrillo,C,120000,1630427,1630427
ReforzarBrillo,C,120000,1629772,1629772
ReforzarBrillo,C,120000,1696227,1696227
ReforzarBrillo,C,120000,1645629,1645629
ReforzarBrillo,C,120000,1633893,1633893
ReforzarBrillo,C,120000,1611392,1611392
ReforzarBrillo,C,120000,1588760,1588760
ReforzarBrillo,C,120000,1693140,1693140
ReforzarBrillo,C,120000,1725080,1725080
ReforzarBrillo,C,120000,1581937,1581937
ReforzarBrillo,C,120000,1590015,1590015
ReforzarBrillo,C,120000,1598932,1598932
ReforzarBrillo,C,120000,1579623,1579623
ReforzarBrillo,C,120000,1591821,1591821
ReforzarBrillo,C,120000,1579227,1579227
ReforzarBrillo,C,120000,1579143,1579143
ReforzarBrillo,C,120000,1579591,1579591
ReforzarBrillo,C,120000,1614324,1614324
ReforzarBrillo,C,120000,1578117,1578117
ReforzarBrillo,C,120000,1580095,1580095
ReforzarBrillo,C,120000,1589077,1589077
ReforzarBrillo,C,120000,1578743,1578743
ReforzarBrillo,C,120000,1594859,1594859
ReforzarBrillo,C,120000,1586697,1586697
ReforzarBrillo,C,120000,1579069,1579069
ReforzarBrillo,C,120000,1612146,1612146
ReforzarBrillo,C,120000,1579709,1579709
ReforzarBrillo,C,120000,1579017,1579017
ReforzarBrillo,C,120000,1590112,1590112
ReforzarBrillo,C,120000,1589432,1589432
ReforzarBrillo,C,120000,1587181,1587181
ReforzarBrillo,C,120000,1579304,1579304
ReforzarBrillo,C,120000,1579598,1579598
ReforzarBrillo,C,120000,1587533,1587533
ReforzarBrillo,C,120000,1593509,1593509
ReforzarBrillo,C,120000,1590817,1590817
ReforzarBrillo,C,120000,1579577,1579577
ReforzarBrillo,C,120000,1579548,1579548
ReforzarBrillo,C,120000,1579312,1579312
ReforzarBrillo,C,120000,1590505,1590505
ReforzarBrillo,C,120000,1581943,1581943
ReforzarBrillo,C,120000,1580018,1580018
ReforzarBrillo,C,120000,1895056,1895056
ReforzarBrillo,C,120000,1593235,1593235
ReforzarBrillo,C,120000,1627194,1627194
ReforzarBrillo,C,120000,1601896,1601896
ReforzarBrillo,C,120000,1597692,1597692
ReforzarBrillo,C,120000,1588258,1588258
ReforzarBrillo,C,120000,1624591,1624591
ReforzarBrillo,C,120000,1578721,1578721
ReforzarBrillo,C,120000,1579030,1579030
ReforzarBrillo,C,120000,1580239,1580239
ReforzarBrillo,C,120000,1590652,1590652
ReforzarBrillo,C,120000,1589144,1589144
ReforzarBrillo,C,120000,1620097,1620097
ReforzarBrillo,C,120000,1581032,1581032
ReforzarBrillo,C,120000,1590274,1590274
ReforzarBrillo,C,120000,1626808,1626808
ReforzarBrillo,C,120000,1578974,1578974
ReforzarBrillo,C,120000,1579266,1579266
ReforzarBrillo,C,120000,1578757,1578757
ReforzarBrillo,C,120000,1585351,1585351
ReforzarBrillo,C,120000,1905678,1905678
ReforzarBrillo,C,120000,1695759,1695759
ReforzarBrillo,C,120000,1701879,1701879
ReforzarBrillo,C,120000,1774903,1774903
ReforzarBrillo,C,120000,1615415,1615415
ReforzarBrillo,C,120000,1591080,1591080
ReforzarBrillo,C,120000,1595260,1595260
ReforzarBrillo,C,120000,1723890,1723890
ReforzarBrillo,C,120000,1626308,1626308
ReforzarBrillo,C,120000,1633798,1633798
ReforzarBrillo,C,120000,1634187,1634187
ReforzarBrillo,C,120000,1653222,1653222
ReforzarBrillo,C,120000,1668877,1668877
ReforzarBrillo,C,120000,1808370,1808370
ReforzarBrillo,C,120000,1657176,1657176
ReforzarBrillo,C,120000,1641040,1641040
ReforzarBrillo,C,120000,1846329,1846329
ReforzarBrillo,C,120000,1761481,1761481
ReforzarBrillo,C,120000,1702828,1702828
ReforzarBrillo,C,120000,1792988,1792988
ReforzarBrillo,C,120000,1700917,1700917
ReforzarBrillo,C,120000,1700261,1700261
ReforzarBrillo,C,120000,1684501,1684501
ReforzarBrillo,C,120000,1763084,1763084
ReforzarBrillo,C,120000,1684894,1684894
ReforzarBrillo,C,120000,1729407,1729407
ReforzarBrillo,C,120000,1702689,1702689
ReforzarBrillo,C,120000,1739459,1739459
ReforzarBrillo,C,120000,1729692,1729692
ReforzarBrillo,C,120000,1712169,1712169
ReforzarBrillo,C,120000,1647987,1647987
ReforzarBrillo,C,120000,1656725,1656725
ReforzarBrillo,C,120000,1653542,1653542
ReforzarBrillo,C,120000,1668243,1668243
ReforzarBrillo,C,120000,1653826,1653826
ReforzarBrillo,C,120000,1630638,1630638
ReforzarBrillo,C,120000,1658221,1658221
ReforzarBrillo,C,120000,1650722,1650722
ReforzarBrillo,C,120000,1690692,1690692
ReforzarBrillo,C,120000,1637189,1637189
ReforzarBrillo,C,120000,1650042,1650042
ReforzarBrillo,C,120000,1639537,1639537
ReforzarBrillo,C,120000,1650714,1650714
ReforzarBrillo,C,120000,1640928,1640928
ReforzarBrillo,C,120000,1669232,1669232
ReforzarBrillo,C,120000,1629992,1629992
ReforzarBrillo,C,120000,1641509,1641509
ReforzarBrillo,C,120000,1712243,1712243
ReforzarBrillo,C,120000,1630847,1630847
ReforzarBrillo,C,120000,1664717,1664717
ReforzarBrillo,C,120000,1689289,1689289
ReforzarBrillo,C,120000,1643556,1643556
ReforzarBrillo,C,120000,1640590,1640590
ReforzarBrillo,C,120000,1662215,1662215
ReforzarBrillo,C,120000,1654149,1654149
ReforzarBrillo,C,120000,1630363,1630363
ReforzarBrillo,C,120000,1649502,1649502
ReforzarBrillo,C,120000,1629808,1629808
ReforzarBrillo,C,120000,1630205,1630205
ReforzarBrillo,C,120000,1667302,1667302
ReforzarBrillo,C,120000,1588689,1588689
ReforzarBrillo,C,120000,1578320,1578320
ReforzarBrillo,C,120000,1578668,1578668
ReforzarBrillo,C,120000,1579822,1579822
ReforzarBrillo,C,120000,1612737,1612737
ReforzarBrillo,C,120000,1614046,1614046
ReforzarBrillo,C,120000,1579921,1579921
ReforzarBrillo,C,120000,1584260,1584260
ReforzarBrillo,C,120000,1613265,1613265
ReforzarBrillo,C,120000,1579589,1579589
ReforzarBrillo,C,120000,1629582,1629582
ReforzarBrillo,C,120000,1882483,1882483
ReforzarBrillo,C,120000,1615927,1615927
ReforzarBrillo,C,120000,1579047,1579047
ReforzarBrillo,C,120000,1599518,1599518
ReforzarBrillo,C,120000,1593060,1593060
ReforzarBrillo,C,120000,1619697,1619697
ReforzarBrillo,C,120000,1580069,1580069
ReforzarBrillo,C,120000,1580547,1580547
ReforzarBrillo,C,120000,1596335,1596335
ReforzarBrillo,C,120000,1582404,1582404
ReforzarBrillo,C,120000,1578867,1578867
ReforzarBrillo,C,120000,1639234,1639234
ReforzarBrillo,C,120000,1601640,1601640
ReforzarBrillo,C,120000,1579801,1579801
ReforzarBrillo,C,120000,1596056,1596056
ReforzarBrillo,C,120000,1578966,1578966
ReforzarBrillo,C,120000,1610973,1610973
ReforzarBrillo,C,120000,1618093,1618093
ReforzarBrillo,C,120000,1580446,1580446
ReforzarBrillo,C,120000,1585288,1585288
ReforzarBrillo,C,120000,1579328,1579328
ReforzarBrillo,C,120000,1592336,1592336
ReforzarBrillo,C,120000,1623954,1623954
ReforzarBrillo,C,120000,1658994,1658994
ReforzarBrillo,C,120000,1614245,1614245
ReforzarBrillo,C,120000,1607673,1607673
ReforzarBrillo,C,120000,1596456,1596456
ReforzarBrillo,C,120000,1611724,1611724
ReforzarBrillo,C,120000,1604841,1604841
ReforzarBrillo,C,120000,1611894,1611894
ReforzarBrillo,C,120000,1592952,1592952
ReforzarBrillo,C,120000,1705122,1705122
ReforzarBrillo,C,120000,1687467,1687467
ReforzarBrillo,C,120000,1582415,1582415
ReforzarBrillo,C,120000,1639015,1639015
ReforzarBrillo,C,120000,1656123,1656123
ReforzarBrillo,C,120000,1580053,1580053
ReforzarBrillo,C,120000,1612807,1612807
ReforzarBrillo,C,120000,1580419,1580419
ReforzarBrillo,C,120000,1619152,1619152
ReforzarBrillo,C,120000,1579239,1579239
ReforzarBrillo,C,120000,1652001,1652001
ReforzarBrillo,C,120000,1584324,1584324
ReforzarBrillo,C,120000,1664551,1664551
ReforzarBrillo,C,120000,1604940,1604940
ReforzarBrillo,C,120000,1586766,1586766
ReforzarBrillo,C,120000,1578075,1578075
ReforzarBrillo,C,120000,1613534,1613534
ReforzarBrillo,C,120000,1718567,1718567
ReforzarBrillo,C,120000,1589213,1589213
ReforzarBrillo,C,120000,1580852,1580852
ReforzarBrillo,C,120000,1581024,1581024
ReforzarBrillo,C,120000,1587557,1587557
ReforzarBrillo,C,120000,1638264,1638264
ReforzarBrillo,C,120000,1679928,1679928
ReforzarBrillo,C,120000,1580049,1580049
ReforzarBrillo,C,120000,1580594,1580594
ReforzarBrillo,C,120000,1580083,1580083
ReforzarBrillo,C,120000,1590084,1590084
ReforzarBrillo,C,120000,1637811,1637811
ReforzarBrillo,C,120000,1653846,1653846
ReforzarBrillo,C,120000,1608162,1608162
ReforzarBrillo,C,120000,1589430,1589430
ReforzarBrillo,C,120000,1613382,1613382
ReforzarBrillo,C,120000,1579030,1579030
ReforzarBrillo,C,120000,1644981,1644981
ReforzarBrillo,C,120000,1579436,1579436
ReforzarBrillo,C,120000,1634220,1634220
ReforzarBrillo,C,120000,1579350,1579350
ReforzarBrillo,C,120000,1579846,1579846
ReforzarBrillo,C,120000,1641368,1641368
ReforzarBrillo,C,120000,1633940,1633940
ReforzarBrillo,C,120000,1614265,1614265
ReforzarBrillo,C,120000,1634777,1634777
ReforzarBrillo,C,120000,1578802,1578802
ReforzarBrillo,C,120000,1579140,1579140
ReforzarBrillo,C,120000,1649065,1649065
ReforzarBrillo,C,120000,1580270,1580270
ReforzarBrillo,C,120000,1578804,1578804
ReforzarBrillo,C,120000,1600155,1600155
ReforzarBrillo,C,120000,1643951,1643951
ReforzarBrillo,C,120000,1619390,1619390
ReforzarBrillo,C,120000,1610727,1610727
ReforzarBrillo,C,120000,1579856,1579856
ReforzarBrillo,C,120000,1579016,1579016
ReforzarBrillo,C,120000,1594066,1594066
ReforzarBrillo,C,120000,1580522,1580522
ReforzarBrillo,C,120000,1584500,1584500
ReforzarBrillo,C,120000,1600004,1600004
ReforzarBrillo,C,120000,1580190,1580190
ReforzarBrillo,C,120000,1599170,1599170
ReforzarBrillo,C,120000,1580316,1580316
ReforzarBrillo,C,120000,1578518,1578518
ReforzarBrillo,C,120000,1665484,1665484
ReforzarBrillo,C,120000,1588784,1588784
ReforzarBrillo,C,120000,1582315,1582315
ReforzarBrillo,C,120000,1579012,1579012
ReforzarBrillo,C,120000,1579160,1579160
ReforzarBrillo,C,120000,1578810,1578810
ReforzarBrillo,C,120000,1668003,1668003
ReforzarBrillo,C,120000,1578648,1578648
ReforzarBrillo,C,120000,1579440,1579440
ReforzarBrillo,C,120000,1579398,1579398
ReforzarBrillo,C,120000,1594381,1594381
ReforzarBrillo,C,120000,1637835,1637835
ReforzarBrillo,C,120000,1555996,1555996
ReforzarBrillo,C,120000,1566050,1566050
ReforzarBrillo,C,120000,1532215,1532215
ReforzarBrillo,C,120000,1542205,1542205
ReforzarBrillo,C,120000,1530896,1530896
ReforzarBrillo,C,120000,1881637,1881637
ReforzarBrillo,C,120000,1543024,1543024
ReforzarBrillo,C,120000,1531828,1531828
ReforzarBrillo,C,120000,1557084,1557084
ReforzarBrillo,C,120000,1530737,1530737
ReforzarBrillo,C,120000,1601454,1601454
ReforzarBrillo,C,120000,1532190,1532190
ReforzarBrillo,C,120000,1560228,1560228
ReforzarBrillo,C,131072,1629754,1629754
ReforzarBrillo,C,131072,1633885,1633885
ReforzarBrillo,C,131072,1647531,1647531
ReforzarBrillo,C,131072,1668298,1668298
ReforzarBrillo,C,131072,1614751,1614751
ReforzarBrillo,C,131072,1612854,1612854
ReforzarBrillo,C,131072,1622332,1622332
ReforzarBrillo,C,131072,1612971,1612971
ReforzarBrillo,C,131072,1644149,1644149
ReforzarBrillo,C,131072,1647513,1647513
ReforzarBrillo,C,131072,1646317,1646317
ReforzarBrillo,C,131072,1820085,1820085
ReforzarBrillo,C,131072,1635487,1635487
ReforzarBrillo,C,131072,1614097,1614097
ReforzarBrillo,C,131072,1680179,1680179
ReforzarBrillo,C,131072,1613137,1613137
ReforzarBrillo,C,131072,1725875,1725875
ReforzarBrillo,C,131072,1723407,1723407
ReforzarBrillo,C,131072,1719996,1719996
ReforzarBrillo,C,131072,1781999,1781999
ReforzarBrillo,C,131072,1707632,1707632
ReforzarBrillo,C,131072,1664589,1664589
ReforzarBrillo,C,131072,1664480,1664480
ReforzarBrillo,C,131072,1672825,1672825
ReforzarBrillo,C,131072,1698832,1698832
ReforzarBrillo,C,131072,1704341,1704341
ReforzarBrillo,C,131072,1686092,1686092
ReforzarBrillo,C,131072,1997549,1997549
ReforzarBrillo,C,131072,1665561,1665561
ReforzarBrillo,C,131072,1740075,1740075
ReforzarBrillo,C,131072,1718229,1718229
ReforzarBrillo,C,131072,1671699,1671699
ReforzarBrillo,C,131072,1678620,1678620
ReforzarBrillo,C,131072,1688756,1688756
ReforzarBrillo,C,131072,1675612,1675612
ReforzarBrillo,C,131072,1770789,1770789
ReforzarBrillo,C,131072,1665322,1665322
ReforzarBrillo,C,131072,1730726,1730726
ReforzarBrillo,C,131072,1760771,1760771
ReforzarBrillo,C,131072,1664598,1664598
ReforzarBrillo,C,131072,1695060,1695060
ReforzarBrillo,C,131072,1688637,1688637
ReforzarBrillo,C,131072,1664686,1664686
ReforzarBrillo,C,131072,1664097,1664097
ReforzarBrillo,C,131072,1680738,1680738
ReforzarBrillo,C,131072,1695679,1695679
ReforzarBrillo,C,131072,1718698,1718698
ReforzarBrillo,C,131072,1742551,1742551
ReforzarBrillo,C,131072,1664715,1664715
ReforzarBrillo,C,131072,1664530,1664530
ReforzarBrillo,C,131072,1685987,1685987
ReforzarBrillo,C,131072,1687313,1687313
ReforzarBrillo,C,131072,1669333,1669333
ReforzarBrillo,C,131072,1687537,1687537
ReforzarBrillo,C,131072,1821576,1821576
ReforzarBrillo,C,131072,1811670,1811670
ReforzarBrillo,C,131072,1964383,1964383
ReforzarBrillo,C,131072,1813259,1813259
ReforzarBrillo,C,131072,1797349,1797349
ReforzarBrillo,C,131072,1721873,1721873
ReforzarBrillo,C,131072,1719658,1719658
ReforzarBrillo,C,131072,1750929,1750929
ReforzarBrillo,C,131072,1741378,1741378
ReforzarBrillo,C,131072,1723651,1723651
ReforzarBrillo,C,131072,1718833,1718833
ReforzarBrillo,C,131072,1718283,1718283
ReforzarBrillo,C,131072,1729224,1729224
ReforzarBrillo,C,131072,1727789,1727789
ReforzarBrillo,C,131072,2002749,2002749
ReforzarBrillo,C,131072,1773538,1773538
ReforzarBrillo,C,131072,1718452,1718452
ReforzarBrillo,C,131072,1716212,1716212
ReforzarBrillo,C,131072,1725873,1725873
ReforzarBrillo,C,131072,1725684,1725684
ReforzarBrillo,C,131072,1726819,1726819
ReforzarBrillo,C,131072,1733544,1733544
ReforzarBrillo,C,131072,1787253,1787253
ReforzarBrillo,C,131072,1742596,1742596
ReforzarBrillo,C,131072,1724242,1724242
ReforzarBrillo,C,131072,2229167,2229167
ReforzarBrillo,C,131072,2446297,2446297
ReforzarBrillo,C,131072,2460641,2460641
ReforzarBrillo,C,131072,2559281,2559281
ReforzarBrillo,C,131072,2428572,2428572
ReforzarBrillo,C,131072,2698793,2698793
ReforzarBrillo,C,131072,2569445,2569445
ReforzarBrillo,C,131072,1779246,1779246
ReforzarBrillo,C,131072,1792074,1792074
ReforzarBrillo,C,131072,2190196,2190196
ReforzarBrillo,C,131072,1786506,1786506
ReforzarBrillo,C,131072,1776716,1776716
ReforzarBrillo,C,131072,1775860,1775860
ReforzarBrillo,C,131072,1883092,1883092
ReforzarBrillo,C,131072,1817386,1817386
ReforzarBrillo,C,131072,1816372,1816372
ReforzarBrillo,C,131072,1756907,1756907
ReforzarBrillo,C,131072,1765157,1765157
ReforzarBrillo,C,131072,1744413,1744413
ReforzarBrillo,C,131072,1718572,1718572
ReforzarBrillo,C,131072,1732362,1732362
ReforzarBrillo,C,131072,1879333,1879333
ReforzarBrillo,C,131072,1861673,1861673
ReforzarBrillo,C,131072,1761802,1761802
ReforzarBrillo,C,131072,2012428,2012428
ReforzarBrillo,C,131072,1863533,1863533
ReforzarBrillo,C,131072,1719013,1719013
ReforzarBrillo,C,131072,1735903,1735903
ReforzarBrillo,C,131072,1753922,1753922
ReforzarBrillo,C,131072,1766148,1766148
ReforzarBrillo,C,131072,1767767,1767767
ReforzarBrillo,C,131072,1736518,1736518
ReforzarBrillo,C,131072,1742245,1742245
ReforzarBrillo,C,131072,1719133,1719133
ReforzarBrillo,C,131072,1784255,1784255
ReforzarBrillo,C,131072,1780240,1780240
ReforzarBrillo,C,131072,1768408,1768408
ReforzarBrillo,C,131072,1718073,1718073
ReforzarBrillo,C,131072,1738890,1738890
ReforzarBrillo,C,131072,1745196,1745196
ReforzarBrillo,C,131072,1753489,1753489
ReforzarBrillo,C,131072,1728363,1728363
ReforzarBrillo,C,131072,1748310,1748310
ReforzarBrillo,C,131072,1728590,1728590
ReforzarBrillo,C,131072,1754145,1754145
ReforzarBrillo,C,131072,1736295,1736295
ReforzarBrillo,C,131072,1754742,1754742
ReforzarBrillo,C,131072,1718983,1718983
ReforzarBrillo,C,131072,1749009,1749009
ReforzarBrillo,C,131072,1753231,1753231
ReforzarBrillo,C,131072,1729967,1729967
ReforzarBrillo,C,131072,1768786,1768786
ReforzarBrillo,C,131072,1707438,1707438
ReforzarBrillo,C,131072,1717780,1717780
ReforzarBrillo,C,131072,1782691,1782691
ReforzarBrillo,C,131072,1718552,1718552
ReforzarBrillo,C,131072,1741706,1741706
ReforzarBrillo,C,131072,1719801,1719801
ReforzarBrillo,C,131072,1717604,1717604
ReforzarBrillo,C,131072,1730495,1730495
ReforzarBrillo,C,131072,1759571,1759571
ReforzarBrillo,C,131072,1718653,1718653
ReforzarBrillo,C,131072,1727781,1727781
ReforzarBrillo,C,131072,1758052,1758052
ReforzarBrillo,C,131072,1693314,1693314
ReforzarBrillo,C,131072,1665235,1665235
ReforzarBrillo,C,131072,1694765,1694765
ReforzarBrillo,C,131072,1716799,1716799
ReforzarBrillo,C,131072,1677895,1677895
ReforzarBrillo,C,131072,1665474,1665474
ReforzarBrillo,C,131072,1694451,1694451
ReforzarBrillo,C,131072,1664658,1664658
ReforzarBrillo,C,131072,1707729,1707729
ReforzarBrillo,C,131072,1683113,1683113
ReforzarBrillo,C,131072,1663828,1663828
ReforzarBrillo,C,131072,1719323,1719323
ReforzarBrillo,C,131072,1744324,1744324
ReforzarBrillo,C,131072,1668909,1668909
ReforzarBrillo,C,131072,1849413,1849413
ReforzarBrillo,C,131072,1663806,1663806
ReforzarBrillo,C,131072,1696736,1696736
ReforzarBrillo,C,131072,1665873,1665873
ReforzarBrillo,C,131072,1662520,1662520
ReforzarBrillo,C,131072,1708490,1708490
ReforzarBrillo,C,131072,1743309,1743309
ReforzarBrillo,C,131072,1665146,1665146
ReforzarBrillo,C,131072,1664143,1664143
ReforzarBrillo,C,131072,1665532,1665532
ReforzarBrillo,C,131072,1666302,1666302
ReforzarBrillo,C,131072,1735751,1735751
ReforzarBrillo,C,131072,1664257,1664257
ReforzarBrillo,C,131072,1665126,1665126
ReforzarBrillo,C,131072,1672638,1672638
ReforzarBrillo,C,131072,1675124,1675124
ReforzarBrillo,C,131072,1663158,1663158
ReforzarBrillo,C,131072,1673215,1673215
ReforzarBrillo,C,131072,1679918,1679918
ReforzarBrillo,C,131072,1671897,1671897
ReforzarBrillo,C,131072,1663057,1663057
ReforzarBrillo,C,131072,1665237,1665237
ReforzarBrillo,C,131072,1663781,1663781
ReforzarBrillo,C,131072,1664148,1664148
ReforzarBrillo,C,131072,1725669,1725669
ReforzarBrillo,C,131072,1664622,1664622
ReforzarBrillo,C,131072,1673424,1673424
ReforzarBrillo,C,131072,1665144,1665144
ReforzarBrillo,C,131072,1673770,1673770
ReforzarBrillo,C,131072,1663982,1663982
ReforzarBrillo,C,131072,1664579,1664579
ReforzarBrillo,C,131072,1665393,1665393
ReforzarBrillo,C,131072,1681214,1681214
ReforzarBrillo,C,131072,1775528,1775528
ReforzarBrillo,C,131072,1726123,1726123
ReforzarBrillo,C,131072,1665375,1665375
ReforzarBrillo,C,131072,1730003,1730003
ReforzarBrillo,C,131072,1676268,1676268
ReforzarBrillo,C,131072,1663876,1663876
ReforzarBrillo,C,131072,1665383,1665383
ReforzarBrillo,C,131072,1670994,1670994
ReforzarBrillo,C,131072,1674276,1674276
ReforzarBrillo,C,131072,1663486,1663486
ReforzarBrillo,C,131072,1664650,1664650
ReforzarBrillo,C,131072,1662775,1662775
ReforzarBrillo,C,131072,1719258,1719258
ReforzarBrillo,C,131072,1663181,1663181
ReforzarBrillo,C,131072,1698539,1698539
ReforzarBrillo,C,131072,1801560,1801560
ReforzarBrillo,C,131072,1665410,1665410
ReforzarBrillo,C,131072,1683179,1683179
ReforzarBrillo,C,131072,1664177,1664177
ReforzarBrillo,C,131072,1663251,1663251
ReforzarBrillo,C,131072,1765439,1765439
ReforzarBrillo,C,131072,1837128,1837128
ReforzarBrillo,C,131072,1781348,1781348
ReforzarBrillo,C,131072,1727196,1727196
ReforzarBrillo,C,131072,1719081,1719081
ReforzarBrillo,C,131072,1728315,1728315
ReforzarBrillo,C,131072,1724989,1724989
ReforzarBrillo,C,131072,1716515,1716515
ReforzarBrillo,C,131072,1718633,1718633
ReforzarBrillo,C,131072,1731281,1731281
ReforzarBrillo,C,131072,1770504,1770504
ReforzarBrillo,C,131072,1772481,1772481
ReforzarBrillo,C,131072,1784217,1784217
ReforzarBrillo,C,131072,1788395,1788395
ReforzarBrillo,C,131072,1719754,1719754
ReforzarBrillo,C,131072,1717776,1717776
ReforzarBrillo,C,131072,1727999,1727999
ReforzarBrillo,C,131072,1727350,1727350
ReforzarBrillo,C,131072,1729826,1729826
ReforzarBrillo,C,131072,1735227,1735227
ReforzarBrillo,C,131072,1737907,1737907
ReforzarBrillo,C,131072,1725252,1725252
ReforzarBrillo,C,131072,1731167,1731167
ReforzarBrillo,C,131072,1717568,1717568
ReforzarBrillo,C,131072,1718749,1718749
ReforzarBrillo,C,131072,1790784,1790784
ReforzarBrillo,C,131072,1729232,1729232
ReforzarBrillo,C,131072,1698678,1698678
ReforzarBrillo,C,131072,1672972,1672972
ReforzarBrillo,C,131072,1663500,1663500
ReforzarBrillo,C,131072,1665251,1665251
ReforzarBrillo,C,131072,1675865,1675865
ReforzarBrillo,C,131072,1664537,1664537
ReforzarBrillo,C,131072,1684483,1684483
ReforzarBrillo,C,131072,1671851,1671851
ReforzarBrillo,C,131072,1672697,1672697
ReforzarBrillo,C,131072,1664505,1664505
ReforzarBrillo,C,131072,1712868,1712868
ReforzarBrillo,C,131072,1670620,1670620
ReforzarBrillo,C,131072,1689824,1689824
ReforzarBrillo,C,131072,1664757,1664757
ReforzarBrillo,C,131072,1671071,1671071
ReforzarBrillo,C,131072,1680800,1680800
ReforzarBrillo,C,131072,1669677,1669677
ReforzarBrillo,C,131072,1676509,1676509
ReforzarBrillo,C,131072,1663590,1663590
ReforzarBrillo,C,131072,1665522,1665522
ReforzarBrillo,C,131072,1664634,1664634
ReforzarBrillo,C,131072,1725690,1725690
ReforzarBrillo,C,131072,1919088,1919088
ReforzarBrillo,C,131072,1664498,1664498
ReforzarBrillo,C,131072,1682323,1682323
ReforzarBrillo,C,131072,1687672,1687672
ReforzarBrillo,C,131072,1664749,1664749
ReforzarBrillo,C,131072,1665120,1665120
ReforzarBrillo,C,131072,1709974,1709974
ReforzarBrillo,C,131072,1673140,1673140
ReforzarBrillo,C,131072,1681438,1681438
ReforzarBrillo,C,131072,1670248,1670248
ReforzarBrillo,C,131072,1670851,1670851
ReforzarBrillo,C,131072,1665418,1665418
ReforzarBrillo,C,131072,1731505,1731505
ReforzarBrillo,C,131072,1665387,1665387
ReforzarBrillo,C,131072,1663425,1663425
ReforzarBrillo,C,131072,1670037,1670037
ReforzarBrillo,C,131072,1673672,1673672
ReforzarBrillo,C,131072,1674402,1674402
ReforzarBrillo,C,131072,1695823,1695823
ReforzarBrillo,C,131072,1664658,1664658
ReforzarBrillo,C,131072,1968546,1968546
ReforzarBrillo,C,131072,1672904,1672904
ReforzarBrillo,C,131072,1664237,1664237
ReforzarBrillo,C,131072,1664330,1664330
ReforzarBrillo,C,131072,1683706,1683706
ReforzarBrillo,C,131072,1680978,1680978
ReforzarBrillo,C,131072,1664012,1664012
ReforzarBrillo,C,131072,1734244,1734244
ReforzarBrillo,C,131072,1674241,1674241
ReforzarBrillo,C,131072,1927155,1927155
ReforzarBrillo,C,131072,2355860,2355860
ReforzarBrillo,C,131072,2469714,2469714
ReforzarBrillo,C,131072,2335761,2335761
ReforzarBrillo,C,131072,2238810,2238810
ReforzarBrillo,C,131072,1776196,1776196
ReforzarBrillo,C,131072,1729502,1729502
ReforzarBrillo,C,131072,1745861,1745861
ReforzarBrillo,C,131072,1719272,1719272
ReforzarBrillo,C,131072,1731206,1731206
ReforzarBrillo,C,131072,2016254,2016254
ReforzarBrillo,C,131072,1751217,1751217
ReforzarBrillo,C,480000,6052147,6052147
ReforzarBrillo,C,480000,6541732,6541732
ReforzarBrillo,C,480000,6025790,6025790
ReforzarBrillo,C,480000,5966054,5966054
ReforzarBrillo,C,480000,6008536,6008536
ReforzarBrillo,C,480000,6245792,6245792
ReforzarBrillo,C,480000,6038906,6038906
ReforzarBrillo,C,480000,6095423,6095423
ReforzarBrillo,C,480000,6136973,6136973
ReforzarBrillo,C,480000,6032059,6032059
ReforzarBrillo,C,480000,5983255,5983255
ReforzarBrillo,C,480000,5969755,5969755
ReforzarBrillo,C,480000,5778626,5778626
ReforzarBrillo,C,480000,6025898,6025898
ReforzarBrillo,C,480000,5875137,5875137
ReforzarBrillo,C,480000,6049088,6049088
ReforzarBrillo,C,480000,5835793,5835793
ReforzarBrillo,C,480000,5798268,5798268
ReforzarBrillo,C,480000,5858794,5858794
ReforzarBrillo,C,480000,6439262,6439262
ReforzarBrillo,C,480000,5954767,5954767
ReforzarBrillo,C,480000,6011287,6011287
ReforzarBrillo,C,480000,6307484,6307484
ReforzarBrillo,C,480000,6000218,6000218
ReforzarBrillo,C,480000,6227549,6227549
ReforzarBrillo,C,480000,6448655,6448655
ReforzarBrillo,C,480000,6318312,6318312
ReforzarBrillo,C,480000,6038738,6038738
ReforzarBrillo,C,480000,6054032,6054032
ReforzarBrillo,C,480000,6149841,6149841
ReforzarBrillo,C,480000,6225508,6225508
ReforzarBrillo,C,480000,6042463,6042463
ReforzarBrillo,C,480000,5975947,5975947
ReforzarBrillo,C,480000,6022609,6022609
ReforzarBrillo,C,480000,6009242,6009242
ReforzarBrillo,C,480000,6065071,6065071
ReforzarBrillo,C,480000,6072442,6072442
ReforzarBrillo,C,480000,5958284,5958284
ReforzarBrillo,C,480000,5963758,5963758
ReforzarBrillo,C,480000,5814599,5814599
ReforzarBrillo,C,480000,5903869,5903869
ReforzarBrillo,C,480000,5806974,5806974
ReforzarBrillo,C,480000,5810713,5810713
ReforzarBrillo,C,480000,5916446,5916446
ReforzarBrillo,C,480000,5784812,5784812
ReforzarBrillo,C,480000,5843314,5843314
ReforzarBrillo,C,480000,5838062,5838062
ReforzarBrillo,C,480000,5784839,5784839
ReforzarBrillo,C,480000,5853324,5853324
ReforzarBrillo,C,480000,5805834,5805834
ReforzarBrillo,C,480000,5798716,5798716
ReforzarBrillo,C,480000,5962684,5962684
ReforzarBrillo,C,480000,6074004,6074004
ReforzarBrillo,C,480000,8139555,8139555
ReforzarBrillo,C,480000,6414679,6414679
ReforzarBrillo,C,480000,6061551,6061551
ReforzarBrillo,C,480000,6024338,6024338
ReforzarBrillo,C,480000,6030636,6030636
ReforzarBrillo,C,480000,6036911,6036911
ReforzarBrillo,C,480000,6046788,6046788
ReforzarBrillo,C,480000,6111448,6111448
ReforzarBrillo,C,480000,6030826,6030826
ReforzarBrillo,C,480000,5938486,5938486
ReforzarBrillo,C,480000,5821014,5821014
ReforzarBrillo,C,480000,5846873,5846873
ReforzarBrillo,C,480000,5801455,5801455
ReforzarBrillo,C,480000,5803145,5803145
ReforzarBrillo,C,480000,5781345,5781345
ReforzarBrillo,C,480000,5767137,5767137
ReforzarBrillo,C,480000,5954363,5954363
ReforzarBrillo,C,480000,5877432,5877432
ReforzarBrillo,C,480000,5829276,5829276
ReforzarBrillo,C,480000,5808682,5808682
ReforzarBrillo,C,480000,5771656,5771656
ReforzarBrillo,C,480000,6025158,6025158
ReforzarBrillo,C,480000,5882740,5882740
ReforzarBrillo,C,480000,5777792,5777792
ReforzarBrillo,C,480000,5788953,5788953
ReforzarBrillo,C,480000,5791425,5791425
ReforzarBrillo,C,480000,5990183,5990183
ReforzarBrillo,C,480000,5870623,5870623
ReforzarBrillo,C,480000,5848372,5848372
ReforzarBrillo,C,480000,5812567,5812567
ReforzarBrillo,C,480000,5762144,5762144
ReforzarBrillo,C,480000,5981258,5981258
ReforzarBrillo,C,480000,5812547,5812547
ReforzarBrillo,C,480000,5868781,5868781
ReforzarBrillo,C,480000,6049619,6049619
ReforzarBrillo,C,480000,5827037,5827037
ReforzarBrillo,C,480000,5905830,5905830
ReforzarBrillo,C,480000,6094242,6094242
ReforzarBrillo,C,480000,5765958,5765958
ReforzarBrillo,C,480000,5815118,5815118
ReforzarBrillo,C,480000,5968921,5968921
ReforzarBrillo,C,480000,5837072,5837072
ReforzarBrillo,C,480000,5779432,5779432
ReforzarBrillo,C,480000,5870770,5870770
ReforzarBrillo,C,480000,5803055,5803055
ReforzarBrillo,C,480000,5806233,5806233
ReforzarBrillo,C,480000,5773909,5773909
ReforzarBrillo,C,480000,5772793,5772793
ReforzarBrillo,C,480000,5980610,5980610
ReforzarBrillo,C,480000,5899286,5899286
ReforzarBrillo,C,480000,5852810,5852810
ReforzarBrillo,C,480000,5861122,5861122
ReforzarBrillo,C,480000,5821814,5821814
ReforzarBrillo,C,480000,5798882,5798882
ReforzarBrillo,C,480000,5827104,5827104
ReforzarBrillo,C,480000,5831446,5831446
ReforzarBrillo,C,480000,5814980,5814980
ReforzarBrillo,C,480000,6083214,6083214
ReforzarBrillo,C,480000,8332440,8332440
ReforzarBrillo,C,480000,6200945,6200945
ReforzarBrillo,C,480000,6165861,6165861
ReforzarBrillo,C,480000,6158134,6158134
ReforzarBrillo,C,480000,6051704,6051704
ReforzarBrillo,C,480000,5962439,5962439
ReforzarBrillo,C,480000,5974484,5974484
ReforzarBrillo,C,480000,5984869,5984869
ReforzarBrillo,C,480000,6299200,6299200
ReforzarBrillo,C,480000,6010298,6010298
ReforzarBrillo,C,480000,5970011,5970011
ReforzarBrillo,C,480000,5963087,5963087
ReforzarBrillo,C,480000,5779906,5779906
ReforzarBrillo,C,480000,5840060,5840060
ReforzarBrillo,C,480000,5751042,5751042
ReforzarBrillo,C,480000,5797439,5797439
ReforzarBrillo,C,480000,5810816,5810816
ReforzarBrillo,C,480000,5816263,5816263
ReforzarBrillo,C,480000,5949667,5949667
ReforzarBrillo,C,480000,5914880,5914880
ReforzarBrillo,C,480000,6079513,6079513
ReforzarBrillo,C,480000,5842272,5842272
ReforzarBrillo,C,480000,5825272,5825272
ReforzarBrillo,C,480000,5857791,5857791
ReforzarBrillo,C,480000,5953232,5953232
ReforzarBrillo,C,480000,5782092,5782092
ReforzarBrillo,C,480000,5824206,5824206
ReforzarBrillo,C,480000,5787501,5787501
ReforzarBrillo,C,480000,5788511,5788511
ReforzarBrillo,C,480000,5797190,5797190
ReforzarBrillo,C,480000,5760109,5760109
ReforzarBrillo,C,480000,5814500,5814500
ReforzarBrillo,C,480000,5794619,5794619
ReforzarBrillo,C,480000,5798821,5798821
ReforzarBrillo,C,480000,5843253,5843253
ReforzarBrillo,C,480000,5892728,5892728
ReforzarBrillo,C,480000,5796773,5796773
ReforzarBrillo,C,480000,6139905,6139905
ReforzarBrillo,C,480000,5855415,5855415
ReforzarBrillo,C,480000,5794722,5794722
ReforzarBrillo,C,480000,5609031,5609031
ReforzarBrillo,C,480000,5653677,5653677
ReforzarBrillo,C,480000,5597042,5597042
ReforzarBrillo,C,480000,5716807,5716807
ReforzarBrillo,C,480000,5649148,5649148
ReforzarBrillo,C,480000,5592175,5592175
ReforzarBrillo,C,480000,5793775,5793775
ReforzarBrillo,C,480000,5615529,5615529
ReforzarBrillo,C,480000,5696253,5696253
ReforzarBrillo,C,480000,5740355,5740355
ReforzarBrillo,C,480000,5761923,5761923
ReforzarBrillo,C,480000,5857065,5857065
ReforzarBrillo,C,480000,5788489,5788489
ReforzarBrillo,C,480000,5730727,5730727
ReforzarBrillo,C,480000,5594900,5594900
ReforzarBrillo,C,480000,5941647,5941647
ReforzarBrillo,C,480000,5700982,5700982
ReforzarBrillo,C,480000,5731061,5731061
ReforzarBrillo,C,480000,7333540,7333540
ReforzarBrillo,C,480000,7672261,7672261
ReforzarBrillo,C,480000,6002131,6002131
ReforzarBrillo,C,480000,6166616,6166616
ReforzarBrillo,C,480000,5997124,5997124
ReforzarBrillo,C,480000,5991243,5991243
ReforzarBrillo,C,480000,5998916,5998916
ReforzarBrillo,C,480000,6106626,6106626
ReforzarBrillo,C,480000,5967068,5967068
ReforzarBrillo,C,480000,5944867,5944867
ReforzarBrillo,C,480000,6138214,6138214
ReforzarBrillo,C,480000,5948558,5948558
ReforzarBrillo,C,480000,5753669,5753669
ReforzarBrillo,C,480000,5774130,5774130
ReforzarBrillo,C,480000,5820527,5820527
ReforzarBrillo,C,480000,5980183,5980183
ReforzarBrillo,C,480000,5786494,5786494
ReforzarBrillo,C,480000,5933204,5933204
ReforzarBrillo,C,480000,5799040,5799040
ReforzarBrillo,C,480000,5836651,5836651
ReforzarBrillo,C,480000,5834775,5834775
ReforzarBrillo,C,480000,5806860,5806860
ReforzarBrillo,C,480000,5983213,5983213
ReforzarBrillo,C,480000,5775845,5775845
ReforzarBrillo,C,480000,5897616,5897616
ReforzarBrillo,C,480000,5676068,5676068
ReforzarBrillo,C,480000,6191066,6191066
ReforzarBrillo,C,480000,5834250,5834250
ReforzarBrillo,C,480000,5871517,5871517
ReforzarBrillo,C,480000,5806338,5806338
ReforzarBrillo,C,480000,5856241,5856241
ReforzarBrillo,C,480000,5769883,5769883
ReforzarBrillo,C,480000,5837886,5837886
ReforzarBrillo,C,480000,5785139,5785139
ReforzarBrillo,C,480000,5780618,5780618
ReforzarBrillo,C,480000,5874576,5874576
ReforzarBrillo,C,480000,5802572,5802572
ReforzarBrillo,C,480000,6068559,6068559
ReforzarBrillo,C,480000,5769072,5769072
ReforzarBrillo,C,480000,6078148,6078148
ReforzarBrillo,C,480000,5837592,5837592
ReforzarBrillo,C,480000,5790606,5790606
ReforzarBrillo,C,480000,5920458,5920458
ReforzarBrillo,C,480000,5780742,5780742
ReforzarBrillo,C,480000,5793108,5793108
ReforzarBrillo,C,480000,5960546,5960546
ReforzarBrillo,C,480000,5790697,5790697
ReforzarBrillo,C,480000,5895431,5895431
ReforzarBrillo,C,480000,5772073,5772073
ReforzarBrillo,C,480000,5828534,5828534
ReforzarBrillo,C,480000,5964321,5964321
ReforzarBrillo,C,480000,5802237,5802237
ReforzarBrillo,C,480000,5845485,5845485
ReforzarBrillo,C,480000,5796944,5796944
ReforzarBrillo,C,480000,5791817,5791817
ReforzarBrillo,C,480000,6153547,6153547
ReforzarBrillo,C,480000,5838135,5838135
ReforzarBrillo,C,480000,5759949,5759949
ReforzarBrillo,C,480000,7137475,7137475
ReforzarBrillo,C,480000,6662675,6662675
ReforzarBrillo,C,480000,6054729,6054729
ReforzarBrillo,C,480000,6080882,6080882
ReforzarBrillo,C,480000,6011813,6011813
ReforzarBrillo,C,480000,6017377,6017377
ReforzarBrillo,C,480000,6462265,6462265
ReforzarBrillo,C,480000,6009147,6009147
ReforzarBrillo,C,480000,6002188,6002188
ReforzarBrillo,C,480000,6018618,6018618
ReforzarBrillo,C,480000,5785695,5785695
ReforzarBrillo,C,480000,5768878,5768878
ReforzarBrillo,C,480000,5758793,5758793
ReforzarBrillo,C,480000,5791507,5791507
ReforzarBrillo,C,480000,5796424,5796424
ReforzarBrillo,C,480000,5791617,5791617
ReforzarBrillo,C,480000,5779234,5779234
ReforzarBrillo,C,480000,5761322,5761322
ReforzarBrillo,C,480000,5910889,5910889
ReforzarBrillo,C,480000,5820059,5820059
ReforzarBrillo,C,480000,6146346,6146346
ReforzarBrillo,C,480000,5814793,5814793
ReforzarBrillo,C,480000,5771942,5771942
ReforzarBrillo,C,480000,5832609,5832609
ReforzarBrillo,C,480000,5831766,5831766
ReforzarBrillo,C,480000,5817381,5817381
ReforzarBrillo,C,480000,6150946,6150946
ReforzarBrillo,C,480000,5819472,5819472
ReforzarBrillo,C,480000,5823958,5823958
ReforzarBrillo,C,480000,5887747,5887747
ReforzarBrillo,C,480000,5779393,5779393
ReforzarBrillo,C,480000,6128769,6128769
ReforzarBrillo,C,480000,5783045,5783045
ReforzarBrillo,C,480000,5693316,5693316
ReforzarBrillo,C,480000,5622570,5622570
ReforzarBrillo,C,480000,5674455,5674455
ReforzarBrillo,C,480000,5611260,5611260
ReforzarBrillo,C,480000,5659442,5659442
ReforzarBrillo,C,480000,5913588,5913588
ReforzarBrillo,C,480000,5784042,5784042
ReforzarBrillo,C,480000,5811937,5811937
ReforzarBrillo,C,480000,5831882,5831882
ReforzarBrillo,C,480000,5747187,5747187
ReforzarBrillo,C,480000,6123548,6123548
ReforzarBrillo,C,480000,5721633,5721633
ReforzarBrillo,C,480000,5633457,5633457
ReforzarBrillo,C,480000,5614905,5614905
ReforzarBrillo,C,480000,5602451,5602451
ReforzarBrillo,C,480000,5646761,5646761
ReforzarBrillo,C,480000,6021635,6021635
ReforzarBrillo,C,480000,5803020,5803020
ReforzarBrillo,C,480000,5784487,5784487
ReforzarBrillo,C,480000,5796705,5796705
ReforzarBrillo,C,480000,5859446,5859446
ReforzarBrillo,C,480000,5616924,5616924
ReforzarBrillo,C,480000,5634354,5634354
ReforzarBrillo,C,480000,5601838,5601838
ReforzarBrillo,C,480000,5673882,5673882
ReforzarBrillo,C,480000,5784179,5784179
ReforzarBrillo,C,480000,6492412,6492412
ReforzarBrillo,C,480000,7362766,7362766
ReforzarBrillo,C,480000,6123353,6123353
ReforzarBrillo,C,480000,6206890,6206890
ReforzarBrillo,C,480000,5980769,5980769
ReforzarBrillo,C,480000,6046959,6046959
ReforzarBrillo,C,480000,5975911,5975911
ReforzarBrillo,C,480000,6019769,6019769
ReforzarBrillo,C,480000,5858144,5858144
ReforzarBrillo,C,480000,5835752,5835752
ReforzarBrillo,C,480000,5769881,5769881
ReforzarBrillo,C,480000,5758854,5758854
ReforzarBrillo,C,480000,5866869,5866869
ReforzarBrillo,C,480000,5785505,5785505
ReforzarBrillo,C,1920000,23274607,23274607
ReforzarBrillo,C,1920000,22783617,22783617
ReforzarBrillo,C,1920000,22470723,22470723
ReforzarBrillo,C,1920000,22328850,22328850
ReforzarBrillo,C,1920000,27364384,27364384
ReforzarBrillo,C,1920000,23904915,23904915
ReforzarBrillo,C,1920000,22972180,22972180
ReforzarBrillo,C,1920000,22903822,22903822
ReforzarBrillo,C,1920000,22779933,22779933
ReforzarBrillo,C,1920000,22603107,22603107
ReforzarBrillo,C,1920000,22013738,22013738
ReforzarBrillo,C,1920000,21928774,21928774
ReforzarBrillo,C,1920000,22358911,22358911
ReforzarBrillo,C,1920000,22103036,22103036
ReforzarBrillo,C,1920000,22083415,22083415
ReforzarBrillo,C,1920000,22070572,22070572
ReforzarBrillo,C,1920000,22192006,22192006
ReforzarBrillo,C,1920000,22875112,22875112
ReforzarBrillo,C,1920000,22954087,22954087
ReforzarBrillo,C,1920000,22809799,22809799
ReforzarBrillo,C,1920000,25798192,25798192
ReforzarBrillo,C,1920000,23280247,23280247
ReforzarBrillo,C,1920000,22512501,22512501
ReforzarBrillo,C,1920000,22191805,22191805
ReforzarBrillo,C,1920000,22050622,22050622
ReforzarBrillo,C,1920000,22298993,22298993
ReforzarBrillo,C,1920000,22091940,22091940
ReforzarBrillo,C,1920000,22352715,22352715
ReforzarBrillo,C,1920000,22047110,22047110
ReforzarBrillo,C,1920000,21947664,21947664
ReforzarBrillo,C,1920000,22123457,22123457
ReforzarBrillo,C,1920000,26055372,26055372
ReforzarBrillo,C,1920000,23004936,23004936
ReforzarBrillo,C,1920000,22747802,22747802
ReforzarBrillo,C,1920000,22044981,22044981
ReforzarBrillo,C,1920000,22062301,22062301
ReforzarBrillo,C,1920000,22191089,22191089
ReforzarBrillo,C,1920000,21872235,21872235
ReforzarBrillo,C,1920000,22026939,22026939
ReforzarBrillo,C,1920000,22026631,22026631
ReforzarBrillo,C,1920000,21942031,21942031
ReforzarBrillo,C,1920000,22073220,22073220
ReforzarBrillo,C,1920000,21896645,21896645
ReforzarBrillo,C,1920000,21869395,21869395
ReforzarBrillo,C,1920000,21976290,21976290
ReforzarBrillo,C,1920000,23102443,23102443
ReforzarBrillo,C,1920000,23090130,23090130
ReforzarBrillo,C,1920000,22101349,22101349
ReforzarBrillo,C,1920000,21985362,21985362
ReforzarBrillo,C,1920000,21857488,21857488
ReforzarBrillo,C,1920000,22242072,22242072
ReforzarBrillo,C,1920000,22091013,22091013
ReforzarBrillo,C,1920000,21982898,21982898
ReforzarBrillo,C,1920000,21905295,21905295
ReforzarBrillo,C,1920000,21588589,21588589
ReforzarBrillo,C,1920000,21442392,21442392
ReforzarBrillo,C,1920000,22153668,22153668
ReforzarBrillo,C,1920000,22115484,22115484
ReforzarBrillo,C,1920000,22216905,22216905
ReforzarBrillo,C,1920000,22680866,22680866
ReforzarBrillo,C,1920000,22775633,22775633
ReforzarBrillo,C,1920000,22215758,22215758
ReforzarBrillo,C,1920000,22076898,22076898
ReforzarBrillo,C,1920000,22079466,22079466
ReforzarBrillo,C,1920000,21981975,21981975
ReforzarBrillo,C,1920000,21997919,21997919
ReforzarBrillo,C,1920000,22031273,22031273
ReforzarBrillo,C,1920000,22034623,22034623
ReforzarBrillo,C,1920000,21741864,21741864
ReforzarBrillo,C,1920000,21560252,21560252
ReforzarBrillo,C,1920000,22219705,22219705
ReforzarBrillo,C,1920000,22305709,22305709
ReforzarBrillo,C,1920000,22050680,22050680
ReforzarBrillo,C,1920000,23132934,23132934
ReforzarBrillo,C,1920000,22843394,22843394
ReforzarBrillo,C,1920000,21892900,21892900
ReforzarBrillo,C,1920000,22018716,22018716
ReforzarBrillo,C,1920000,21869990,21869990
ReforzarBrillo,C,1920000,22056179,22056179
ReforzarBrillo,C,1920000,22015598,22015598
ReforzarBrillo,C,1920000,21624373,21624373
ReforzarBrillo,C,1920000,21808661,21808661
ReforzarBrillo,C,1920000,22005890,22005890
ReforzarBrillo,C,1920000,22069749,22069749
ReforzarBrillo,C,1920000,22608826,22608826
ReforzarBrillo,C,1920000,22519321,22519321
ReforzarBrillo,C,1920000,22484924,22484924
ReforzarBrillo,C,1920000,22869160,22869160
ReforzarBrillo,C,1920000,22830021,22830021
ReforzarBrillo,C,1920000,22572433,22572433
ReforzarBrillo,C,1920000,21994366,21994366
ReforzarBrillo,C,1920000,22174614,22174614
ReforzarBrillo,C,1920000,22107443,22107443
ReforzarBrillo,C,1920000,22004903,22004903
ReforzarBrillo,C,1920000,21974914,21974914
ReforzarBrillo,C,1920000,21529338,21529338
ReforzarBrillo,C,1920000,22912948,22912948
ReforzarBrillo,C,1920000,22559794,22559794
ReforzarBrillo,C,1920000,22728653,22728653
ReforzarBrillo,C,1920000,22822462,22822462
ReforzarBrillo,C,1920000,24150988,24150988
ReforzarBrillo,C,1920000,23069298,23069298
ReforzarBrillo,C,1920000,22816044,22816044
ReforzarBrillo,C,1920000,22550201,22550201
ReforzarBrillo,C,1920000,22294563,22294563
ReforzarBrillo,C,1920000,22122882,22122882
ReforzarBrillo,C,1920000,21939008,21939008
ReforzarBrillo,C,1920000,22397540,22397540
ReforzarBrillo,C,1920000,22100742,22100742
ReforzarBrillo,C,1920000,21893758,21893758
ReforzarBrillo,C,1920000,22190328,22190328
ReforzarBrillo,C,1920000,21666893,21666893
ReforzarBrillo,C,1920000,21630654,21630654
ReforzarBrillo,C,1920000,22027773,22027773
ReforzarBrillo,C,1920000,24534003,24534003
ReforzarBrillo,C,1920000,22671181,22671181
ReforzarBrillo,C,1920000,22270100,22270100
ReforzarBrillo,C,1920000,22016349,22016349
ReforzarBrillo,C,1920000,22383772,22383772
ReforzarBrillo,C,1920000,22039298,22039298
ReforzarBrillo,C,1920000,22447030,22447030
ReforzarBrillo,C,1920000,22477852,22477852
ReforzarBrillo,C,1920000,22027429,22027429
ReforzarBrillo,C,1920000,21988528,21988528
ReforzarBrillo,C,1920000,22173102,22173102
ReforzarBrillo,C,1920000,21761116,21761116
ReforzarBrillo,C,1920000,21752900,21752900
ReforzarBrillo,C,1920000,21898746,21898746
ReforzarBrillo,C,1920000,24655533,24655533
ReforzarBrillo,C,1920000,22890670,22890670
ReforzarBrillo,C,1920000,22479720,22479720
ReforzarBrillo,C,1920000,21994075,21994075
ReforzarBrillo,C,1920000,22317396,22317396
ReforzarBrillo,C,1920000,21978661,21978661
ReforzarBrillo,C,1920000,21931912,21931912
ReforzarBrillo,C,1920000,21842047,21842047
ReforzarBrillo,C,1920000,21831142,21831142
ReforzarBrillo,C,1920000,21275872,21275872
ReforzarBrillo,C,1920000,22035605,22035605
ReforzarBrillo,C,1920000,22347764,22347764
ReforzarBrillo,C,1920000,21530613,21530613
ReforzarBrillo,C,1920000,22097628,22097628
ReforzarBrillo,C,1920000,24717451,24717451
ReforzarBrillo,C,1920000,22562748,22562748
ReforzarBrillo,C,1920000,22377892,22377892
ReforzarBrillo,C,1920000,21824719,21824719
ReforzarBrillo,C,1920000,21913435,21913435
ReforzarBrillo,C,1920000,22057704,22057704
ReforzarBrillo,C,1920000,22074405,22074405
ReforzarBrillo,C,1920000,22457213,22457213
ReforzarBrillo,C,1920000,22071465,22071465
ReforzarBrillo,C,1920000,22071821,22071821
ReforzarBrillo,C,1920000,22062115,22062115
ReforzarBrillo,C,1920000,21684167,21684167
ReforzarBrillo,C,1920000,21582241,21582241
ReforzarBrillo,C,1920000,21936920,21936920
ReforzarBrillo,C,1920000,25688743,25688743
ReforzarBrillo,C,1920000,22773939,22773939
ReforzarBrillo,C,1920000,22675002,22675002
ReforzarBrillo,C,1920000,21985165,21985165
ReforzarBrillo,C,1920000,22302252,22302252
ReforzarBrillo,C,1920000,22330935,22330935
ReforzarBrillo,C,1920000,22031002,22031002
ReforzarBrillo,C,1920000,22342649,22342649
ReforzarBrillo,C,1920000,21797091,21797091
ReforzarBrillo,C,1920000,21524981,21524981
ReforzarBrillo,C,1920000,22245982,22245982
ReforzarBrillo,C,1920000,22049263,22049263
ReforzarBrillo,C,1920000,21982164,21982164
ReforzarBrillo,C,1920000,21919261,21919261
ReforzarBrillo,C,1920000,23395137,23395137
ReforzarBrillo,C,1920000,23166557,23166557
ReforzarBrillo,C,1920000,22958163,22958163
ReforzarBrillo,C,1920000,22321688,22321688
ReforzarBrillo,C,1920000,21973592,21973592
ReforzarBrillo,C,1920000,22627891,22627891
ReforzarBrillo,C,1920000,22562651,22562651
ReforzarBrillo,C,1920000,22096430,22096430
ReforzarBrillo,C,1920000,21961830,21961830
ReforzarBrillo,C,1920000,21956328,21956328
ReforzarBrillo,C,1920000,21993610,21993610
ReforzarBrillo,C,1920000,21381491,21381491
ReforzarBrillo,C,1920000,22234424,22234424
ReforzarBrillo,C,1920000,21876492,21876492
ReforzarBrillo,C,1920000,23106459,23106459
ReforzarBrillo,C,1920000,23110880,23110880
ReforzarBrillo,C,1920000,22237054,22237054
ReforzarBrillo,C,1920000,22168497,22168497
ReforzarBrillo,C,1920000,22508402,22508402
ReforzarBrillo,C,1920000,22410846,22410846
ReforzarBrillo,C,1920000,22099163,22099163
ReforzarBrillo,C,1920000,22161494,22161494
ReforzarBrillo,C,1920000,21876582,21876582
ReforzarBrillo,C,1920000,22320437,22320437
ReforzarBrillo,C,1920000,21905698,21905698
ReforzarBrillo,C,1920000,21809740,21809740
ReforzarBrillo,C,1920000,21360765,21360765
ReforzarBrillo,C,1920000,22056406,22056406
ReforzarBrillo,C,1920000,23866619,23866619
ReforzarBrillo,C,1920000,22737829,22737829
ReforzarBrillo,C,1920000,22632175,22632175
ReforzarBrillo,C,1920000,22118917,22118917
ReforzarBrillo,C,1920000,22341134,22341134
ReforzarBrillo,C,1920000,22048681,22048681
ReforzarBrillo,C,1920000,22170261,22170261
ReforzarBrillo,C,1920000,22036899,22036899
ReforzarBrillo,C,1920000,21803582,21803582
ReforzarBrillo,C,1920000,21272522,21272522
ReforzarBrillo,C,1920000,21730433,21730433
ReforzarBrillo,C,1920000,21916808,21916808
ReforzarBrillo,C,1920000,21981530,21981530
ReforzarBrillo,C,1920000,21947313,21947313
ReforzarBrillo,C,1920000,23157365,23157365
ReforzarBrillo,C,1920000,22713905,22713905
ReforzarBrillo,C,1920000,22034211,22034211
ReforzarBrillo,C,1920000,22038213,22038213
ReforzarBrillo,C,1920000,22027844,22027844
ReforzarBrillo,C,1920000,22035848,22035848
ReforzarBrillo,C,1920000,22038569,22038569
ReforzarBrillo,C,1920000,22074426,22074426
ReforzarBrillo,C,1920000,22018958,22018958
ReforzarBrillo,C,1920000,22309404,22309404
ReforzarBrillo,C,1920000,22149351,22149351
ReforzarBrillo,C,1920000,21782877,21782877
ReforzarBrillo,C,1920000,21845062,21845062
ReforzarBrillo,C,1920000,22093204,22093204
ReforzarBrillo,C,1920000,24861903,24861903
ReforzarBrillo,C,1920000,23090938,23090938
ReforzarBrillo,C,1920000,22482479,22482479
ReforzarBrillo,C,1920000,21981631,21981631
ReforzarBrillo,C,1920000,21924644,21924644
ReforzarBrillo,C,1920000,22624653,22624653
ReforzarBrillo,C,1920000,22089112,22089112
ReforzarBrillo,C,1920000,22060240,22060240
ReforzarBrillo,C,1920000,22262335,22262335
ReforzarBrillo,C,1920000,21967543,21967543
ReforzarBrillo,C,1920000,21958029,21958029
ReforzarBrillo,C,1920000,22022977,22022977
ReforzarBrillo,C,1920000,21907271,21907271
ReforzarBrillo,C,1920000,22132539,22132539
ReforzarBrillo,C,1920000,22916668,22916668
ReforzarBrillo,C,1920000,22606472,22606472
ReforzarBrillo,C,1920000,22592873,22592873
ReforzarBrillo,C,1920000,21924658,21924658
ReforzarBrillo,C,1920000,21919176,21919176
ReforzarBrillo,C,1920000,22298790,22298790
ReforzarBrillo,C,1920000,21956579,21956579
ReforzarBrillo,C,1920000,22503527,22503527
ReforzarBrillo,C,1920000,21912229,21912229
ReforzarBrillo,C,1920000,22049187,22049187
ReforzarBrillo,C,1920000,22397746,22397746
ReforzarBrillo,C,1920000,22197311,22197311
ReforzarBrillo,C,1920000,22492552,22492552
ReforzarBrillo,C,1920000,23369577,23369577
ReforzarBrillo,C,1920000,23009985,23009985
ReforzarBrillo,C,1920000,22793352,22793352
ReforzarBrillo,C,1920000,22130417,22130417
ReforzarBrillo,C,1920000,21935778,21935778
ReforzarBrillo,C,1920000,22091559,22091559
ReforzarBrillo,C,1920000,22486360,22486360
ReforzarBrillo,C,1920000,22423165,22423165
ReforzarBrillo,C,1920000,22070077,22070077
ReforzarBrillo,C,1920000,22017398,22017398
ReforzarBrillo,C,1920000,21984635,21984635
ReforzarBrillo,C,1920000,22136038,22136038
ReforzarBrillo,C,1920000,21693896,21693896
ReforzarBrillo,C,1920000,21556345,21556345
ReforzarBrillo,C,1920000,25111863,25111863
ReforzarBrillo,C,1920000,22774898,22774898
ReforzarBrillo,C,1920000,22634681,22634681
ReforzarBrillo,C,1920000,22421403,22421403
ReforzarBrillo,C,1920000,22380468,22380468
ReforzarBrillo,C,1920000,22028139,22028139
ReforzarBrillo,C,1920000,22321281,22321281
ReforzarBrillo,C,1920000,21958938,21958938
ReforzarBrillo,C,1920000,22056030,22056030
ReforzarBrillo,C,1920000,22073580,22073580
ReforzarBrillo,C,1920000,22097454,22097454
ReforzarBrillo,C,1920000,22290659,22290659
ReforzarBrillo,C,1920000,21732837,21732837
ReforzarBrillo,C,1920000,22021365,22021365
ReforzarBrillo,C,1920000,25161476,25161476
ReforzarBrillo,C,1920000,22642866,22642866
ReforzarBrillo,C,1920000,22657613,22657613
ReforzarBrillo,C,1920000,22246317,22246317
ReforzarBrillo,C,1920000,22131646,22131646
ReforzarBrillo,C,1920000,22050313,22050313
ReforzarBrillo,C,1920000,22316580,22316580
ReforzarBrillo,C,1920000,22200044,22200044
ReforzarBrillo,C,1920000,22263398,22263398
ReforzarBrillo,C,1920000,21965205,21965205
ReforzarBrillo,C,1920000,21996992,21996992
ReforzarBrillo,C,1920000,22345879,22345879
ReforzarBrillo,C,1920000,22093225,22093225
ReforzarBrillo,C,1920000,23970795,23970795
ReforzarBrillo,C,1920000,25314878,25314878
ReforzarBrillo,C,1920000,22883089,22883089
ReforzarBrillo,C,1920000,22655637,22655637
ReforzarBrillo,C,1920000,22155488,22155488
ReforzarBrillo,C,1920000,22046571,22046571
