ColorBordes,ASM,512,11832,11832
ColorBordes,ASM,512,12750,12750
ColorBordes,ASM,512,9112,9112
ColorBordes,ASM,512,8942,8942
ColorBordes,ASM,512,10370,10370
ColorBordes,ASM,512,8398,8398
ColorBordes,ASM,512,11254,11254
ColorBordes,ASM,512,11492,11492
ColorBordes,ASM,512,9486,9486
ColorBordes,ASM,512,10506,10506
ColorBordes,ASM,512,10574,10574
ColorBordes,ASM,512,10030,10030
ColorBordes,ASM,512,8908,8908
ColorBordes,ASM,512,9996,9996
ColorBordes,ASM,512,12750,12750
ColorBordes,ASM,512,10404,10404
ColorBordes,ASM,512,9282,9282
ColorBordes,ASM,512,10064,10064
ColorBordes,ASM,512,9554,9554
ColorBordes,ASM,512,10948,10948
ColorBordes,ASM,512,10336,10336
ColorBordes,ASM,512,9010,9010
ColorBordes,ASM,512,10098,10098
ColorBordes,ASM,512,9418,9418
ColorBordes,ASM,512,11832,11832
ColorBordes,ASM,512,13260,13260
ColorBordes,ASM,512,13668,13668
ColorBordes,ASM,512,10234,10234
ColorBordes,ASM,512,14450,14450
ColorBordes,ASM,512,8874,8874
ColorBordes,ASM,512,10370,10370
ColorBordes,ASM,512,9962,9962
ColorBordes,ASM,512,8500,8500
ColorBordes,ASM,512,15164,15164
ColorBordes,ASM,512,10336,10336
ColorBordes,ASM,512,13566,13566
ColorBordes,ASM,512,10982,10982
ColorBordes,ASM,512,8840,8840
ColorBordes,ASM,512,12444,12444
ColorBordes,ASM,512,9928,9928
ColorBordes,ASM,512,9690,9690
ColorBordes,ASM,512,11424,11424
ColorBordes,ASM,512,11492,11492
ColorBordes,ASM,512,8670,8670
ColorBordes,ASM,512,10676,10676
ColorBordes,ASM,512,8534,8534
ColorBordes,ASM,512,10438,10438
ColorBordes,ASM,512,11254,11254
ColorBordes,ASM,512,9826,9826
ColorBordes,ASM,512,8772,8772
ColorBordes,ASM,512,8806,8806
ColorBordes,ASM,512,10030,10030
ColorBordes,ASM,512,8466,8466
ColorBordes,ASM,512,11832,11832
ColorBordes,ASM,512,12478,12478
ColorBordes,ASM,512,11118,11118
ColorBordes,ASM,512,11152,11152
ColorBordes,ASM,512,8874,8874
ColorBordes,ASM,512,9248,9248
ColorBordes,ASM,512,9044,9044
ColorBordes,ASM,512,11288,11288
ColorBordes,ASM,512,10812,10812
ColorBordes,ASM,512,11696,11696
ColorBordes,ASM,512,22576,22576
ColorBordes,ASM,512,10302,10302
ColorBordes,ASM,512,14212,14212
ColorBordes,ASM,512,11560,11560
ColorBordes,ASM,512,10812,10812
ColorBordes,ASM,512,10574,10574
ColorBordes,ASM,512,11050,11050
ColorBordes,ASM,512,11254,11254
ColorBordes,ASM,512,10132,10132
ColorBordes,ASM,512,11390,11390
ColorBordes,ASM,512,11356,11356
ColorBordes,ASM,512,13362,13362
ColorBordes,ASM,512,11866,11866
ColorBordes,ASM,512,13362,13362
ColorBordes,ASM,512,11662,11662
ColorBordes,ASM,512,8874,8874
ColorBordes,ASM,512,13804,13804
ColorBordes,ASM,512,13532,13532
ColorBordes,ASM,512,13192,13192
ColorBordes,ASM,512,13430,13430
ColorBordes,ASM,512,11628,11628
ColorBordes,ASM,512,9282,9282
ColorBordes,ASM,512,11118,11118
ColorBordes,ASM,512,10234,10234
ColorBordes,ASM,512,8704,8704
ColorBordes,ASM,512,9996,9996
ColorBordes,ASM,512,8670,8670
ColorBordes,ASM,512,17612,17612
ColorBordes,ASM,512,9180,9180
ColorBordes,ASM,512,10778,10778
ColorBordes,ASM,512,13294,13294
ColorBordes,ASM,512,13260,13260
ColorBordes,ASM,512,9996,9996
ColorBordes,ASM,512,11832,11832
ColorBordes,ASM,512,11118,11118
ColorBordes,ASM,512,12784,12784
ColorBordes,ASM,512,8806,8806
ColorBordes,ASM,512,13532,13532
ColorBordes,ASM,512,11560,11560
ColorBordes,ASM,512,23902,23902
ColorBordes,ASM,512,9554,9554
ColorBordes,ASM,512,13090,13090
ColorBordes,ASM,512,13192,13192
ColorBordes,ASM,512,8874,8874
ColorBordes,ASM,512,8840,8840
ColorBordes,ASM,512,14654,14654
ColorBordes,ASM,512,11424,11424
ColorBordes,ASM,512,11152,11152
ColorBordes,ASM,512,8398,8398
ColorBordes,ASM,512,10642,10642
ColorBordes,ASM,512,10268,10268
ColorBordes,ASM,512,8364,8364
ColorBordes,ASM,512,13260,13260
ColorBordes,ASM,512,8398,8398
ColorBordes,ASM,512,30770,30770
ColorBordes,ASM,512,12954,12954
ColorBordes,ASM,512,10370,10370
ColorBordes,ASM,512,12376,12376
ColorBordes,ASM,512,12716,12716
ColorBordes,ASM,512,9724,9724
ColorBordes,ASM,512,18666,18666
ColorBordes,ASM,512,11492,11492
ColorBordes,ASM,512,10710,10710
ColorBordes,ASM,512,9452,9452
ColorBordes,ASM,512,9792,9792
ColorBordes,ASM,512,9996,9996
ColorBordes,ASM,512,16184,16184
ColorBordes,ASM,512,9146,9146
ColorBordes,ASM,512,10166,10166
ColorBordes,ASM,512,11152,11152
ColorBordes,ASM,512,10574,10574
ColorBordes,ASM,512,17578,17578
ColorBordes,ASM,512,7820,7820
ColorBordes,ASM,512,9588,9588
ColorBordes,ASM,512,8738,8738
ColorBordes,ASM,512,8500,8500
ColorBordes,ASM,512,12682,12682
ColorBordes,ASM,512,8976,8976
ColorBordes,ASM,512,8806,8806
ColorBordes,ASM,512,8772,8772
ColorBordes,ASM,512,9078,9078
ColorBordes,ASM,512,8602,8602
ColorBordes,ASM,512,8058,8058
ColorBordes,ASM,512,8160,8160
ColorBordes,ASM,512,8228,8228
ColorBordes,ASM,512,8976,8976
ColorBordes,ASM,512,8636,8636
ColorBordes,ASM,512,8432,8432
ColorBordes,ASM,512,8092,8092
ColorBordes,ASM,512,8976,8976
ColorBordes,ASM,512,11526,11526
ColorBordes,ASM,512,12478,12478
ColorBordes,ASM,512,13906,13906
ColorBordes,ASM,512,15198,15198
ColorBordes,ASM,512,12954,12954
ColorBordes,ASM,512,11254,11254
ColorBordes,ASM,512,10914,10914
ColorBordes,ASM,512,10744,10744
ColorBordes,ASM,512,8432,8432
ColorBordes,ASM,512,10472,10472
ColorBordes,ASM,512,26418,26418
ColorBordes,ASM,512,9112,9112
ColorBordes,ASM,512,39610,39610
ColorBordes,ASM,512,17272,17272
ColorBordes,ASM,512,15470,15470
ColorBordes,ASM,512,9214,9214
ColorBordes,ASM,512,9078,9078
ColorBordes,ASM,512,8738,8738
ColorBordes,ASM,512,8942,8942
ColorBordes,ASM,512,17068,17068
ColorBordes,ASM,512,15708,15708
ColorBordes,ASM,512,13668,13668
ColorBordes,ASM,512,12784,12784
ColorBordes,ASM,512,16592,16592
ColorBordes,ASM,512,18054,18054
ColorBordes,ASM,512,14960,14960
ColorBordes,ASM,512,16354,16354
ColorBordes,ASM,512,14450,14450
ColorBordes,ASM,512,13158,13158
ColorBordes,ASM,512,10642,10642
ColorBordes,ASM,512,13770,13770
ColorBordes,ASM,512,11526,11526
ColorBordes,ASM,512,11458,11458
ColorBordes,ASM,512,11458,11458
ColorBordes,ASM,512,11050,11050
ColorBordes,ASM,512,12682,12682
ColorBordes,ASM,512,11764,11764
ColorBordes,ASM,512,11288,11288
ColorBordes,ASM,512,10098,10098
ColorBordes,ASM,512,10302,10302
ColorBordes,ASM,512,11084,11084
ColorBordes,ASM,512,9962,9962
ColorBordes,ASM,512,11084,11084
ColorBordes,ASM,512,12512,12512
ColorBordes,ASM,512,12648,12648
ColorBordes,ASM,512,10166,10166
ColorBordes,ASM,512,11934,11934
ColorBordes,ASM,512,10914,10914
ColorBordes,ASM,512,11832,11832
ColorBordes,ASM,512,9656,9656
ColorBordes,ASM,512,10098,10098
ColorBordes,ASM,512,10574,10574
ColorBordes,ASM,512,10744,10744
ColorBordes,ASM,512,11628,11628
ColorBordes,ASM,512,12750,12750
ColorBordes,ASM,512,17102,17102
ColorBordes,ASM,512,18224,18224
ColorBordes,ASM,512,20264,20264
ColorBordes,ASM,512,27098,27098
ColorBordes,ASM,512,15946,15946
ColorBordes,ASM,512,20706,20706
ColorBordes,ASM,512,26010,26010
ColorBordes,ASM,512,19550,19550
ColorBordes,ASM,512,21964,21964
ColorBordes,ASM,512,19482,19482
ColorBordes,ASM,512,18700,18700
ColorBordes,ASM,512,21624,21624
ColorBordes,ASM,512,19686,19686
ColorBordes,ASM,512,20468,20468
ColorBordes,ASM,512,18326,18326
ColorBordes,ASM,512,9588,9588
ColorBordes,ASM,512,9792,9792
ColorBordes,ASM,512,9758,9758
ColorBordes,ASM,512,10064,10064
ColorBordes,ASM,512,9724,9724
ColorBordes,ASM,512,11016,11016
ColorBordes,ASM,512,11662,11662
ColorBordes,ASM,512,8806,8806
ColorBordes,ASM,512,9248,9248
ColorBordes,ASM,512,9826,9826
ColorBordes,ASM,512,10982,10982
ColorBordes,ASM,512,12376,12376
ColorBordes,ASM,512,10370,10370
ColorBordes,ASM,512,13838,13838
ColorBordes,ASM,512,12648,12648
ColorBordes,ASM,512,25568,25568
ColorBordes,ASM,512,21250,21250
ColorBordes,ASM,512,24650,24650
ColorBordes,ASM,512,19482,19482
ColorBordes,ASM,512,18904,18904
ColorBordes,ASM,512,22916,22916
ColorBordes,ASM,512,13872,13872
ColorBordes,ASM,512,17510,17510
ColorBordes,ASM,512,23528,23528
ColorBordes,ASM,512,11152,11152
ColorBordes,ASM,512,21046,21046
ColorBordes,ASM,512,20026,20026
ColorBordes,ASM,512,18360,18360
ColorBordes,ASM,512,16660,16660
ColorBordes,ASM,512,18904,18904
ColorBordes,ASM,512,12750,12750
ColorBordes,ASM,512,12648,12648
ColorBordes,ASM,512,11084,11084
ColorBordes,ASM,512,14042,14042
ColorBordes,ASM,512,13192,13192
ColorBordes,ASM,512,14518,14518
ColorBordes,ASM,512,18768,18768
ColorBordes,ASM,512,11356,11356
ColorBordes,ASM,512,19448,19448
ColorBordes,ASM,512,10336,10336
ColorBordes,ASM,512,7684,7684
ColorBordes,ASM,512,14246,14246
ColorBordes,ASM,512,11662,11662
ColorBordes,ASM,512,11594,11594
ColorBordes,ASM,512,13464,13464
ColorBordes,ASM,512,13600,13600
ColorBordes,ASM,512,15980,15980
ColorBordes,ASM,512,19312,19312
ColorBordes,ASM,512,11186,11186
ColorBordes,ASM,512,11764,11764
ColorBordes,ASM,512,11968,11968
ColorBordes,ASM,512,10438,10438
ColorBordes,ASM,512,14178,14178
ColorBordes,ASM,512,11424,11424
ColorBordes,ASM,512,11560,11560
ColorBordes,ASM,512,11152,11152
ColorBordes,ASM,512,10778,10778
ColorBordes,ASM,512,13668,13668
ColorBordes,ASM,512,10336,10336
ColorBordes,ASM,512,11322,11322
ColorBordes,ASM,512,11866,11866
ColorBordes,ASM,512,11050,11050
ColorBordes,ASM,512,10744,10744
ColorBordes,ASM,512,19380,19380
ColorBordes,ASM,512,9044,9044
ColorBordes,ASM,512,8840,8840
ColorBordes,ASM,512,8874,8874
ColorBordes,ASM,512,9044,9044
ColorBordes,ASM,512,7242,7242
ColorBordes,ASM,512,8296,8296
ColorBordes,ASM,512,9180,9180
ColorBordes,ASM,512,9112,9112
ColorBordes,ASM,512,9316,9316
ColorBordes,ASM,512,9724,9724
ColorBordes,ASM,512,9452,9452
ColorBordes,ASM,512,8704,8704
ColorBordes,ASM,512,9588,9588
ColorBordes,ASM,2048,20468,20468
ColorBordes,ASM,2048,29920,29920
ColorBordes,ASM,2048,29240,29240
ColorBordes,ASM,2048,32096,32096
ColorBordes,ASM,2048,29002,29002
ColorBordes,ASM,2048,28900,28900
ColorBordes,ASM,2048,28934,28934
ColorBordes,ASM,2048,28798,28798
ColorBordes,ASM,2048,28866,28866
ColorBordes,ASM,2048,28832,28832
ColorBordes,ASM,2048,34442,34442
ColorBordes,ASM,2048,30736,30736
ColorBordes,ASM,2048,28968,28968
ColorBordes,ASM,2048,28730,28730
ColorBordes,ASM,2048,31314,31314
ColorBordes,ASM,2048,28832,28832
ColorBordes,ASM,2048,28832,28832
ColorBordes,ASM,2048,28730,28730
ColorBordes,ASM,2048,28730,28730
ColorBordes,ASM,2048,28696,28696
ColorBordes,ASM,2048,28832,28832
ColorBordes,ASM,2048,28594,28594
ColorBordes,ASM,2048,28798,28798
ColorBordes,ASM,2048,29410,29410
ColorBordes,ASM,2048,29138,29138
ColorBordes,ASM,2048,28628,28628
ColorBordes,ASM,2048,28696,28696
ColorBordes,ASM,2048,28696,28696
ColorBordes,ASM,2048,28730,28730
ColorBordes,ASM,2048,28662,28662
ColorBordes,ASM,2048,54638,54638
ColorBordes,ASM,2048,28730,28730
ColorBordes,ASM,2048,28798,28798
ColorBordes,ASM,2048,28730,28730
ColorBordes,ASM,2048,28832,28832
ColorBordes,ASM,2048,28662,28662
ColorBordes,ASM,2048,28866,28866
ColorBordes,ASM,2048,28696,28696
ColorBordes,ASM,2048,28798,28798
ColorBordes,ASM,2048,28696,28696
ColorBordes,ASM,2048,28832,28832
ColorBordes,ASM,2048,28662,28662
ColorBordes,ASM,2048,28866,28866
ColorBordes,ASM,2048,28696,28696
ColorBordes,ASM,2048,28798,28798
ColorBordes,ASM,2048,28696,28696
ColorBordes,ASM,2048,28934,28934
ColorBordes,ASM,2048,28832,28832
ColorBordes,ASM,2048,28900,28900
ColorBordes,ASM,2048,28866,28866
ColorBordes,ASM,2048,28798,28798
ColorBordes,ASM,2048,28764,28764
ColorBordes,ASM,2048,28764,28764
ColorBordes,ASM,2048,28730,28730
ColorBordes,ASM,2048,28730,28730
ColorBordes,ASM,2048,28900,28900
ColorBordes,ASM,2048,28832,28832
ColorBordes,ASM,2048,28832,28832
ColorBordes,ASM,2048,28798,28798
ColorBordes,ASM,2048,28696,28696
ColorBordes,ASM,2048,39780,39780
ColorBordes,ASM,2048,35870,35870
ColorBordes,ASM,2048,44200,44200
ColorBordes,ASM,2048,44166,44166
ColorBordes,ASM,2048,33728,33728
ColorBordes,ASM,2048,28798,28798
ColorBordes,ASM,2048,28798,28798
ColorBordes,ASM,2048,28764,28764
ColorBordes,ASM,2048,28832,28832
ColorBordes,ASM,2048,28798,28798
ColorBordes,ASM,2048,28832,28832
ColorBordes,ASM,2048,28730,28730
ColorBordes,ASM,2048,28798,28798
ColorBordes,ASM,2048,28628,28628
ColorBordes,ASM,2048,28832,28832
ColorBordes,ASM,2048,28832,28832
ColorBordes,ASM,2048,40222,40222
ColorBordes,ASM,2048,38182,38182
ColorBordes,ASM,2048,38862,38862
ColorBordes,ASM,2048,28696,28696
ColorBordes,ASM,2048,28696,28696
ColorBordes,ASM,2048,28458,28458
ColorBordes,ASM,2048,28628,28628
ColorBordes,ASM,2048,28594,28594
ColorBordes,ASM,2048,28526,28526
ColorBordes,ASM,2048,28458,28458
ColorBordes,ASM,2048,28492,28492
ColorBordes,ASM,2048,28492,28492
ColorBordes,ASM,2048,28628,28628
ColorBordes,ASM,2048,28560,28560
ColorBordes,ASM,2048,28594,28594
ColorBordes,ASM,2048,28526,28526
ColorBordes,ASM,2048,28594,28594
ColorBordes,ASM,2048,28526,28526
ColorBordes,ASM,2048,28968,28968
ColorBordes,ASM,2048,28526,28526
ColorBordes,ASM,2048,28322,28322
ColorBordes,ASM,2048,28220,28220
ColorBordes,ASM,2048,28356,28356
ColorBordes,ASM,2048,28254,28254
ColorBordes,ASM,2048,28322,28322
ColorBordes,ASM,2048,28288,28288
ColorBordes,ASM,2048,28322,28322
ColorBordes,ASM,2048,28254,28254
ColorBordes,ASM,2048,28322,28322
ColorBordes,ASM,2048,28254,28254
ColorBordes,ASM,2048,28356,28356
ColorBordes,ASM,2048,28220,28220
ColorBordes,ASM,2048,29002,29002
ColorBordes,ASM,2048,28458,28458
ColorBordes,ASM,2048,28322,28322
ColorBordes,ASM,2048,28220,28220
ColorBordes,ASM,2048,28322,28322
ColorBordes,ASM,2048,28288,28288
ColorBordes,ASM,2048,36822,36822
ColorBordes,ASM,2048,34578,34578
ColorBordes,ASM,2048,35394,35394
ColorBordes,ASM,2048,28832,28832
ColorBordes,ASM,2048,28594,28594
ColorBordes,ASM,2048,28526,28526
ColorBordes,ASM,2048,28628,28628
ColorBordes,ASM,2048,28492,28492
ColorBordes,ASM,2048,28628,28628
ColorBordes,ASM,2048,28526,28526
ColorBordes,ASM,2048,28696,28696
ColorBordes,ASM,2048,28526,28526
ColorBordes,ASM,2048,28628,28628
ColorBordes,ASM,2048,28594,28594
ColorBordes,ASM,2048,28662,28662
ColorBordes,ASM,2048,28594,28594
ColorBordes,ASM,2048,28662,28662
ColorBordes,ASM,2048,28492,28492
ColorBordes,ASM,2048,28730,28730
ColorBordes,ASM,2048,28628,28628
ColorBordes,ASM,2048,28628,28628
ColorBordes,ASM,2048,28526,28526
ColorBordes,ASM,2048,28662,28662
ColorBordes,ASM,2048,28560,28560
ColorBordes,ASM,2048,28628,28628
ColorBordes,ASM,2048,28526,28526
ColorBordes,ASM,2048,28526,28526
ColorBordes,ASM,2048,28560,28560
ColorBordes,ASM,2048,28526,28526
ColorBordes,ASM,2048,28526,28526
ColorBordes,ASM,2048,28560,28560
ColorBordes,ASM,2048,28560,28560
ColorBordes,ASM,2048,28662,28662
ColorBordes,ASM,2048,28628,28628
ColorBordes,ASM,2048,28526,28526
ColorBordes,ASM,2048,28594,28594
ColorBordes,ASM,2048,28662,28662
ColorBordes,ASM,2048,28594,28594
ColorBordes,ASM,2048,28594,28594
ColorBordes,ASM,2048,28594,28594
ColorBordes,ASM,2048,28696,28696
ColorBordes,ASM,2048,28594,28594
ColorBordes,ASM,2048,28662,28662
ColorBordes,ASM,2048,28594,28594
ColorBordes,ASM,2048,28628,28628
ColorBordes,ASM,2048,28594,28594
ColorBordes,ASM,2048,28662,28662
ColorBordes,ASM,2048,38862,38862
ColorBordes,ASM,2048,28594,28594
ColorBordes,ASM,2048,41480,41480
ColorBordes,ASM,2048,28900,28900
ColorBordes,ASM,2048,28594,28594
ColorBordes,ASM,2048,28560,28560
ColorBordes,ASM,2048,28492,28492
ColorBordes,ASM,2048,28730,28730
ColorBordes,ASM,2048,28526,28526
ColorBordes,ASM,2048,28696,28696
ColorBordes,ASM,2048,28560,28560
ColorBordes,ASM,2048,28628,28628
ColorBordes,ASM,2048,28594,28594
ColorBordes,ASM,2048,28628,28628
ColorBordes,ASM,2048,28492,28492
ColorBordes,ASM,2048,28696,28696
ColorBordes,ASM,2048,28560,28560
ColorBordes,ASM,2048,28628,28628
ColorBordes,ASM,2048,28560,28560
ColorBordes,ASM,2048,28594,28594
ColorBordes,ASM,2048,28594,28594
ColorBordes,ASM,2048,48246,48246
ColorBordes,ASM,2048,28526,28526
ColorBordes,ASM,2048,28594,28594
ColorBordes,ASM,2048,28526,28526
ColorBordes,ASM,2048,28662,28662
ColorBordes,ASM,2048,28526,28526
ColorBordes,ASM,2048,28628,28628
ColorBordes,ASM,2048,28560,28560
ColorBordes,ASM,2048,28628,28628
ColorBordes,ASM,2048,28492,28492
ColorBordes,ASM,2048,28696,28696
ColorBordes,ASM,2048,28594,28594
ColorBordes,ASM,2048,28628,28628
ColorBordes,ASM,2048,28526,28526
ColorBordes,ASM,2048,28628,28628
ColorBordes,ASM,2048,29138,29138
ColorBordes,ASM,2048,28934,28934
ColorBordes,ASM,2048,28526,28526
ColorBordes,ASM,2048,28560,28560
ColorBordes,ASM,2048,28560,28560
ColorBordes,ASM,2048,28730,28730
ColorBordes,ASM,2048,28492,28492
ColorBordes,ASM,2048,28662,28662
ColorBordes,ASM,2048,28628,28628
ColorBordes,ASM,2048,28696,28696
ColorBordes,ASM,2048,28526,28526
ColorBordes,ASM,2048,28662,28662
ColorBordes,ASM,2048,28458,28458
ColorBordes,ASM,2048,28662,28662
ColorBordes,ASM,2048,28594,28594
ColorBordes,ASM,2048,28628,28628
ColorBordes,ASM,2048,28560,28560
ColorBordes,ASM,2048,28594,28594
ColorBordes,ASM,2048,28594,28594
ColorBordes,ASM,2048,28560,28560
ColorBordes,ASM,2048,28424,28424
ColorBordes,ASM,2048,28662,28662
ColorBordes,ASM,2048,28526,28526
ColorBordes,ASM,2048,28628,28628
ColorBordes,ASM,2048,28526,28526
ColorBordes,ASM,2048,28594,28594
ColorBordes,ASM,2048,28526,28526
ColorBordes,ASM,2048,28628,28628
ColorBordes,ASM,2048,28628,28628
ColorBordes,ASM,2048,28526,28526
ColorBordes,ASM,2048,28560,28560
ColorBordes,ASM,2048,28628,28628
ColorBordes,ASM,2048,28526,28526
ColorBordes,ASM,2048,19210,19210
ColorBordes,ASM,2048,19210,19210
ColorBordes,ASM,2048,19278,19278
ColorBordes,ASM,2048,19176,19176
ColorBordes,ASM,2048,19244,19244
ColorBordes,ASM,2048,19176,19176
ColorBordes,ASM,2048,19210,19210
ColorBordes,ASM,2048,24888,24888
ColorBordes,ASM,2048,19312,19312
ColorBordes,ASM,2048,19108,19108
ColorBordes,ASM,2048,19278,19278
ColorBordes,ASM,2048,19210,19210
ColorBordes,ASM,2048,19278,19278
ColorBordes,ASM,2048,19244,19244
ColorBordes,ASM,2048,19278,19278
ColorBordes,ASM,2048,19244,19244
ColorBordes,ASM,2048,19278,19278
ColorBordes,ASM,2048,19176,19176
ColorBordes,ASM,2048,19278,19278
ColorBordes,ASM,2048,19210,19210
ColorBordes,ASM,2048,19312,19312
ColorBordes,ASM,2048,19142,19142
ColorBordes,ASM,2048,19278,19278
ColorBordes,ASM,2048,36312,36312
ColorBordes,ASM,2048,36482,36482
ColorBordes,ASM,2048,36346,36346
ColorBordes,ASM,2048,34884,34884
ColorBordes,ASM,2048,35224,35224
ColorBordes,ASM,2048,35836,35836
ColorBordes,ASM,2048,19346,19346
ColorBordes,ASM,2048,19244,19244
ColorBordes,ASM,2048,19210,19210
ColorBordes,ASM,2048,19244,19244
ColorBordes,ASM,2048,19278,19278
ColorBordes,ASM,2048,19244,19244
ColorBordes,ASM,2048,19210,19210
ColorBordes,ASM,2048,19244,19244
ColorBordes,ASM,2048,19312,19312
ColorBordes,ASM,2048,19244,19244
ColorBordes,ASM,2048,19278,19278
ColorBordes,ASM,2048,19210,19210
ColorBordes,ASM,2048,19278,19278
ColorBordes,ASM,2048,19210,19210
ColorBordes,ASM,2048,19278,19278
ColorBordes,ASM,2048,19244,19244
ColorBordes,ASM,2048,19210,19210
ColorBordes,ASM,2048,19210,19210
ColorBordes,ASM,2048,19176,19176
ColorBordes,ASM,2048,19210,19210
ColorBordes,ASM,2048,19176,19176
ColorBordes,ASM,2048,19176,19176
ColorBordes,ASM,2048,19176,19176
ColorBordes,ASM,2048,19210,19210
ColorBordes,ASM,2048,19176,19176
ColorBordes,ASM,2048,19244,19244
ColorBordes,ASM,2048,19312,19312
ColorBordes,ASM,2048,19244,19244
ColorBordes,ASM,2048,19176,19176
ColorBordes,ASM,2048,19210,19210
ColorBordes,ASM,2048,19176,19176
ColorBordes,ASM,2048,19244,19244
ColorBordes,ASM,2048,19210,19210
ColorBordes,ASM,2048,19244,19244
ColorBordes,ASM,2048,19176,19176
ColorBordes,ASM,2048,19210,19210
ColorBordes,ASM,2048,19210,19210
ColorBordes,ASM,2048,19244,19244
ColorBordes,ASM,2048,19210,19210
ColorBordes,ASM,2048,19244,19244
ColorBordes,ASM,2048,35632,35632
ColorBordes,ASM,8192,145724,145724
ColorBordes,ASM,8192,145384,145384
ColorBordes,ASM,8192,145044,145044
ColorBordes,ASM,8192,144500,144500
ColorBordes,ASM,8192,144296,144296
ColorBordes,ASM,8192,144432,144432
ColorBordes,ASM,8192,116790,116790
ColorBordes,ASM,8192,116552,116552
ColorBordes,ASM,8192,116654,116654
ColorBordes,ASM,8192,116518,116518
ColorBordes,ASM,8192,116654,116654
ColorBordes,ASM,8192,116416,116416
ColorBordes,ASM,8192,115668,115668
ColorBordes,ASM,8192,76194,76194
ColorBordes,ASM,8192,75752,75752
ColorBordes,ASM,8192,75752,75752
ColorBordes,ASM,8192,75684,75684
ColorBordes,ASM,8192,75718,75718
ColorBordes,ASM,8192,75718,75718
ColorBordes,ASM,8192,115838,115838
ColorBordes,ASM,8192,116076,116076
ColorBordes,ASM,8192,115770,115770
ColorBordes,ASM,8192,115838,115838
ColorBordes,ASM,8192,116484,116484
ColorBordes,ASM,8192,116042,116042
ColorBordes,ASM,8192,115804,115804
ColorBordes,ASM,8192,148444,148444
ColorBordes,ASM,8192,76160,76160
ColorBordes,ASM,8192,75684,75684
ColorBordes,ASM,8192,75684,75684
ColorBordes,ASM,8192,75582,75582
ColorBordes,ASM,8192,75786,75786
ColorBordes,ASM,8192,88740,88740
ColorBordes,ASM,8192,76160,76160
ColorBordes,ASM,8192,75616,75616
ColorBordes,ASM,8192,75752,75752
ColorBordes,ASM,8192,75582,75582
ColorBordes,ASM,8192,75820,75820
ColorBordes,ASM,8192,84626,84626
ColorBordes,ASM,8192,75718,75718
ColorBordes,ASM,8192,75718,75718
ColorBordes,ASM,8192,75820,75820
ColorBordes,ASM,8192,75616,75616
ColorBordes,ASM,8192,75752,75752
ColorBordes,ASM,8192,93126,93126
ColorBordes,ASM,8192,75786,75786
ColorBordes,ASM,8192,75650,75650
ColorBordes,ASM,8192,75752,75752
ColorBordes,ASM,8192,159154,159154
ColorBordes,ASM,8192,144058,144058
ColorBordes,ASM,8192,76228,76228
ColorBordes,ASM,8192,76772,76772
ColorBordes,ASM,8192,75582,75582
ColorBordes,ASM,8192,75616,75616
ColorBordes,ASM,8192,75616,75616
ColorBordes,ASM,8192,75718,75718
ColorBordes,ASM,8192,76228,76228
ColorBordes,ASM,8192,76092,76092
ColorBordes,ASM,8192,75718,75718
ColorBordes,ASM,8192,75752,75752
ColorBordes,ASM,8192,75718,75718
ColorBordes,ASM,8192,75718,75718
ColorBordes,ASM,8192,115566,115566
ColorBordes,ASM,8192,115600,115600
ColorBordes,ASM,8192,115770,115770
ColorBordes,ASM,8192,115838,115838
ColorBordes,ASM,8192,119850,119850
ColorBordes,ASM,8192,76024,76024
ColorBordes,ASM,8192,75752,75752
ColorBordes,ASM,8192,75752,75752
ColorBordes,ASM,8192,75616,75616
ColorBordes,ASM,8192,75922,75922
ColorBordes,ASM,8192,75616,75616
ColorBordes,ASM,8192,75684,75684
ColorBordes,ASM,8192,75684,75684
ColorBordes,ASM,8192,75786,75786
ColorBordes,ASM,8192,75548,75548
ColorBordes,ASM,8192,75786,75786
ColorBordes,ASM,8192,75786,75786
ColorBordes,ASM,8192,75752,75752
ColorBordes,ASM,8192,75650,75650
ColorBordes,ASM,8192,75786,75786
ColorBordes,ASM,8192,75650,75650
ColorBordes,ASM,8192,75684,75684
ColorBordes,ASM,8192,116518,116518
ColorBordes,ASM,8192,116212,116212
ColorBordes,ASM,8192,115804,115804
ColorBordes,ASM,8192,115770,115770
ColorBordes,ASM,8192,75548,75548
ColorBordes,ASM,8192,75650,75650
ColorBordes,ASM,8192,75616,75616
ColorBordes,ASM,8192,75718,75718
ColorBordes,ASM,8192,75650,75650
ColorBordes,ASM,8192,75650,75650
ColorBordes,ASM,8192,75582,75582
ColorBordes,ASM,8192,75718,75718
ColorBordes,ASM,8192,75616,75616
ColorBordes,ASM,8192,75718,75718
ColorBordes,ASM,8192,143446,143446
ColorBordes,ASM,8192,146166,146166
ColorBordes,ASM,8192,144126,144126
ColorBordes,ASM,8192,143956,143956
ColorBordes,ASM,8192,143616,143616
ColorBordes,ASM,8192,143548,143548
ColorBordes,ASM,8192,143344,143344
ColorBordes,ASM,8192,143208,143208
ColorBordes,ASM,8192,115940,115940
ColorBordes,ASM,8192,115974,115974
ColorBordes,ASM,8192,116042,116042
ColorBordes,ASM,8192,75786,75786
ColorBordes,ASM,8192,75684,75684
ColorBordes,ASM,8192,75718,75718
ColorBordes,ASM,8192,75616,75616
ColorBordes,ASM,8192,75786,75786
ColorBordes,ASM,8192,75650,75650
ColorBordes,ASM,8192,115702,115702
ColorBordes,ASM,8192,75786,75786
ColorBordes,ASM,8192,75752,75752
ColorBordes,ASM,8192,75718,75718
ColorBordes,ASM,8192,75786,75786
ColorBordes,ASM,8192,75616,75616
ColorBordes,ASM,8192,75650,75650
ColorBordes,ASM,8192,75616,75616
ColorBordes,ASM,8192,116246,116246
ColorBordes,ASM,8192,115668,115668
ColorBordes,ASM,8192,115498,115498
ColorBordes,ASM,8192,115498,115498
ColorBordes,ASM,8192,89080,89080
ColorBordes,ASM,8192,75548,75548
ColorBordes,ASM,8192,75786,75786
ColorBordes,ASM,8192,75718,75718
ColorBordes,ASM,8192,75718,75718
ColorBordes,ASM,8192,75684,75684
ColorBordes,ASM,8192,85136,85136
ColorBordes,ASM,8192,75718,75718
ColorBordes,ASM,8192,75752,75752
ColorBordes,ASM,8192,75752,75752
ColorBordes,ASM,8192,115532,115532
ColorBordes,ASM,8192,115430,115430
ColorBordes,ASM,8192,127976,127976
ColorBordes,ASM,8192,120224,120224
ColorBordes,ASM,8192,115600,115600
ColorBordes,ASM,8192,115260,115260
ColorBordes,ASM,8192,114920,114920
ColorBordes,ASM,8192,115090,115090
ColorBordes,ASM,8192,115056,115056
ColorBordes,ASM,8192,115158,115158
ColorBordes,ASM,8192,114988,114988
ColorBordes,ASM,8192,99416,99416
ColorBordes,ASM,8192,163404,163404
ColorBordes,ASM,8192,134776,134776
ColorBordes,ASM,8192,79356,79356
ColorBordes,ASM,8192,75752,75752
ColorBordes,ASM,8192,75854,75854
ColorBordes,ASM,8192,75514,75514
ColorBordes,ASM,8192,75820,75820
ColorBordes,ASM,8192,75616,75616
ColorBordes,ASM,8192,75752,75752
ColorBordes,ASM,8192,75582,75582
ColorBordes,ASM,8192,75616,75616
ColorBordes,ASM,8192,75684,75684
ColorBordes,ASM,8192,75752,75752
ColorBordes,ASM,8192,75616,75616
ColorBordes,ASM,8192,75718,75718
ColorBordes,ASM,8192,75684,75684
ColorBordes,ASM,8192,75752,75752
ColorBordes,ASM,8192,75684,75684
ColorBordes,ASM,8192,75650,75650
ColorBordes,ASM,8192,75650,75650
ColorBordes,ASM,8192,75718,75718
ColorBordes,ASM,8192,75718,75718
ColorBordes,ASM,8192,75718,75718
ColorBordes,ASM,8192,75684,75684
ColorBordes,ASM,8192,75752,75752
ColorBordes,ASM,8192,75548,75548
ColorBordes,ASM,8192,75684,75684
ColorBordes,ASM,8192,75480,75480
ColorBordes,ASM,8192,75752,75752
ColorBordes,ASM,8192,116280,116280
ColorBordes,ASM,8192,116212,116212
ColorBordes,ASM,8192,115804,115804
ColorBordes,ASM,8192,115668,115668
ColorBordes,ASM,8192,115600,115600
ColorBordes,ASM,8192,115804,115804
ColorBordes,ASM,8192,115736,115736
ColorBordes,ASM,8192,115770,115770
ColorBordes,ASM,8192,75582,75582
ColorBordes,ASM,8192,75820,75820
ColorBordes,ASM,8192,75548,75548
ColorBordes,ASM,8192,75650,75650
ColorBordes,ASM,8192,75684,75684
ColorBordes,ASM,8192,75684,75684
ColorBordes,ASM,8192,75616,75616
ColorBordes,ASM,8192,75786,75786
ColorBordes,ASM,8192,75684,75684
ColorBordes,ASM,8192,75616,75616
ColorBordes,ASM,8192,75582,75582
ColorBordes,ASM,8192,143446,143446
ColorBordes,ASM,8192,143480,143480
ColorBordes,ASM,8192,153986,153986
ColorBordes,ASM,8192,162656,162656
ColorBordes,ASM,8192,144024,144024
ColorBordes,ASM,8192,143276,143276
ColorBordes,ASM,8192,143276,143276
ColorBordes,ASM,8192,140760,140760
ColorBordes,ASM,8192,115804,115804
ColorBordes,ASM,8192,115702,115702
ColorBordes,ASM,8192,115804,115804
ColorBordes,ASM,8192,75752,75752
ColorBordes,ASM,8192,75854,75854
ColorBordes,ASM,8192,75548,75548
ColorBordes,ASM,8192,75684,75684
ColorBordes,ASM,8192,115770,115770
ColorBordes,ASM,8192,115974,115974
ColorBordes,ASM,8192,115804,115804
ColorBordes,ASM,8192,115872,115872
ColorBordes,ASM,8192,115736,115736
ColorBordes,ASM,8192,76466,76466
ColorBordes,ASM,8192,90712,90712
ColorBordes,ASM,8192,75718,75718
ColorBordes,ASM,8192,75616,75616
ColorBordes,ASM,8192,75786,75786
ColorBordes,ASM,8192,75616,75616
ColorBordes,ASM,8192,75718,75718
ColorBordes,ASM,8192,89318,89318
ColorBordes,ASM,8192,75650,75650
ColorBordes,ASM,8192,82382,82382
ColorBordes,ASM,8192,74800,74800
ColorBordes,ASM,8192,74596,74596
ColorBordes,ASM,8192,74766,74766
ColorBordes,ASM,8192,74630,74630
ColorBordes,ASM,8192,75344,75344
ColorBordes,ASM,8192,74970,74970
ColorBordes,ASM,8192,74766,74766
ColorBordes,ASM,8192,74664,74664
ColorBordes,ASM,8192,74766,74766
ColorBordes,ASM,8192,74630,74630
ColorBordes,ASM,8192,114206,114206
ColorBordes,ASM,8192,114444,114444
ColorBordes,ASM,8192,114172,114172
ColorBordes,ASM,8192,75276,75276
ColorBordes,ASM,8192,75140,75140
ColorBordes,ASM,8192,74664,74664
ColorBordes,ASM,8192,75310,75310
ColorBordes,ASM,8192,118456,118456
ColorBordes,ASM,8192,114580,114580
ColorBordes,ASM,8192,114410,114410
ColorBordes,ASM,8192,114444,114444
ColorBordes,ASM,8192,114308,114308
ColorBordes,ASM,8192,114308,114308
ColorBordes,ASM,8192,127194,127194
ColorBordes,ASM,8192,137360,137360
ColorBordes,ASM,8192,114818,114818
ColorBordes,ASM,8192,114682,114682
ColorBordes,ASM,8192,114308,114308
ColorBordes,ASM,8192,114444,114444
ColorBordes,ASM,8192,114172,114172
ColorBordes,ASM,8192,116790,116790
ColorBordes,ASM,8192,114614,114614
ColorBordes,ASM,8192,114172,114172
ColorBordes,ASM,8192,114138,114138
ColorBordes,ASM,8192,114308,114308
ColorBordes,ASM,8192,114308,114308
ColorBordes,ASM,8192,114274,114274
ColorBordes,ASM,8192,77418,77418
ColorBordes,ASM,8192,74868,74868
ColorBordes,ASM,8192,74596,74596
ColorBordes,ASM,8192,74766,74766
ColorBordes,ASM,8192,74562,74562
ColorBordes,ASM,8192,74834,74834
ColorBordes,ASM,8192,74698,74698
ColorBordes,ASM,8192,74800,74800
ColorBordes,ASM,8192,74834,74834
ColorBordes,ASM,8192,74732,74732
ColorBordes,ASM,8192,74698,74698
ColorBordes,ASM,8192,74698,74698
ColorBordes,ASM,8192,74698,74698
ColorBordes,ASM,8192,74732,74732
ColorBordes,ASM,8192,74732,74732
ColorBordes,ASM,8192,74732,74732
ColorBordes,ASM,8192,74698,74698
ColorBordes,ASM,8192,74800,74800
ColorBordes,ASM,8192,74630,74630
ColorBordes,ASM,8192,74800,74800
ColorBordes,ASM,8192,74732,74732
ColorBordes,ASM,8192,74834,74834
ColorBordes,ASM,8192,108222,108222
ColorBordes,ASM,8192,159494,159494
ColorBordes,ASM,8192,114546,114546
ColorBordes,ASM,8192,74732,74732
ColorBordes,ASM,8192,74698,74698
ColorBordes,ASM,8192,74902,74902
ColorBordes,ASM,8192,74596,74596
ColorBordes,ASM,8192,74732,74732
ColorBordes,ASM,8192,74562,74562
ColorBordes,ASM,8192,114138,114138
ColorBordes,ASM,8192,114172,114172
ColorBordes,ASM,8192,75208,75208
ColorBordes,ASM,8192,74766,74766
ColorBordes,ASM,8192,74766,74766
ColorBordes,ASM,32768,302906,302906
ColorBordes,ASM,32768,303042,303042
ColorBordes,ASM,32768,465290,465290
ColorBordes,ASM,32768,302294,302294
ColorBordes,ASM,32768,301478,301478
ColorBordes,ASM,32768,305660,305660
ColorBordes,ASM,32768,305320,305320
ColorBordes,ASM,32768,300118,300118
ColorBordes,ASM,32768,301036,301036
ColorBordes,ASM,32768,458456,458456
ColorBordes,ASM,32768,469200,469200
ColorBordes,ASM,32768,829158,829158
ColorBordes,ASM,32768,298826,298826
ColorBordes,ASM,32768,298860,298860
ColorBordes,ASM,32768,598740,598740
ColorBordes,ASM,32768,298214,298214
ColorBordes,ASM,32768,298350,298350
ColorBordes,ASM,32768,297738,297738
ColorBordes,ASM,32768,304164,304164
ColorBordes,ASM,32768,467398,467398
ColorBordes,ASM,32768,467670,467670
ColorBordes,ASM,32768,303824,303824
ColorBordes,ASM,32768,304062,304062
ColorBordes,ASM,32768,304028,304028
ColorBordes,ASM,32768,303756,303756
ColorBordes,ASM,32768,344454,344454
ColorBordes,ASM,32768,302192,302192
ColorBordes,ASM,32768,311814,311814
ColorBordes,ASM,32768,303144,303144
ColorBordes,ASM,32768,304130,304130
ColorBordes,ASM,32768,303858,303858
ColorBordes,ASM,32768,304402,304402
ColorBordes,ASM,32768,777240,777240
ColorBordes,ASM,32768,305490,305490
ColorBordes,ASM,32768,303552,303552
ColorBordes,ASM,32768,304776,304776
ColorBordes,ASM,32768,303722,303722
ColorBordes,ASM,32768,303586,303586
ColorBordes,ASM,32768,591260,591260
ColorBordes,ASM,32768,303688,303688
ColorBordes,ASM,32768,304164,304164
ColorBordes,ASM,32768,303382,303382
ColorBordes,ASM,32768,297806,297806
ColorBordes,ASM,32768,303382,303382
ColorBordes,ASM,32768,305490,305490
ColorBordes,ASM,32768,304572,304572
ColorBordes,ASM,32768,314942,314942
ColorBordes,ASM,32768,304368,304368
ColorBordes,ASM,32768,304878,304878
ColorBordes,ASM,32768,523770,523770
ColorBordes,ASM,32768,303212,303212
ColorBordes,ASM,32768,553486,553486
ColorBordes,ASM,32768,303722,303722
ColorBordes,ASM,32768,304198,304198
ColorBordes,ASM,32768,305558,305558
ColorBordes,ASM,32768,304470,304470
ColorBordes,ASM,32768,575688,575688
ColorBordes,ASM,32768,304096,304096
ColorBordes,ASM,32768,675886,675886
ColorBordes,ASM,32768,304708,304708
ColorBordes,ASM,32768,306272,306272
ColorBordes,ASM,32768,303722,303722
ColorBordes,ASM,32768,304028,304028
ColorBordes,ASM,32768,359720,359720
ColorBordes,ASM,32768,303994,303994
ColorBordes,ASM,32768,303246,303246
ColorBordes,ASM,32768,558892,558892
ColorBordes,ASM,32768,304878,304878
ColorBordes,ASM,32768,303994,303994
ColorBordes,ASM,32768,602208,602208
ColorBordes,ASM,32768,305014,305014
ColorBordes,ASM,32768,483616,483616
ColorBordes,ASM,32768,305184,305184
ColorBordes,ASM,32768,301580,301580
ColorBordes,ASM,32768,392360,392360
ColorBordes,ASM,32768,469880,469880
ColorBordes,ASM,32768,491572,491572
ColorBordes,ASM,32768,466616,466616
ColorBordes,ASM,32768,634712,634712
ColorBordes,ASM,32768,631516,631516
ColorBordes,ASM,32768,466514,466514
ColorBordes,ASM,32768,465528,465528
ColorBordes,ASM,32768,303178,303178
ColorBordes,ASM,32768,302362,302362
ColorBordes,ASM,32768,465732,465732
ColorBordes,ASM,32768,641138,641138
ColorBordes,ASM,32768,465868,465868
ColorBordes,ASM,32768,302396,302396
ColorBordes,ASM,32768,646748,646748
ColorBordes,ASM,32768,471682,471682
ColorBordes,ASM,32768,303008,303008
ColorBordes,ASM,32768,303178,303178
ColorBordes,ASM,32768,464848,464848
ColorBordes,ASM,32768,688364,688364
ColorBordes,ASM,32768,464270,464270
ColorBordes,ASM,32768,477734,477734
ColorBordes,ASM,32768,301784,301784
ColorBordes,ASM,32768,668780,668780
ColorBordes,ASM,32768,505512,505512
ColorBordes,ASM,32768,471036,471036
ColorBordes,ASM,32768,467670,467670
ColorBordes,ASM,32768,465086,465086
ColorBordes,ASM,32768,465664,465664
ColorBordes,ASM,32768,465766,465766
ColorBordes,ASM,32768,465868,465868
ColorBordes,ASM,32768,652256,652256
ColorBordes,ASM,32768,744464,744464
ColorBordes,ASM,32768,659736,659736
ColorBordes,ASM,32768,465834,465834
ColorBordes,ASM,32768,497896,497896
ColorBordes,ASM,32768,302158,302158
ColorBordes,ASM,32768,465732,465732
ColorBordes,ASM,32768,542164,542164
ColorBordes,ASM,32768,659736,659736
ColorBordes,ASM,32768,542232,542232
ColorBordes,ASM,32768,529244,529244
ColorBordes,ASM,32768,640322,640322
ColorBordes,ASM,32768,637398,637398
ColorBordes,ASM,32768,468690,468690
ColorBordes,ASM,32768,563924,563924
ColorBordes,ASM,32768,466004,466004
ColorBordes,ASM,32768,465222,465222
ColorBordes,ASM,32768,465834,465834
ColorBordes,ASM,32768,462128,462128
ColorBordes,ASM,32768,464712,464712
ColorBordes,ASM,32768,461720,461720
ColorBordes,ASM,32768,302600,302600
ColorBordes,ASM,32768,492388,492388
ColorBordes,ASM,32768,492456,492456
ColorBordes,ASM,32768,584902,584902
ColorBordes,ASM,32768,465562,465562
ColorBordes,ASM,32768,490620,490620
ColorBordes,ASM,32768,306578,306578
ColorBordes,ASM,32768,301240,301240
ColorBordes,ASM,32768,465018,465018
ColorBordes,ASM,32768,377842,377842
ColorBordes,ASM,32768,320756,320756
ColorBordes,ASM,32768,465460,465460
ColorBordes,ASM,32768,302396,302396
ColorBordes,ASM,32768,466242,466242
ColorBordes,ASM,32768,465698,465698
ColorBordes,ASM,32768,465018,465018
ColorBordes,ASM,32768,464644,464644
ColorBordes,ASM,32768,302906,302906
ColorBordes,ASM,32768,465392,465392
ColorBordes,ASM,32768,464746,464746
ColorBordes,ASM,32768,599046,599046
ColorBordes,ASM,32768,484058,484058
ColorBordes,ASM,32768,588370,588370
ColorBordes,ASM,32768,677042,677042
ColorBordes,ASM,32768,302600,302600
ColorBordes,ASM,32768,501024,501024
ColorBordes,ASM,32768,482188,482188
ColorBordes,ASM,32768,461482,461482
ColorBordes,ASM,32768,302192,302192
ColorBordes,ASM,32768,425918,425918
ColorBordes,ASM,32768,301784,301784
ColorBordes,ASM,32768,464746,464746
ColorBordes,ASM,32768,302226,302226
ColorBordes,ASM,32768,302022,302022
ColorBordes,ASM,32768,302430,302430
ColorBordes,ASM,32768,465018,465018
ColorBordes,ASM,32768,552466,552466
ColorBordes,ASM,32768,491538,491538
ColorBordes,ASM,32768,466854,466854
ColorBordes,ASM,32768,464780,464780
ColorBordes,ASM,32768,302668,302668
ColorBordes,ASM,32768,465120,465120
ColorBordes,ASM,32768,465630,465630
ColorBordes,ASM,32768,511122,511122
ColorBordes,ASM,32768,302090,302090
ColorBordes,ASM,32768,477190,477190
ColorBordes,ASM,32768,466480,466480
ColorBordes,ASM,32768,464712,464712
ColorBordes,ASM,32768,465426,465426
ColorBordes,ASM,32768,301954,301954
ColorBordes,ASM,32768,526014,526014
ColorBordes,ASM,32768,303280,303280
ColorBordes,ASM,32768,302362,302362
ColorBordes,ASM,32768,461278,461278
ColorBordes,ASM,32768,822902,822902
ColorBordes,ASM,32768,492558,492558
ColorBordes,ASM,32768,461686,461686
ColorBordes,ASM,32768,464882,464882
ColorBordes,ASM,32768,461686,461686
ColorBordes,ASM,32768,342414,342414
ColorBordes,ASM,32768,486608,486608
ColorBordes,ASM,32768,465290,465290
ColorBordes,ASM,32768,302498,302498
ColorBordes,ASM,32768,302396,302396
ColorBordes,ASM,32768,465290,465290
ColorBordes,ASM,32768,325822,325822
ColorBordes,ASM,32768,301954,301954
ColorBordes,ASM,32768,466038,466038
ColorBordes,ASM,32768,465936,465936
ColorBordes,ASM,32768,483548,483548
ColorBordes,ASM,32768,635868,635868
ColorBordes,ASM,32768,464134,464134
ColorBordes,ASM,32768,467772,467772
ColorBordes,ASM,32768,464848,464848
ColorBordes,ASM,32768,597856,597856
ColorBordes,ASM,32768,465222,465222
ColorBordes,ASM,32768,626280,626280
ColorBordes,ASM,32768,523124,523124
ColorBordes,ASM,32768,466072,466072
ColorBordes,ASM,32768,465222,465222
ColorBordes,ASM,32768,372232,372232
ColorBordes,ASM,32768,301036,301036
ColorBordes,ASM,32768,301444,301444
ColorBordes,ASM,32768,301172,301172
ColorBordes,ASM,32768,301614,301614
ColorBordes,ASM,32768,301682,301682
ColorBordes,ASM,32768,301716,301716
ColorBordes,ASM,32768,301342,301342
ColorBordes,ASM,32768,301342,301342
ColorBordes,ASM,32768,301648,301648
ColorBordes,ASM,32768,301444,301444
ColorBordes,ASM,32768,302124,302124
ColorBordes,ASM,32768,520778,520778
ColorBordes,ASM,32768,302430,302430
ColorBordes,ASM,32768,298282,298282
ColorBordes,ASM,32768,316030,316030
ColorBordes,ASM,32768,299676,299676
ColorBordes,ASM,32768,327862,327862
ColorBordes,ASM,32768,309502,309502
ColorBordes,ASM,32768,298860,298860
ColorBordes,ASM,32768,298214,298214
ColorBordes,ASM,32768,297194,297194
ColorBordes,ASM,32768,524314,524314
ColorBordes,ASM,32768,298384,298384
ColorBordes,ASM,32768,305932,305932
ColorBordes,ASM,32768,306000,306000
ColorBordes,ASM,32768,475966,475966
ColorBordes,ASM,32768,298146,298146
ColorBordes,ASM,32768,459306,459306
ColorBordes,ASM,32768,297874,297874
ColorBordes,ASM,32768,299132,299132
ColorBordes,ASM,32768,299064,299064
ColorBordes,ASM,32768,317254,317254
ColorBordes,ASM,32768,297534,297534
ColorBordes,ASM,32768,460428,460428
ColorBordes,ASM,32768,297670,297670
ColorBordes,ASM,32768,299574,299574
ColorBordes,ASM,32768,306544,306544
ColorBordes,ASM,32768,690200,690200
ColorBordes,ASM,32768,459986,459986
ColorBordes,ASM,32768,306034,306034
ColorBordes,ASM,32768,306272,306272
ColorBordes,ASM,32768,539342,539342
ColorBordes,ASM,32768,298112,298112
ColorBordes,ASM,32768,297500,297500
ColorBordes,ASM,32768,459238,459238
ColorBordes,ASM,32768,297704,297704
ColorBordes,ASM,32768,297738,297738
ColorBordes,ASM,32768,297602,297602
ColorBordes,ASM,32768,298078,298078
ColorBordes,ASM,32768,297500,297500
ColorBordes,ASM,32768,477258,477258
ColorBordes,ASM,32768,297738,297738
ColorBordes,ASM,32768,297976,297976
ColorBordes,ASM,32768,299540,299540
ColorBordes,ASM,32768,323476,323476
ColorBordes,ASM,32768,298214,298214
ColorBordes,ASM,32768,459578,459578
ColorBordes,ASM,32768,299064,299064
ColorBordes,ASM,32768,299336,299336
ColorBordes,ASM,32768,297330,297330
ColorBordes,ASM,32768,297466,297466
ColorBordes,ASM,32768,297704,297704
ColorBordes,ASM,32768,298078,298078
ColorBordes,ASM,32768,372878,372878
ColorBordes,ASM,32768,298486,298486
ColorBordes,ASM,32768,317492,317492
ColorBordes,ASM,32768,297602,297602
ColorBordes,ASM,32768,480896,480896
ColorBordes,ASM,32768,321606,321606
ColorBordes,ASM,32768,298486,298486
ColorBordes,ASM,32768,297636,297636
ColorBordes,ASM,32768,307938,307938
ColorBordes,ASM,32768,297194,297194
ColorBordes,ASM,32768,460870,460870
ColorBordes,ASM,32768,297738,297738
ColorBordes,ASM,32768,297364,297364
ColorBordes,ASM,32768,297534,297534
ColorBordes,ASM,32768,297398,297398
ColorBordes,ASM,32768,297806,297806
ColorBordes,ASM,32768,496332,496332
ColorBordes,ASM,32768,298996,298996
ColorBordes,ASM,32768,297602,297602
ColorBordes,ASM,32768,299540,299540
ColorBordes,ASM,32768,487594,487594
ColorBordes,ASM,32768,478856,478856
ColorBordes,ASM,32768,494530,494530
ColorBordes,ASM,32768,299914,299914
ColorBordes,ASM,32768,298180,298180
ColorBordes,ASM,32768,317050,317050
ColorBordes,ASM,32768,297568,297568
ColorBordes,ASM,32768,460326,460326
ColorBordes,ASM,32768,297432,297432
ColorBordes,ASM,32768,460428,460428
ColorBordes,ASM,120000,1736924,1736924
ColorBordes,ASM,120000,1724480,1724480
ColorBordes,ASM,120000,1726146,1726146
ColorBordes,ASM,120000,1725296,1725296
ColorBordes,ASM,120000,1763716,1763716
ColorBordes,ASM,120000,1788298,1788298
ColorBordes,ASM,120000,1733116,1733116
ColorBordes,ASM,120000,2361062,2361062
ColorBordes,ASM,120000,1746002,1746002
ColorBordes,ASM,120000,1862146,1862146
ColorBordes,ASM,120000,2589270,2589270
ColorBordes,ASM,120000,1713226,1713226
ColorBordes,ASM,120000,1706868,1706868
ColorBordes,ASM,120000,1592016,1592016
ColorBordes,ASM,120000,1778098,1778098
ColorBordes,ASM,120000,1743826,1743826
ColorBordes,ASM,120000,1696566,1696566
ColorBordes,ASM,120000,2591106,2591106
ColorBordes,ASM,120000,1712410,1712410
ColorBordes,ASM,120000,1089870,1089870
ColorBordes,ASM,120000,1134818,1134818
ColorBordes,ASM,120000,1092658,1092658
ColorBordes,ASM,120000,2375954,2375954
ColorBordes,ASM,120000,2290308,2290308
ColorBordes,ASM,120000,1106428,1106428
ColorBordes,ASM,120000,1103130,1103130
ColorBordes,ASM,120000,2250664,2250664
ColorBordes,ASM,120000,1156136,1156136
ColorBordes,ASM,120000,1659132,1659132
ColorBordes,ASM,120000,1106360,1106360
ColorBordes,ASM,120000,1110066,1110066
ColorBordes,ASM,120000,2242606,2242606
ColorBordes,ASM,120000,1163378,1163378
ColorBordes,ASM,120000,1105374,1105374
ColorBordes,ASM,120000,1126080,1126080
ColorBordes,ASM,120000,1739950,1739950
ColorBordes,ASM,120000,3773864,3773864
ColorBordes,ASM,120000,1106292,1106292
ColorBordes,ASM,120000,1146378,1146378
ColorBordes,ASM,120000,1724820,1724820
ColorBordes,ASM,120000,1124754,1124754
ColorBordes,ASM,120000,2329034,2329034
ColorBordes,ASM,120000,1466726,1466726
ColorBordes,ASM,120000,1106802,1106802
ColorBordes,ASM,120000,1124890,1124890
ColorBordes,ASM,120000,2306866,2306866
ColorBordes,ASM,120000,1116424,1116424
ColorBordes,ASM,120000,1884008,1884008
ColorBordes,ASM,120000,1107380,1107380
ColorBordes,ASM,120000,1134750,1134750
ColorBordes,ASM,120000,4737492,4737492
ColorBordes,ASM,120000,1104354,1104354
ColorBordes,ASM,120000,1790712,1790712
ColorBordes,ASM,120000,1420656,1420656
ColorBordes,ASM,120000,1114486,1114486
ColorBordes,ASM,120000,4839696,4839696
ColorBordes,ASM,120000,1142400,1142400
ColorBordes,ASM,120000,1106122,1106122
ColorBordes,ASM,120000,1378632,1378632
ColorBordes,ASM,120000,1215568,1215568
ColorBordes,ASM,120000,1109930,1109930
ColorBordes,ASM,120000,1349868,1349868
ColorBordes,ASM,120000,1107992,1107992
ColorBordes,ASM,120000,1105612,1105612
ColorBordes,ASM,120000,1619012,1619012
ColorBordes,ASM,120000,1145256,1145256
ColorBordes,ASM,120000,1106394,1106394
ColorBordes,ASM,120000,1376626,1376626
ColorBordes,ASM,120000,1151308,1151308
ColorBordes,ASM,120000,1128392,1128392
ColorBordes,ASM,120000,1892576,1892576
ColorBordes,ASM,120000,1384820,1384820
ColorBordes,ASM,120000,1782144,1782144
ColorBordes,ASM,120000,1130432,1130432
ColorBordes,ASM,120000,1106054,1106054
ColorBordes,ASM,120000,1769632,1769632
ColorBordes,ASM,120000,1167050,1167050
ColorBordes,ASM,120000,1122714,1122714
ColorBordes,ASM,120000,1106292,1106292
ColorBordes,ASM,120000,1681674,1681674
ColorBordes,ASM,120000,1106326,1106326
ColorBordes,ASM,120000,1124108,1124108
ColorBordes,ASM,120000,1711118,1711118
ColorBordes,ASM,120000,1113704,1113704
ColorBordes,ASM,120000,1093882,1093882
ColorBordes,ASM,120000,1158380,1158380
ColorBordes,ASM,120000,1692520,1692520
ColorBordes,ASM,120000,1114282,1114282
ColorBordes,ASM,120000,1091366,1091366
ColorBordes,ASM,120000,1108230,1108230
ColorBordes,ASM,120000,1703706,1703706
ColorBordes,ASM,120000,1882478,1882478
ColorBordes,ASM,120000,1140462,1140462
ColorBordes,ASM,120000,1363060,1363060
ColorBordes,ASM,120000,1092012,1092012
ColorBordes,ASM,120000,1333310,1333310
ColorBordes,ASM,120000,1693132,1693132
ColorBordes,ASM,120000,1115404,1115404
ColorBordes,ASM,120000,1690956,1690956
ColorBordes,ASM,120000,1116458,1116458
ColorBordes,ASM,120000,1591574,1591574
ColorBordes,ASM,120000,1115880,1115880
ColorBordes,ASM,120000,1092148,1092148
ColorBordes,ASM,120000,1089292,1089292
ColorBordes,ASM,120000,1091978,1091978
ColorBordes,ASM,120000,1740664,1740664
ColorBordes,ASM,120000,1093066,1093066
ColorBordes,ASM,120000,1690514,1690514
ColorBordes,ASM,120000,1916070,1916070
ColorBordes,ASM,120000,1720944,1720944
ColorBordes,ASM,120000,1709758,1709758
ColorBordes,ASM,120000,1114826,1114826
ColorBordes,ASM,120000,1469106,1469106
ColorBordes,ASM,120000,1115438,1115438
ColorBordes,ASM,120000,1094086,1094086
ColorBordes,ASM,120000,1091706,1091706
ColorBordes,ASM,120000,1093576,1093576
ColorBordes,ASM,120000,1778132,1778132
ColorBordes,ASM,120000,1091842,1091842
ColorBordes,ASM,120000,1791494,1791494
ColorBordes,ASM,120000,1705338,1705338
ColorBordes,ASM,120000,1588718,1588718
ColorBordes,ASM,120000,1799586,1799586
ColorBordes,ASM,120000,1698674,1698674
ColorBordes,ASM,120000,1789556,1789556
ColorBordes,ASM,120000,1718156,1718156
ColorBordes,ASM,120000,1106224,1106224
ColorBordes,ASM,120000,1857114,1857114
ColorBordes,ASM,120000,1107414,1107414
ColorBordes,ASM,120000,1505010,1505010
ColorBordes,ASM,120000,1105850,1105850
ColorBordes,ASM,120000,1124210,1124210
ColorBordes,ASM,120000,1106122,1106122
ColorBordes,ASM,120000,1103436,1103436
ColorBordes,ASM,120000,1105204,1105204
ColorBordes,ASM,120000,1747362,1747362
ColorBordes,ASM,120000,1695716,1695716
ColorBordes,ASM,120000,1124516,1124516
ColorBordes,ASM,120000,1114860,1114860
ColorBordes,ASM,120000,1160148,1160148
ColorBordes,ASM,120000,1108026,1108026
ColorBordes,ASM,120000,1104490,1104490
ColorBordes,ASM,120000,1130126,1130126
ColorBordes,ASM,120000,1104830,1104830
ColorBordes,ASM,120000,1125060,1125060
ColorBordes,ASM,120000,1713328,1713328
ColorBordes,ASM,120000,1132914,1132914
ColorBordes,ASM,120000,1103742,1103742
ColorBordes,ASM,120000,1125638,1125638
ColorBordes,ASM,120000,1751986,1751986
ColorBordes,ASM,120000,1113806,1113806
ColorBordes,ASM,120000,1716218,1716218
ColorBordes,ASM,120000,2296054,2296054
ColorBordes,ASM,120000,2354704,2354704
ColorBordes,ASM,120000,2266338,2266338
ColorBordes,ASM,120000,2273920,2273920
ColorBordes,ASM,120000,1235696,1235696
ColorBordes,ASM,120000,1105782,1105782
ColorBordes,ASM,120000,2287010,2287010
ColorBordes,ASM,120000,2460546,2460546
ColorBordes,ASM,120000,2278714,2278714
ColorBordes,ASM,120000,2172838,2172838
ColorBordes,ASM,120000,1206830,1206830
ColorBordes,ASM,120000,2297754,2297754
ColorBordes,ASM,120000,2269806,2269806
ColorBordes,ASM,120000,2462688,2462688
ColorBordes,ASM,120000,1939156,1939156
ColorBordes,ASM,120000,1106938,1106938
ColorBordes,ASM,120000,1723970,1723970
ColorBordes,ASM,120000,2293470,2293470
ColorBordes,ASM,120000,2284188,2284188
ColorBordes,ASM,120000,2257974,2257974
ColorBordes,ASM,120000,1832090,1832090
ColorBordes,ASM,120000,1912500,1912500
ColorBordes,ASM,120000,1735598,1735598
ColorBordes,ASM,120000,1746750,1746750
ColorBordes,ASM,120000,2282794,2282794
ColorBordes,ASM,120000,1616428,1616428
ColorBordes,ASM,120000,2230162,2230162
ColorBordes,ASM,120000,2323594,2323594
ColorBordes,ASM,120000,2542724,2542724
ColorBordes,ASM,120000,1653658,1653658
ColorBordes,ASM,120000,1719992,1719992
ColorBordes,ASM,120000,1129956,1129956
ColorBordes,ASM,120000,1722542,1722542
ColorBordes,ASM,120000,1645362,1645362
ColorBordes,ASM,120000,1750354,1750354
ColorBordes,ASM,120000,1717646,1717646
ColorBordes,ASM,120000,1728424,1728424
ColorBordes,ASM,120000,1090244,1090244
ColorBordes,ASM,120000,2042210,2042210
ColorBordes,ASM,120000,1412224,1412224
ColorBordes,ASM,120000,1120470,1120470
ColorBordes,ASM,120000,1318350,1318350
ColorBordes,ASM,120000,1697280,1697280
ColorBordes,ASM,120000,1733558,1733558
ColorBordes,ASM,120000,1717816,1717816
ColorBordes,ASM,120000,1307436,1307436
ColorBordes,ASM,120000,1867144,1867144
ColorBordes,ASM,120000,1105136,1105136
ColorBordes,ASM,120000,1109318,1109318
ColorBordes,ASM,120000,2206872,2206872
ColorBordes,ASM,120000,1770448,1770448
ColorBordes,ASM,120000,1748144,1748144
ColorBordes,ASM,120000,1872550,1872550
ColorBordes,ASM,120000,2175864,2175864
ColorBordes,ASM,120000,2642480,2642480
ColorBordes,ASM,120000,1729036,1729036
ColorBordes,ASM,120000,1808358,1808358
ColorBordes,ASM,120000,1130466,1130466
ColorBordes,ASM,120000,1662804,1662804
ColorBordes,ASM,120000,2116296,2116296
ColorBordes,ASM,120000,2196468,2196468
ColorBordes,ASM,120000,2187424,2187424
ColorBordes,ASM,120000,2134690,2134690
ColorBordes,ASM,120000,2149038,2149038
ColorBordes,ASM,120000,1737128,1737128
ColorBordes,ASM,120000,1739100,1739100
ColorBordes,ASM,120000,1154810,1154810
ColorBordes,ASM,120000,2090184,2090184
ColorBordes,ASM,120000,2154206,2154206
ColorBordes,ASM,120000,2223532,2223532
ColorBordes,ASM,120000,2153288,2153288
ColorBordes,ASM,120000,2217548,2217548
ColorBordes,ASM,120000,1782688,1782688
ColorBordes,ASM,120000,2154410,2154410
ColorBordes,ASM,120000,2135812,2135812
ColorBordes,ASM,120000,2176442,2176442
ColorBordes,ASM,120000,2115208,2115208
ColorBordes,ASM,120000,2253282,2253282
ColorBordes,ASM,120000,2246108,2246108
ColorBordes,ASM,120000,2168622,2168622
ColorBordes,ASM,120000,1896010,1896010
ColorBordes,ASM,120000,2141320,2141320
ColorBordes,ASM,120000,2245326,2245326
ColorBordes,ASM,120000,2241892,2241892
ColorBordes,ASM,120000,1774426,1774426
ColorBordes,ASM,120000,1717340,1717340
ColorBordes,ASM,120000,2091646,2091646
ColorBordes,ASM,120000,1777452,1777452
ColorBordes,ASM,120000,1707038,1707038
ColorBordes,ASM,120000,1133424,1133424
ColorBordes,ASM,120000,1106122,1106122
ColorBordes,ASM,120000,1138932,1138932
ColorBordes,ASM,120000,1768918,1768918
ColorBordes,ASM,120000,1729036,1729036
ColorBordes,ASM,120000,1622208,1622208
ColorBordes,ASM,120000,2207518,2207518
ColorBordes,ASM,120000,1758956,1758956
ColorBordes,ASM,120000,2142102,2142102
ColorBordes,ASM,120000,1474954,1474954
ColorBordes,ASM,120000,1104014,1104014
ColorBordes,ASM,120000,2122722,2122722
ColorBordes,ASM,120000,2431374,2431374
ColorBordes,ASM,120000,1901620,1901620
ColorBordes,ASM,120000,2152506,2152506
ColorBordes,ASM,120000,2693004,2693004
ColorBordes,ASM,120000,3017160,3017160
ColorBordes,ASM,120000,2516884,2516884
ColorBordes,ASM,120000,1140462,1140462
ColorBordes,ASM,120000,1761982,1761982
ColorBordes,ASM,120000,1724310,1724310
ColorBordes,ASM,120000,1763342,1763342
ColorBordes,ASM,120000,1740018,1740018
ColorBordes,ASM,120000,1719550,1719550
ColorBordes,ASM,120000,1091366,1091366
ColorBordes,ASM,120000,1850824,1850824
ColorBordes,ASM,120000,1148622,1148622
ColorBordes,ASM,120000,1167016,1167016
ColorBordes,ASM,120000,1725194,1725194
ColorBordes,ASM,120000,2138226,2138226
ColorBordes,ASM,120000,1738862,1738862
ColorBordes,ASM,120000,1123904,1123904
ColorBordes,ASM,120000,1110644,1110644
ColorBordes,ASM,120000,1857896,1857896
ColorBordes,ASM,120000,1107516,1107516
ColorBordes,ASM,120000,1859800,1859800
ColorBordes,ASM,120000,1712376,1712376
ColorBordes,ASM,120000,1137572,1137572
ColorBordes,ASM,120000,1924332,1924332
ColorBordes,ASM,120000,2237540,2237540
ColorBordes,ASM,120000,2245904,2245904
ColorBordes,ASM,120000,1759670,1759670
ColorBordes,ASM,120000,1486140,1486140
ColorBordes,ASM,120000,1763988,1763988
ColorBordes,ASM,120000,1172626,1172626
ColorBordes,ASM,120000,1136008,1136008
ColorBordes,ASM,120000,1112208,1112208
ColorBordes,ASM,120000,1739100,1739100
ColorBordes,ASM,120000,1518712,1518712
ColorBordes,ASM,120000,1106122,1106122
ColorBordes,ASM,120000,1133254,1133254
ColorBordes,ASM,120000,1113670,1113670
ColorBordes,ASM,120000,1402942,1402942
ColorBordes,ASM,120000,1537888,1537888
ColorBordes,ASM,120000,2019770,2019770
ColorBordes,ASM,120000,1114758,1114758
ColorBordes,ASM,120000,1555704,1555704
ColorBordes,ASM,120000,1105646,1105646
ColorBordes,ASM,120000,1125570,1125570
ColorBordes,ASM,131072,2022660,2022660
ColorBordes,ASM,131072,2034424,2034424
ColorBordes,ASM,131072,1925896,1925896
ColorBordes,ASM,131072,2223260,2223260
ColorBordes,ASM,131072,1872720,1872720
ColorBordes,ASM,131072,1872244,1872244
ColorBordes,ASM,131072,1463564,1463564
ColorBordes,ASM,131072,2537828,2537828
ColorBordes,ASM,131072,1227162,1227162
ColorBordes,ASM,131072,1207782,1207782
ColorBordes,ASM,131072,1212508,1212508
ColorBordes,ASM,131072,5223216,5223216
ColorBordes,ASM,131072,1209380,1209380
ColorBordes,ASM,131072,1211862,1211862
ColorBordes,ASM,131072,1903286,1903286
ColorBordes,ASM,131072,1210944,1210944
ColorBordes,ASM,131072,1920252,1920252
ColorBordes,ASM,131072,1624078,1624078
ColorBordes,ASM,131072,1208938,1208938
ColorBordes,ASM,131072,1218084,1218084
ColorBordes,ASM,131072,1210094,1210094
ColorBordes,ASM,131072,1206490,1206490
ColorBordes,ASM,131072,2214522,2214522
ColorBordes,ASM,131072,1209108,1209108
ColorBordes,ASM,131072,1211930,1211930
ColorBordes,ASM,131072,1350344,1350344
ColorBordes,ASM,131072,2048874,2048874
ColorBordes,ASM,131072,2197216,2197216
ColorBordes,ASM,131072,1906754,1906754
ColorBordes,ASM,131072,2025720,2025720
ColorBordes,ASM,131072,1957448,1957448
ColorBordes,ASM,131072,2045406,2045406
ColorBordes,ASM,131072,1882240,1882240
ColorBordes,ASM,131072,1873740,1873740
ColorBordes,ASM,131072,1883940,1883940
ColorBordes,ASM,131072,1903626,1903626
ColorBordes,ASM,131072,1946398,1946398
ColorBordes,ASM,131072,1873536,1873536
ColorBordes,ASM,131072,1212338,1212338
ColorBordes,ASM,131072,1660220,1660220
ColorBordes,ASM,131072,1225768,1225768
ColorBordes,ASM,131072,1894548,1894548
ColorBordes,ASM,131072,1192482,1192482
ColorBordes,ASM,131072,1867722,1867722
ColorBordes,ASM,131072,1863098,1863098
ColorBordes,ASM,131072,1192992,1192992
ColorBordes,ASM,131072,1864152,1864152
ColorBordes,ASM,131072,1871054,1871054
ColorBordes,ASM,131072,1698028,1698028
ColorBordes,ASM,131072,1239062,1239062
ColorBordes,ASM,131072,1549278,1549278
ColorBordes,ASM,131072,1910154,1910154
ColorBordes,ASM,131072,1301214,1301214
ColorBordes,ASM,131072,1849226,1849226
ColorBordes,ASM,131072,1721114,1721114
ColorBordes,ASM,131072,1896384,1896384
ColorBordes,ASM,131072,2079168,2079168
ColorBordes,ASM,131072,1249228,1249228
ColorBordes,ASM,131072,1858168,1858168
ColorBordes,ASM,131072,1892848,1892848
ColorBordes,ASM,131072,1641826,1641826
ColorBordes,ASM,131072,1961528,1961528
ColorBordes,ASM,131072,1865070,1865070
ColorBordes,ASM,131072,1853612,1853612
ColorBordes,ASM,131072,1288090,1288090
ColorBordes,ASM,131072,1890298,1890298
ColorBordes,ASM,131072,1211488,1211488
ColorBordes,ASM,131072,1869830,1869830
ColorBordes,ASM,131072,1823964,1823964
ColorBordes,ASM,131072,1903184,1903184
ColorBordes,ASM,131072,1891454,1891454
ColorBordes,ASM,131072,1208870,1208870
ColorBordes,ASM,131072,1947452,1947452
ColorBordes,ASM,131072,1940550,1940550
ColorBordes,ASM,131072,1208564,1208564
ColorBordes,ASM,131072,1873162,1873162
ColorBordes,ASM,131072,1716932,1716932
ColorBordes,ASM,131072,1209550,1209550
ColorBordes,ASM,131072,1873468,1873468
ColorBordes,ASM,131072,1209686,1209686
ColorBordes,ASM,131072,1194420,1194420
ColorBordes,ASM,131072,1858678,1858678
ColorBordes,ASM,131072,1210264,1210264
ColorBordes,ASM,131072,1857454,1857454
ColorBordes,ASM,131072,1318214,1318214
ColorBordes,ASM,131072,1879860,1879860
ColorBordes,ASM,131072,1211590,1211590
ColorBordes,ASM,131072,1873094,1873094
ColorBordes,ASM,131072,2279258,2279258
ColorBordes,ASM,131072,1209414,1209414
ColorBordes,ASM,131072,2075190,2075190
ColorBordes,ASM,131072,1871020,1871020
ColorBordes,ASM,131072,1597048,1597048
ColorBordes,ASM,131072,1618434,1618434
ColorBordes,ASM,131072,2206532,2206532
ColorBordes,ASM,131072,1431298,1431298
ColorBordes,ASM,131072,2076108,2076108
ColorBordes,ASM,131072,2208436,2208436
ColorBordes,ASM,131072,1904850,1904850
ColorBordes,ASM,131072,1777656,1777656
ColorBordes,ASM,131072,1873706,1873706
ColorBordes,ASM,131072,1888292,1888292
ColorBordes,ASM,131072,1881356,1881356
ColorBordes,ASM,131072,1313964,1313964
ColorBordes,ASM,131072,1209380,1209380
ColorBordes,ASM,131072,1847866,1847866
ColorBordes,ASM,131072,1216656,1216656
ColorBordes,ASM,131072,1867790,1867790
ColorBordes,ASM,131072,1192278,1192278
ColorBordes,ASM,131072,1901892,1901892
ColorBordes,ASM,131072,1910018,1910018
ColorBordes,ASM,131072,2016064,2016064
ColorBordes,ASM,131072,1806454,1806454
ColorBordes,ASM,131072,1857012,1857012
ColorBordes,ASM,131072,1209040,1209040
ColorBordes,ASM,131072,1871768,1871768
ColorBordes,ASM,131072,1899988,1899988
ColorBordes,ASM,131072,1324640,1324640
ColorBordes,ASM,131072,1899716,1899716
ColorBordes,ASM,131072,1856502,1856502
ColorBordes,ASM,131072,2440996,2440996
ColorBordes,ASM,131072,1925488,1925488
ColorBordes,ASM,131072,1873808,1873808
ColorBordes,ASM,131072,1208530,1208530
ColorBordes,ASM,131072,1230596,1230596
ColorBordes,ASM,131072,2500292,2500292
ColorBordes,ASM,131072,1197480,1197480
ColorBordes,ASM,131072,1206354,1206354
ColorBordes,ASM,131072,1419942,1419942
ColorBordes,ASM,131072,1870340,1870340
ColorBordes,ASM,131072,1905224,1905224
ColorBordes,ASM,131072,2055640,2055640
ColorBordes,ASM,131072,1228658,1228658
ColorBordes,ASM,131072,1311006,1311006
ColorBordes,ASM,131072,1884722,1884722
ColorBordes,ASM,131072,2495906,2495906
ColorBordes,ASM,131072,1504840,1504840
ColorBordes,ASM,131072,1900328,1900328
ColorBordes,ASM,131072,1569066,1569066
ColorBordes,ASM,131072,1214140,1214140
ColorBordes,ASM,131072,1882104,1882104
ColorBordes,ASM,131072,1636148,1636148
ColorBordes,ASM,131072,1814648,1814648
ColorBordes,ASM,131072,1208564,1208564
ColorBordes,ASM,131072,1884314,1884314
ColorBordes,ASM,131072,2332978,2332978
ColorBordes,ASM,131072,1210332,1210332
ColorBordes,ASM,131072,1208360,1208360
ColorBordes,ASM,131072,1886762,1886762
ColorBordes,ASM,131072,1210944,1210944
ColorBordes,ASM,131072,1909542,1909542
ColorBordes,ASM,131072,1241748,1241748
ColorBordes,ASM,131072,1230052,1230052
ColorBordes,ASM,131072,1897880,1897880
ColorBordes,ASM,131072,1216894,1216894
ColorBordes,ASM,131072,1255314,1255314
ColorBordes,ASM,131072,1192380,1192380
ColorBordes,ASM,131072,1192516,1192516
ColorBordes,ASM,131072,1848886,1848886
ColorBordes,ASM,131072,2352256,2352256
ColorBordes,ASM,131072,1193026,1193026
ColorBordes,ASM,131072,1226108,1226108
ColorBordes,ASM,131072,1849634,1849634
ColorBordes,ASM,131072,1746886,1746886
ColorBordes,ASM,131072,2320398,2320398
ColorBordes,ASM,131072,1872006,1872006
ColorBordes,ASM,131072,1208190,1208190
ColorBordes,ASM,131072,1870714,1870714
ColorBordes,ASM,131072,1212984,1212984
ColorBordes,ASM,131072,1245896,1245896
ColorBordes,ASM,131072,1267078,1267078
ColorBordes,ASM,131072,1438234,1438234
ColorBordes,ASM,131072,1901144,1901144
ColorBordes,ASM,131072,2342158,2342158
ColorBordes,ASM,131072,1210196,1210196
ColorBordes,ASM,131072,1238314,1238314
ColorBordes,ASM,131072,1212236,1212236
ColorBordes,ASM,131072,1207952,1207952
ColorBordes,ASM,131072,1827092,1827092
ColorBordes,ASM,131072,2334202,2334202
ColorBordes,ASM,131072,1220362,1220362
ColorBordes,ASM,131072,1918586,1918586
ColorBordes,ASM,131072,1905428,1905428
ColorBordes,ASM,131072,1218254,1218254
ColorBordes,ASM,131072,1873978,1873978
ColorBordes,ASM,131072,1933580,1933580
ColorBordes,ASM,131072,1905326,1905326
ColorBordes,ASM,131072,1986654,1986654
ColorBordes,ASM,131072,1899784,1899784
ColorBordes,ASM,131072,1207374,1207374
ColorBordes,ASM,131072,1207544,1207544
ColorBordes,ASM,131072,1902130,1902130
ColorBordes,ASM,131072,2318834,2318834
ColorBordes,ASM,131072,1871054,1871054
ColorBordes,ASM,131072,1910460,1910460
ColorBordes,ASM,131072,2211938,2211938
ColorBordes,ASM,131072,1891420,1891420
ColorBordes,ASM,131072,1891658,1891658
ColorBordes,ASM,131072,1303866,1303866
ColorBordes,ASM,131072,1208836,1208836
ColorBordes,ASM,131072,1870714,1870714
ColorBordes,ASM,131072,2047446,2047446
ColorBordes,ASM,131072,1605480,1605480
ColorBordes,ASM,131072,1913316,1913316
ColorBordes,ASM,131072,1192924,1192924
ColorBordes,ASM,131072,1885436,1885436
ColorBordes,ASM,131072,1915356,1915356
ColorBordes,ASM,131072,1872856,1872856
ColorBordes,ASM,131072,2032316,2032316
ColorBordes,ASM,131072,1883498,1883498
ColorBordes,ASM,131072,1211352,1211352
ColorBordes,ASM,131072,2493084,2493084
ColorBordes,ASM,131072,1237532,1237532
ColorBordes,ASM,131072,1208088,1208088
ColorBordes,ASM,131072,1209992,1209992
ColorBordes,ASM,131072,1229848,1229848
ColorBordes,ASM,131072,1302880,1302880
ColorBordes,ASM,131072,1889890,1889890
ColorBordes,ASM,131072,1873808,1873808
ColorBordes,ASM,131072,1954762,1954762
ColorBordes,ASM,131072,1974652,1974652
ColorBordes,ASM,131072,1376626,1376626
ColorBordes,ASM,131072,1879656,1879656
ColorBordes,ASM,131072,1194080,1194080
ColorBordes,ASM,131072,1849736,1849736
ColorBordes,ASM,131072,1868062,1868062
ColorBordes,ASM,131072,1196800,1196800
ColorBordes,ASM,131072,1900124,1900124
ColorBordes,ASM,131072,1898798,1898798
ColorBordes,ASM,131072,1862112,1862112
ColorBordes,ASM,131072,1210876,1210876
ColorBordes,ASM,131072,1907332,1907332
ColorBordes,ASM,131072,1236886,1236886
ColorBordes,ASM,131072,1873808,1873808
ColorBordes,ASM,131072,1929058,1929058
ColorBordes,ASM,131072,1847424,1847424
ColorBordes,ASM,131072,1200642,1200642
ColorBordes,ASM,131072,1194828,1194828
ColorBordes,ASM,131072,1798192,1798192
ColorBordes,ASM,131072,1196970,1196970
ColorBordes,ASM,131072,1850654,1850654
ColorBordes,ASM,131072,1763070,1763070
ColorBordes,ASM,131072,1307912,1307912
ColorBordes,ASM,131072,1192312,1192312
ColorBordes,ASM,131072,1192788,1192788
ColorBordes,ASM,131072,1192210,1192210
ColorBordes,ASM,131072,1938306,1938306
ColorBordes,ASM,131072,1193978,1193978
ColorBordes,ASM,131072,1196528,1196528
ColorBordes,ASM,131072,1207102,1207102
ColorBordes,ASM,131072,1858032,1858032
ColorBordes,ASM,131072,1230120,1230120
ColorBordes,ASM,131072,1613504,1613504
ColorBordes,ASM,131072,1904748,1904748
ColorBordes,ASM,131072,1876120,1876120
ColorBordes,ASM,131072,1209006,1209006
ColorBordes,ASM,131072,1864084,1864084
ColorBordes,ASM,131072,1852218,1852218
ColorBordes,ASM,131072,1193400,1193400
ColorBordes,ASM,131072,1857318,1857318
ColorBordes,ASM,131072,1853306,1853306
ColorBordes,ASM,131072,1194250,1194250
ColorBordes,ASM,131072,1849566,1849566
ColorBordes,ASM,131072,1846302,1846302
ColorBordes,ASM,131072,1868878,1868878
ColorBordes,ASM,131072,2467312,2467312
ColorBordes,ASM,131072,1886422,1886422
ColorBordes,ASM,131072,1197446,1197446
ColorBordes,ASM,131072,1845656,1845656
ColorBordes,ASM,131072,1751884,1751884
ColorBordes,ASM,131072,1900974,1900974
ColorBordes,ASM,131072,1848478,1848478
ColorBordes,ASM,131072,1196732,1196732
ColorBordes,ASM,131072,1194284,1194284
ColorBordes,ASM,131072,1848580,1848580
ColorBordes,ASM,131072,1916138,1916138
ColorBordes,ASM,131072,1194386,1194386
ColorBordes,ASM,131072,1845792,1845792
ColorBordes,ASM,131072,1733014,1733014
ColorBordes,ASM,131072,1193060,1193060
ColorBordes,ASM,131072,1885470,1885470
ColorBordes,ASM,131072,1211114,1211114
ColorBordes,ASM,131072,1894990,1894990
ColorBordes,ASM,131072,1226890,1226890
ColorBordes,ASM,131072,3062176,3062176
ColorBordes,ASM,131072,1875270,1875270
ColorBordes,ASM,131072,2293810,2293810
ColorBordes,ASM,131072,2010862,2010862
ColorBordes,ASM,131072,1899104,1899104
ColorBordes,ASM,131072,1877412,1877412
ColorBordes,ASM,131072,1209040,1209040
ColorBordes,ASM,131072,1872788,1872788
ColorBordes,ASM,131072,1208530,1208530
ColorBordes,ASM,131072,1556928,1556928
ColorBordes,ASM,131072,1899240,1899240
ColorBordes,ASM,131072,1251302,1251302
ColorBordes,ASM,131072,1613844,1613844
ColorBordes,ASM,131072,1845180,1845180
ColorBordes,ASM,131072,1925420,1925420
ColorBordes,ASM,131072,2080732,2080732
ColorBordes,ASM,480000,7258694,7258694
ColorBordes,ASM,480000,7005700,7005700
ColorBordes,ASM,480000,7381570,7381570
ColorBordes,ASM,480000,7287458,7287458
ColorBordes,ASM,480000,5413684,5413684
ColorBordes,ASM,480000,7836388,7836388
ColorBordes,ASM,480000,5284382,5284382
ColorBordes,ASM,480000,4512242,4512242
ColorBordes,ASM,480000,7644492,7644492
ColorBordes,ASM,480000,5527992,5527992
ColorBordes,ASM,480000,7618890,7618890
ColorBordes,ASM,480000,4803588,4803588
ColorBordes,ASM,480000,4596460,4596460
ColorBordes,ASM,480000,7136464,7136464
ColorBordes,ASM,480000,6713334,6713334
ColorBordes,ASM,480000,7429272,7429272
ColorBordes,ASM,480000,5311548,5311548
ColorBordes,ASM,480000,5044172,5044172
ColorBordes,ASM,480000,7056394,7056394
ColorBordes,ASM,480000,4431730,4431730
ColorBordes,ASM,480000,4388006,4388006
ColorBordes,ASM,480000,4379608,4379608
ColorBordes,ASM,480000,5127268,5127268
ColorBordes,ASM,480000,5599732,5599732
ColorBordes,ASM,480000,6448066,6448066
ColorBordes,ASM,480000,4410140,4410140
ColorBordes,ASM,480000,5340856,5340856
ColorBordes,ASM,480000,6196840,6196840
ColorBordes,ASM,480000,7103518,7103518
ColorBordes,ASM,480000,4662352,4662352
ColorBordes,ASM,480000,5900666,5900666
ColorBordes,ASM,480000,9596942,9596942
ColorBordes,ASM,480000,10987576,10987576
ColorBordes,ASM,480000,4583744,4583744
ColorBordes,ASM,480000,6035782,6035782
ColorBordes,ASM,480000,4378248,4378248
ColorBordes,ASM,480000,4618016,4618016
ColorBordes,ASM,480000,6514808,6514808
ColorBordes,ASM,480000,4379064,4379064
ColorBordes,ASM,480000,7426042,7426042
ColorBordes,ASM,480000,6062574,6062574
ColorBordes,ASM,480000,5819134,5819134
ColorBordes,ASM,480000,4565316,4565316
ColorBordes,ASM,480000,5883734,5883734
ColorBordes,ASM,480000,6977378,6977378
ColorBordes,ASM,480000,4464574,4464574
ColorBordes,ASM,480000,6721154,6721154
ColorBordes,ASM,480000,6799218,6799218
ColorBordes,ASM,480000,5828450,5828450
ColorBordes,ASM,480000,5158548,5158548
ColorBordes,ASM,480000,4748950,4748950
ColorBordes,ASM,480000,6872386,6872386
ColorBordes,ASM,480000,6524328,6524328
ColorBordes,ASM,480000,4451144,4451144
ColorBordes,ASM,480000,6790140,6790140
ColorBordes,ASM,480000,4582758,4582758
ColorBordes,ASM,480000,6797858,6797858
ColorBordes,ASM,480000,6543130,6543130
ColorBordes,ASM,480000,8485720,8485720
ColorBordes,ASM,480000,11256720,11256720
ColorBordes,ASM,480000,7761996,7761996
ColorBordes,ASM,480000,4457060,4457060
ColorBordes,ASM,480000,5147600,5147600
ColorBordes,ASM,480000,5910866,5910866
ColorBordes,ASM,480000,4529956,4529956
ColorBordes,ASM,480000,4939588,4939588
ColorBordes,ASM,480000,5355612,5355612
ColorBordes,ASM,480000,4475522,4475522
ColorBordes,ASM,480000,8707978,8707978
ColorBordes,ASM,480000,8664730,8664730
ColorBordes,ASM,480000,9061816,9061816
ColorBordes,ASM,480000,9003676,9003676
ColorBordes,ASM,480000,8631036,8631036
ColorBordes,ASM,480000,8684688,8684688
ColorBordes,ASM,480000,8493642,8493642
ColorBordes,ASM,480000,8647730,8647730
ColorBordes,ASM,480000,8718994,8718994
ColorBordes,ASM,480000,8745174,8745174
ColorBordes,ASM,480000,8937546,8937546
ColorBordes,ASM,480000,8685402,8685402
ColorBordes,ASM,480000,8648988,8648988
ColorBordes,ASM,480000,8639536,8639536
ColorBordes,ASM,480000,8772374,8772374
ColorBordes,ASM,480000,8751294,8751294
ColorBordes,ASM,480000,8744426,8744426
ColorBordes,ASM,480000,8720048,8720048
ColorBordes,ASM,480000,8014786,8014786
ColorBordes,ASM,480000,4455054,4455054
ColorBordes,ASM,480000,6984246,6984246
ColorBordes,ASM,480000,6460442,6460442
ColorBordes,ASM,480000,5030096,5030096
ColorBordes,ASM,480000,6216662,6216662
ColorBordes,ASM,480000,4425678,4425678
ColorBordes,ASM,480000,8527302,8527302
ColorBordes,ASM,480000,8810590,8810590
ColorBordes,ASM,480000,8735450,8735450
ColorBordes,ASM,480000,8777406,8777406
ColorBordes,ASM,480000,9090784,9090784
ColorBordes,ASM,480000,7169342,7169342
ColorBordes,ASM,480000,4586294,4586294
ColorBordes,ASM,480000,7007638,7007638
ColorBordes,ASM,480000,4359514,4359514
ColorBordes,ASM,480000,6757704,6757704
ColorBordes,ASM,480000,12209672,12209672
ColorBordes,ASM,480000,5735902,5735902
ColorBordes,ASM,480000,4482594,4482594
ColorBordes,ASM,480000,6861268,6861268
ColorBordes,ASM,480000,4458862,4458862
ColorBordes,ASM,480000,4859654,4859654
ColorBordes,ASM,480000,4574190,4574190
ColorBordes,ASM,480000,4575414,4575414
ColorBordes,ASM,480000,5044410,5044410
ColorBordes,ASM,480000,6913968,6913968
ColorBordes,ASM,480000,4391406,4391406
ColorBordes,ASM,480000,4480690,4480690
ColorBordes,ASM,480000,6984348,6984348
ColorBordes,ASM,480000,4456074,4456074
ColorBordes,ASM,480000,7100084,7100084
ColorBordes,ASM,480000,4620260,4620260
ColorBordes,ASM,480000,6825806,6825806
ColorBordes,ASM,480000,5068754,5068754
ColorBordes,ASM,480000,4793388,4793388
ColorBordes,ASM,480000,5057602,5057602
ColorBordes,ASM,480000,5010478,5010478
ColorBordes,ASM,480000,6994650,6994650
ColorBordes,ASM,480000,5473116,5473116
ColorBordes,ASM,480000,4462840,4462840
ColorBordes,ASM,480000,5297200,5297200
ColorBordes,ASM,480000,5970094,5970094
ColorBordes,ASM,480000,7237886,7237886
ColorBordes,ASM,480000,4684078,4684078
ColorBordes,ASM,480000,5954488,5954488
ColorBordes,ASM,480000,5680414,5680414
ColorBordes,ASM,480000,6044078,6044078
ColorBordes,ASM,480000,6859874,6859874
ColorBordes,ASM,480000,4380560,4380560
ColorBordes,ASM,480000,6388804,6388804
ColorBordes,ASM,480000,4428738,4428738
ColorBordes,ASM,480000,5646686,5646686
ColorBordes,ASM,480000,6486758,6486758
ColorBordes,ASM,480000,4532506,4532506
ColorBordes,ASM,480000,4440026,4440026
ColorBordes,ASM,480000,4460120,4460120
ColorBordes,ASM,480000,7143162,7143162
ColorBordes,ASM,480000,8071872,8071872
ColorBordes,ASM,480000,7159958,7159958
ColorBordes,ASM,480000,7039428,7039428
ColorBordes,ASM,480000,4624034,4624034
ColorBordes,ASM,480000,4454442,4454442
ColorBordes,ASM,480000,4711006,4711006
ColorBordes,ASM,480000,7086110,7086110
ColorBordes,ASM,480000,4360976,4360976
ColorBordes,ASM,480000,5515956,5515956
ColorBordes,ASM,480000,6795988,6795988
ColorBordes,ASM,480000,8317114,8317114
ColorBordes,ASM,480000,6946472,6946472
ColorBordes,ASM,480000,5064538,5064538
ColorBordes,ASM,480000,6991930,6991930
ColorBordes,ASM,480000,4510202,4510202
ColorBordes,ASM,480000,6923862,6923862
ColorBordes,ASM,480000,5252762,5252762
ColorBordes,ASM,480000,4357916,4357916
ColorBordes,ASM,480000,7209972,7209972
ColorBordes,ASM,480000,4397050,4397050
ColorBordes,ASM,480000,7653298,7653298
ColorBordes,ASM,480000,6216254,6216254
ColorBordes,ASM,480000,6431712,6431712
ColorBordes,ASM,480000,6685998,6685998
ColorBordes,ASM,480000,4472598,4472598
ColorBordes,ASM,480000,5987094,5987094
ColorBordes,ASM,480000,5314506,5314506
ColorBordes,ASM,480000,8550932,8550932
ColorBordes,ASM,480000,4538932,4538932
ColorBordes,ASM,480000,6991284,6991284
ColorBordes,ASM,480000,7587780,7587780
ColorBordes,ASM,480000,4423944,4423944
ColorBordes,ASM,480000,4428636,4428636
ColorBordes,ASM,480000,4413234,4413234
ColorBordes,ASM,480000,4586328,4586328
ColorBordes,ASM,480000,5174222,5174222
ColorBordes,ASM,480000,5924942,5924942
ColorBordes,ASM,480000,6084980,6084980
ColorBordes,ASM,480000,4445126,4445126
ColorBordes,ASM,480000,4357712,4357712
ColorBordes,ASM,480000,4457672,4457672
ColorBordes,ASM,480000,4605232,4605232
ColorBordes,ASM,480000,5366968,5366968
ColorBordes,ASM,480000,7044188,7044188
ColorBordes,ASM,480000,4371856,4371856
ColorBordes,ASM,480000,5029858,5029858
ColorBordes,ASM,480000,4973520,4973520
ColorBordes,ASM,480000,4403306,4403306
ColorBordes,ASM,480000,5682012,5682012
ColorBordes,ASM,480000,5755418,5755418
ColorBordes,ASM,480000,5584330,5584330
ColorBordes,ASM,480000,6870414,6870414
ColorBordes,ASM,480000,5671030,5671030
ColorBordes,ASM,480000,6941644,6941644
ColorBordes,ASM,480000,4483342,4483342
ColorBordes,ASM,480000,7210312,7210312
ColorBordes,ASM,480000,5206284,5206284
ColorBordes,ASM,480000,9398348,9398348
ColorBordes,ASM,480000,4432206,4432206
ColorBordes,ASM,480000,9161436,9161436
ColorBordes,ASM,480000,4371618,4371618
ColorBordes,ASM,480000,5659300,5659300
ColorBordes,ASM,480000,7931180,7931180
ColorBordes,ASM,480000,4375018,4375018
ColorBordes,ASM,480000,4490312,4490312
ColorBordes,ASM,480000,5779830,5779830
ColorBordes,ASM,480000,4468926,4468926
ColorBordes,ASM,480000,4422516,4422516
ColorBordes,ASM,480000,7589378,7589378
ColorBordes,ASM,480000,10131082,10131082
ColorBordes,ASM,480000,5415384,5415384
ColorBordes,ASM,480000,5663312,5663312
ColorBordes,ASM,480000,5258440,5258440
ColorBordes,ASM,480000,5234810,5234810
ColorBordes,ASM,480000,6923658,6923658
ColorBordes,ASM,480000,4370700,4370700
ColorBordes,ASM,480000,7631096,7631096
ColorBordes,ASM,480000,6337464,6337464
ColorBordes,ASM,480000,7240436,7240436
ColorBordes,ASM,480000,7250636,7250636
ColorBordes,ASM,480000,9375466,9375466
ColorBordes,ASM,480000,8382224,8382224
ColorBordes,ASM,480000,7110896,7110896
ColorBordes,ASM,480000,4385388,4385388
ColorBordes,ASM,480000,6163316,6163316
ColorBordes,ASM,480000,4964646,4964646
ColorBordes,ASM,480000,4730284,4730284
ColorBordes,ASM,480000,4357032,4357032
ColorBordes,ASM,480000,7463952,7463952
ColorBordes,ASM,480000,4937854,4937854
ColorBordes,ASM,480000,6975304,6975304
ColorBordes,ASM,480000,8120186,8120186
ColorBordes,ASM,480000,4749562,4749562
ColorBordes,ASM,480000,6813294,6813294
ColorBordes,ASM,480000,4858022,4858022
ColorBordes,ASM,480000,4363424,4363424
ColorBordes,ASM,480000,6323014,6323014
ColorBordes,ASM,480000,5311956,5311956
ColorBordes,ASM,480000,6936748,6936748
ColorBordes,ASM,480000,5585282,5585282
ColorBordes,ASM,480000,6637990,6637990
ColorBordes,ASM,480000,6286872,6286872
ColorBordes,ASM,480000,8110122,8110122
ColorBordes,ASM,480000,4523870,4523870
ColorBordes,ASM,480000,4444990,4444990
ColorBordes,ASM,480000,5266090,5266090
ColorBordes,ASM,480000,5857384,5857384
ColorBordes,ASM,480000,6774976,6774976
ColorBordes,ASM,480000,4766392,4766392
ColorBordes,ASM,480000,4522204,4522204
ColorBordes,ASM,480000,5312058,5312058
ColorBordes,ASM,480000,7926794,7926794
ColorBordes,ASM,480000,6535242,6535242
ColorBordes,ASM,480000,4368116,4368116
ColorBordes,ASM,480000,8142456,8142456
ColorBordes,ASM,480000,5721418,5721418
ColorBordes,ASM,480000,4550696,4550696
ColorBordes,ASM,480000,4483104,4483104
ColorBordes,ASM,480000,7172946,7172946
ColorBordes,ASM,480000,4363900,4363900
ColorBordes,ASM,480000,5729714,5729714
ColorBordes,ASM,480000,5311548,5311548
ColorBordes,ASM,480000,7748838,7748838
ColorBordes,ASM,480000,6946166,6946166
ColorBordes,ASM,480000,7690290,7690290
ColorBordes,ASM,480000,8616110,8616110
ColorBordes,ASM,480000,4371380,4371380
ColorBordes,ASM,480000,7140680,7140680
ColorBordes,ASM,480000,4397118,4397118
ColorBordes,ASM,480000,4992662,4992662
ColorBordes,ASM,480000,4434722,4434722
ColorBordes,ASM,480000,5330792,5330792
ColorBordes,ASM,480000,8209980,8209980
ColorBordes,ASM,480000,6173652,6173652
ColorBordes,ASM,480000,5753990,5753990
ColorBordes,ASM,480000,5100748,5100748
ColorBordes,ASM,480000,5710980,5710980
ColorBordes,ASM,480000,6156414,6156414
ColorBordes,ASM,480000,6408966,6408966
ColorBordes,ASM,480000,4425440,4425440
ColorBordes,ASM,480000,4388856,4388856
ColorBordes,ASM,480000,4487116,4487116
ColorBordes,ASM,480000,4440434,4440434
ColorBordes,ASM,480000,6206190,6206190
ColorBordes,ASM,480000,4389536,4389536
ColorBordes,ASM,480000,4356080,4356080
ColorBordes,ASM,480000,4464846,4464846
ColorBordes,ASM,480000,4372298,4372298
ColorBordes,ASM,480000,6564856,6564856
ColorBordes,ASM,480000,7209768,7209768
ColorBordes,ASM,480000,5049952,5049952
ColorBordes,ASM,480000,5443910,5443910
ColorBordes,ASM,480000,4374542,4374542
ColorBordes,ASM,480000,5388728,5388728
ColorBordes,ASM,480000,4439176,4439176
ColorBordes,ASM,480000,5261432,5261432
ColorBordes,ASM,1920000,20964468,20964468
ColorBordes,ASM,1920000,18997194,18997194
ColorBordes,ASM,1920000,24310850,24310850
ColorBordes,ASM,1920000,18772114,18772114
ColorBordes,ASM,1920000,19556596,19556596
ColorBordes,ASM,1920000,37687538,37687538
ColorBordes,ASM,1920000,20662106,20662106
ColorBordes,ASM,1920000,27332498,27332498
ColorBordes,ASM,1920000,18002898,18002898
ColorBordes,ASM,1920000,24004714,24004714
ColorBordes,ASM,1920000,23829274,23829274
ColorBordes,ASM,1920000,26716146,26716146
ColorBordes,ASM,1920000,19753626,19753626
ColorBordes,ASM,1920000,20211708,20211708
ColorBordes,ASM,1920000,23353750,23353750
ColorBordes,ASM,1920000,25922314,25922314
ColorBordes,ASM,1920000,26709210,26709210
ColorBordes,ASM,1920000,20043374,20043374
ColorBordes,ASM,1920000,28560714,28560714
ColorBordes,ASM,1920000,22910866,22910866
ColorBordes,ASM,1920000,26453530,26453530
ColorBordes,ASM,1920000,21532030,21532030
ColorBordes,ASM,1920000,28080906,28080906
ColorBordes,ASM,1920000,20522264,20522264
ColorBordes,ASM,1920000,18837156,18837156
ColorBordes,ASM,1920000,24080738,24080738
ColorBordes,ASM,1920000,20738062,20738062
ColorBordes,ASM,1920000,19441914,19441914
ColorBordes,ASM,1920000,28108412,28108412
ColorBordes,ASM,1920000,19973640,19973640
ColorBordes,ASM,1920000,27410596,27410596
ColorBordes,ASM,1920000,21129640,21129640
ColorBordes,ASM,1920000,18286764,18286764
ColorBordes,ASM,1920000,21111178,21111178
ColorBordes,ASM,1920000,19799934,19799934
ColorBordes,ASM,1920000,23396862,23396862
ColorBordes,ASM,1920000,19327470,19327470
ColorBordes,ASM,1920000,25358866,25358866
ColorBordes,ASM,1920000,24600666,24600666
ColorBordes,ASM,1920000,19527322,19527322
ColorBordes,ASM,1920000,19911590,19911590
ColorBordes,ASM,1920000,24785218,24785218
ColorBordes,ASM,1920000,18401038,18401038
ColorBordes,ASM,1920000,20202154,20202154
ColorBordes,ASM,1920000,19105994,19105994
ColorBordes,ASM,1920000,24031948,24031948
ColorBordes,ASM,1920000,20234794,20234794
ColorBordes,ASM,1920000,18254226,18254226
ColorBordes,ASM,1920000,18236580,18236580
ColorBordes,ASM,1920000,25646030,25646030
ColorBordes,ASM,1920000,21265946,21265946
ColorBordes,ASM,1920000,23173618,23173618
ColorBordes,ASM,1920000,18396992,18396992
ColorBordes,ASM,1920000,19885682,19885682
ColorBordes,ASM,1920000,25829732,25829732
ColorBordes,ASM,1920000,18675486,18675486
ColorBordes,ASM,1920000,30412660,30412660
ColorBordes,ASM,1920000,18207612,18207612
ColorBordes,ASM,1920000,24061868,24061868
ColorBordes,ASM,1920000,18356838,18356838
ColorBordes,ASM,1920000,20121914,20121914
ColorBordes,ASM,1920000,18231208,18231208
ColorBordes,ASM,1920000,19404106,19404106
ColorBordes,ASM,1920000,24412374,24412374
ColorBordes,ASM,1920000,21762720,21762720
ColorBordes,ASM,1920000,23167566,23167566
ColorBordes,ASM,1920000,26231952,26231952
ColorBordes,ASM,1920000,18775990,18775990
ColorBordes,ASM,1920000,22635024,22635024
ColorBordes,ASM,1920000,20451952,20451952
ColorBordes,ASM,1920000,19057136,19057136
ColorBordes,ASM,1920000,18808256,18808256
ColorBordes,ASM,1920000,18108128,18108128
ColorBordes,ASM,1920000,22714176,22714176
ColorBordes,ASM,1920000,28002706,28002706
ColorBordes,ASM,1920000,29941522,29941522
ColorBordes,ASM,1920000,23473600,23473600
ColorBordes,ASM,1920000,24307246,24307246
ColorBordes,ASM,1920000,19998086,19998086
ColorBordes,ASM,1920000,19381292,19381292
ColorBordes,ASM,1920000,24913092,24913092
ColorBordes,ASM,1920000,24100764,24100764
ColorBordes,ASM,1920000,25346354,25346354
ColorBordes,ASM,1920000,19945930,19945930
ColorBordes,ASM,1920000,19564246,19564246
ColorBordes,ASM,1920000,19579478,19579478
ColorBordes,ASM,1920000,20659794,20659794
ColorBordes,ASM,1920000,25722496,25722496
ColorBordes,ASM,1920000,28079750,28079750
ColorBordes,ASM,1920000,28117626,28117626
ColorBordes,ASM,1920000,30679322,30679322
ColorBordes,ASM,1920000,19584374,19584374
ColorBordes,ASM,1920000,22727538,22727538
ColorBordes,ASM,1920000,26169052,26169052
ColorBordes,ASM,1920000,19098684,19098684
ColorBordes,ASM,1920000,18147500,18147500
ColorBordes,ASM,1920000,24105048,24105048
ColorBordes,ASM,1920000,30434012,30434012
ColorBordes,ASM,1920000,20159144,20159144
ColorBordes,ASM,1920000,22435614,22435614
ColorBordes,ASM,1920000,19525758,19525758
ColorBordes,ASM,1920000,22850312,22850312
ColorBordes,ASM,1920000,18145868,18145868
ColorBordes,ASM,1920000,21468994,21468994
ColorBordes,ASM,1920000,22628836,22628836
ColorBordes,ASM,1920000,21904432,21904432
ColorBordes,ASM,1920000,18019762,18019762
ColorBordes,ASM,1920000,18285064,18285064
ColorBordes,ASM,1920000,21848230,21848230
ColorBordes,ASM,1920000,26917834,26917834
ColorBordes,ASM,1920000,24295822,24295822
ColorBordes,ASM,1920000,24097058,24097058
ColorBordes,ASM,1920000,22753412,22753412
ColorBordes,ASM,1920000,26480322,26480322
ColorBordes,ASM,1920000,23014192,23014192
ColorBordes,ASM,1920000,18914710,18914710
ColorBordes,ASM,1920000,21642462,21642462
ColorBordes,ASM,1920000,20486768,20486768
ColorBordes,ASM,1920000,18442552,18442552
ColorBordes,ASM,1920000,22327562,22327562
ColorBordes,ASM,1920000,19912168,19912168
ColorBordes,ASM,1920000,27219754,27219754
ColorBordes,ASM,1920000,24793718,24793718
ColorBordes,ASM,1920000,28918632,28918632
ColorBordes,ASM,1920000,27344500,27344500
ColorBordes,ASM,1920000,21956044,21956044
ColorBordes,ASM,1920000,22963056,22963056
ColorBordes,ASM,1920000,20714262,20714262
ColorBordes,ASM,1920000,29973278,29973278
ColorBordes,ASM,1920000,25726780,25726780
ColorBordes,ASM,1920000,21138854,21138854
ColorBordes,ASM,1920000,20258458,20258458
ColorBordes,ASM,1920000,19160632,19160632
ColorBordes,ASM,1920000,20880556,20880556
ColorBordes,ASM,1920000,18840046,18840046
ColorBordes,ASM,1920000,21037636,21037636
ColorBordes,ASM,1920000,18706562,18706562
ColorBordes,ASM,1920000,28422776,28422776
ColorBordes,ASM,1920000,25937954,25937954
ColorBordes,ASM,1920000,26870200,26870200
ColorBordes,ASM,1920000,21944076,21944076
ColorBordes,ASM,1920000,25262136,25262136
ColorBordes,ASM,1920000,27656722,27656722
ColorBordes,ASM,1920000,20896468,20896468
ColorBordes,ASM,1920000,18058080,18058080
ColorBordes,ASM,1920000,29254756,29254756
ColorBordes,ASM,1920000,24299766,24299766
ColorBordes,ASM,1920000,25976884,25976884
ColorBordes,ASM,1920000,20517368,20517368
ColorBordes,ASM,1920000,18630028,18630028
ColorBordes,ASM,1920000,28476972,28476972
ColorBordes,ASM,1920000,21770404,21770404
ColorBordes,ASM,1920000,24215990,24215990
ColorBordes,ASM,1920000,24797764,24797764
ColorBordes,ASM,1920000,19394382,19394382
ColorBordes,ASM,1920000,23714286,23714286
ColorBordes,ASM,1920000,18388594,18388594
ColorBordes,ASM,1920000,19863718,19863718
ColorBordes,ASM,1920000,18504500,18504500
ColorBordes,ASM,1920000,19313938,19313938
ColorBordes,ASM,1920000,20660814,20660814
ColorBordes,ASM,1920000,20685634,20685634
ColorBordes,ASM,1920000,21674116,21674116
ColorBordes,ASM,1920000,28057038,28057038
ColorBordes,ASM,1920000,20462356,20462356
ColorBordes,ASM,1920000,24317106,24317106
ColorBordes,ASM,1920000,23721596,23721596
ColorBordes,ASM,1920000,18600686,18600686
ColorBordes,ASM,1920000,22444726,22444726
ColorBordes,ASM,1920000,23112554,23112554
ColorBordes,ASM,1920000,25312898,25312898
ColorBordes,ASM,1920000,24300208,24300208
ColorBordes,ASM,1920000,18146242,18146242
ColorBordes,ASM,1920000,27315736,27315736
ColorBordes,ASM,1920000,20664146,20664146
ColorBordes,ASM,1920000,25409322,25409322
ColorBordes,ASM,1920000,26203018,26203018
ColorBordes,ASM,1920000,18601264,18601264
ColorBordes,ASM,1920000,18185274,18185274
ColorBordes,ASM,1920000,20659794,20659794
ColorBordes,ASM,1920000,26802540,26802540
ColorBordes,ASM,1920000,28574960,28574960
ColorBordes,ASM,1920000,19776746,19776746
ColorBordes,ASM,1920000,24493260,24493260
ColorBordes,ASM,1920000,18616938,18616938
ColorBordes,ASM,1920000,19665532,19665532
ColorBordes,ASM,1920000,28301532,28301532
ColorBordes,ASM,1920000,28271442,28271442
ColorBordes,ASM,1920000,18971048,18971048
ColorBordes,ASM,1920000,23437798,23437798
ColorBordes,ASM,1920000,18099730,18099730
ColorBordes,ASM,1920000,22591368,22591368
ColorBordes,ASM,1920000,18190374,18190374
ColorBordes,ASM,1920000,18161746,18161746
ColorBordes,ASM,1920000,28205788,28205788
ColorBordes,ASM,1920000,37354406,37354406
ColorBordes,ASM,1920000,19845868,19845868
ColorBordes,ASM,1920000,18499604,18499604
ColorBordes,ASM,1920000,18139000,18139000
ColorBordes,ASM,1920000,21889472,21889472
ColorBordes,ASM,1920000,18627614,18627614
ColorBordes,ASM,1920000,26001976,26001976
ColorBordes,ASM,1920000,18139884,18139884
ColorBordes,ASM,1920000,24791848,24791848
ColorBordes,ASM,1920000,21962572,21962572
ColorBordes,ASM,1920000,28441510,28441510
ColorBordes,ASM,1920000,31055226,31055226
ColorBordes,ASM,1920000,24172640,24172640
ColorBordes,ASM,1920000,28359842,28359842
ColorBordes,ASM,1920000,24607194,24607194
ColorBordes,ASM,1920000,24317310,24317310
ColorBordes,ASM,1920000,20634430,20634430
ColorBordes,ASM,1920000,26628664,26628664
ColorBordes,ASM,1920000,19487134,19487134
ColorBordes,ASM,1920000,19266474,19266474
ColorBordes,ASM,1920000,19945998,19945998
ColorBordes,ASM,1920000,28084986,28084986
ColorBordes,ASM,1920000,27946572,27946572
ColorBordes,ASM,1920000,21169828,21169828
ColorBordes,ASM,1920000,28324788,28324788
ColorBordes,ASM,1920000,20205860,20205860
ColorBordes,ASM,1920000,26285604,26285604
ColorBordes,ASM,1920000,19438854,19438854
ColorBordes,ASM,1920000,21263430,21263430
ColorBordes,ASM,1920000,26052670,26052670
ColorBordes,ASM,1920000,20230272,20230272
ColorBordes,ASM,1920000,24388574,24388574
ColorBordes,ASM,1920000,28183552,28183552
ColorBordes,ASM,1920000,23414644,23414644
ColorBordes,ASM,1920000,26924464,26924464
ColorBordes,ASM,1920000,18995698,18995698
ColorBordes,ASM,1920000,19221662,19221662
ColorBordes,ASM,1920000,18152940,18152940
ColorBordes,ASM,1920000,20600634,20600634
ColorBordes,ASM,1920000,18337526,18337526
ColorBordes,ASM,1920000,19205070,19205070
ColorBordes,ASM,1920000,19022694,19022694
ColorBordes,ASM,1920000,25328130,25328130
ColorBordes,ASM,1920000,21547738,21547738
ColorBordes,ASM,1920000,24306838,24306838
ColorBordes,ASM,1920000,19037110,19037110
ColorBordes,ASM,1920000,22118258,22118258
ColorBordes,ASM,1920000,26932352,26932352
ColorBordes,ASM,1920000,30087382,30087382
ColorBordes,ASM,1920000,25239050,25239050
ColorBordes,ASM,1920000,20051500,20051500
ColorBordes,ASM,1920000,21478174,21478174
ColorBordes,ASM,1920000,20454230,20454230
ColorBordes,ASM,1920000,19347700,19347700
ColorBordes,ASM,1920000,21986814,21986814
ColorBordes,ASM,1920000,25934282,25934282
ColorBordes,ASM,1920000,20502918,20502918
ColorBordes,ASM,1920000,20392350,20392350
ColorBordes,ASM,1920000,26200706,26200706
ColorBordes,ASM,1920000,18093406,18093406
ColorBordes,ASM,1920000,26442208,26442208
ColorBordes,ASM,1920000,21197708,21197708
ColorBordes,ASM,1920000,19695758,19695758
ColorBordes,ASM,1920000,27376052,27376052
ColorBordes,ASM,1920000,26715738,26715738
ColorBordes,ASM,1920000,27570362,27570362
ColorBordes,ASM,1920000,20904900,20904900
ColorBordes,ASM,1920000,17839256,17839256
ColorBordes,ASM,1920000,18496340,18496340
ColorBordes,ASM,1920000,18697450,18697450
ColorBordes,ASM,1920000,22142160,22142160
ColorBordes,ASM,1920000,18981010,18981010
ColorBordes,ASM,1920000,25016520,25016520
ColorBordes,ASM,1920000,29719570,29719570
ColorBordes,ASM,1920000,18703808,18703808
ColorBordes,ASM,1920000,18310802,18310802
ColorBordes,ASM,1920000,22366696,22366696
ColorBordes,ASM,1920000,27176200,27176200
ColorBordes,ASM,1920000,18363842,18363842
ColorBordes,ASM,1920000,20803410,20803410
ColorBordes,ASM,1920000,23148288,23148288
ColorBordes,ASM,1920000,22788840,22788840
ColorBordes,ASM,1920000,18457104,18457104
ColorBordes,ASM,1920000,25910822,25910822
ColorBordes,ASM,1920000,25223886,25223886
ColorBordes,ASM,1920000,24108924,24108924
ColorBordes,ASM,1920000,28652174,28652174
ColorBordes,ASM,1920000,22563590,22563590
ColorBordes,ASM,1920000,20166896,20166896
ColorBordes,ASM,1920000,27360582,27360582
ColorBordes,ASM,1920000,29480618,29480618
ColorBordes,ASM,1920000,28821834,28821834
ColorBordes,ASM,1920000,28780932,28780932
ColorBordes,ASM,1920000,25811814,25811814
ColorBordes,ASM,1920000,19334100,19334100
ColorBordes,ASM,1920000,28839412,28839412
ColorBordes,ASM,1920000,19686680,19686680
ColorBordes,ASM,1920000,19000118,19000118
ColorBordes,ASM,1920000,20798514,20798514
ColorBordes,ASM,1920000,27431370,27431370
ColorBordes,ASM,1920000,19329816,19329816
ColorBordes,ASM,1920000,27538776,27538776
ColorBordes,ASM,1920000,18734000,18734000
ColorBordes,ASM,1920000,19885614,19885614
ColorBordes,ASM,1920000,22481174,22481174
