ColorBordes,ASM,512,5362,5362
ColorBordes,ASM,512,4709,4709
ColorBordes,ASM,512,4607,4607
ColorBordes,ASM,512,4538,4538
ColorBordes,ASM,512,4524,4524
ColorBordes,ASM,512,4561,4561
ColorBordes,ASM,512,4523,4523
ColorBordes,ASM,512,4533,4533
ColorBordes,ASM,512,4624,4624
ColorBordes,ASM,512,4549,4549
ColorBordes,ASM,512,4546,4546
ColorBordes,ASM,512,5928,5928
ColorBordes,ASM,512,4701,4701
ColorBordes,ASM,512,4537,4537
ColorBordes,ASM,512,4554,4554
ColorBordes,ASM,512,5998,5998
ColorBordes,ASM,512,4538,4538
ColorBordes,ASM,512,4519,4519
ColorBordes,ASM,512,4541,4541
ColorBordes,ASM,512,4554,4554
ColorBordes,ASM,512,4579,4579
ColorBordes,ASM,512,4536,4536
ColorBordes,ASM,512,4547,4547
ColorBordes,ASM,512,4540,4540
ColorBordes,ASM,512,4541,4541
ColorBordes,ASM,512,4591,4591
ColorBordes,ASM,512,4521,4521
ColorBordes,ASM,512,4533,4533
ColorBordes,ASM,512,4563,4563
ColorBordes,ASM,512,4542,4542
ColorBordes,ASM,512,4577,4577
ColorBordes,ASM,512,4538,4538
ColorBordes,ASM,512,4586,4586
ColorBordes,ASM,512,4535,4535
ColorBordes,ASM,512,4553,4553
ColorBordes,ASM,512,4539,4539
ColorBordes,ASM,512,4570,4570
ColorBordes,ASM,512,7179,7179
ColorBordes,ASM,512,4547,4547
ColorBordes,ASM,512,4533,4533
ColorBordes,ASM,512,4879,4879
ColorBordes,ASM,512,4478,4478
ColorBordes,ASM,512,4555,4555
ColorBordes,ASM,512,7986,7986
ColorBordes,ASM,512,6306,6306
ColorBordes,ASM,512,6857,6857
ColorBordes,ASM,512,4559,4559
ColorBordes,ASM,512,4549,4549
ColorBordes,ASM,512,4575,4575
ColorBordes,ASM,512,4560,4560
ColorBordes,ASM,512,4538,4538
ColorBordes,ASM,512,4555,4555
ColorBordes,ASM,512,4542,4542
ColorBordes,ASM,512,4571,4571
ColorBordes,ASM,512,4561,4561
ColorBordes,ASM,512,4533,4533
ColorBordes,ASM,512,4536,4536
ColorBordes,ASM,512,4543,4543
ColorBordes,ASM,512,4518,4518
ColorBordes,ASM,512,4561,4561
ColorBordes,ASM,512,4524,4524
ColorBordes,ASM,512,4561,4561
ColorBordes,ASM,512,4528,4528
ColorBordes,ASM,512,4567,4567
ColorBordes,ASM,512,4535,4535
ColorBordes,ASM,512,4537,4537
ColorBordes,ASM,512,4538,4538
ColorBordes,ASM,512,4620,4620
ColorBordes,ASM,512,4602,4602
ColorBordes,ASM,512,4531,4531
ColorBordes,ASM,512,4582,4582
ColorBordes,ASM,512,4543,4543
ColorBordes,ASM,512,4563,4563
ColorBordes,ASM,512,4538,4538
ColorBordes,ASM,512,4531,4531
ColorBordes,ASM,512,4518,4518
ColorBordes,ASM,512,4581,4581
ColorBordes,ASM,512,4535,4535
ColorBordes,ASM,512,4553,4553
ColorBordes,ASM,512,4521,4521
ColorBordes,ASM,512,4534,4534
ColorBordes,ASM,512,4525,4525
ColorBordes,ASM,512,4551,4551
ColorBordes,ASM,512,4537,4537
ColorBordes,ASM,512,4613,4613
ColorBordes,ASM,512,4547,4547
ColorBordes,ASM,512,4553,4553
ColorBordes,ASM,512,4545,4545
ColorBordes,ASM,512,4523,4523
ColorBordes,ASM,512,4555,4555
ColorBordes,ASM,512,4551,4551
ColorBordes,ASM,512,4506,4506
ColorBordes,ASM,512,4525,4525
ColorBordes,ASM,512,4543,4543
ColorBordes,ASM,512,4532,4532
ColorBordes,ASM,512,4571,4571
ColorBordes,ASM,512,4536,4536
ColorBordes,ASM,512,4536,4536
ColorBordes,ASM,512,4537,4537
ColorBordes,ASM,512,4527,4527
ColorBordes,ASM,512,4579,4579
ColorBordes,ASM,512,4533,4533
ColorBordes,ASM,512,4557,4557
ColorBordes,ASM,512,4557,4557
ColorBordes,ASM,512,4557,4557
ColorBordes,ASM,512,4579,4579
ColorBordes,ASM,512,4551,4551
ColorBordes,ASM,512,4528,4528
ColorBordes,ASM,512,4547,4547
ColorBordes,ASM,512,4529,4529
ColorBordes,ASM,512,4571,4571
ColorBordes,ASM,512,4533,4533
ColorBordes,ASM,512,4565,4565
ColorBordes,ASM,512,6709,6709
ColorBordes,ASM,512,4619,4619
ColorBordes,ASM,512,4536,4536
ColorBordes,ASM,512,4561,4561
ColorBordes,ASM,512,4539,4539
ColorBordes,ASM,512,4517,4517
ColorBordes,ASM,512,4545,4545
ColorBordes,ASM,512,4559,4559
ColorBordes,ASM,512,4608,4608
ColorBordes,ASM,512,4527,4527
ColorBordes,ASM,512,4541,4541
ColorBordes,ASM,512,4547,4547
ColorBordes,ASM,512,4573,4573
ColorBordes,ASM,512,4526,4526
ColorBordes,ASM,512,4536,4536
ColorBordes,ASM,512,4541,4541
ColorBordes,ASM,512,4527,4527
ColorBordes,ASM,512,4543,4543
ColorBordes,ASM,512,4537,4537
ColorBordes,ASM,512,4548,4548
ColorBordes,ASM,512,4526,4526
ColorBordes,ASM,512,4537,4537
ColorBordes,ASM,512,4567,4567
ColorBordes,ASM,512,4529,4529
ColorBordes,ASM,512,4550,4550
ColorBordes,ASM,512,4529,4529
ColorBordes,ASM,512,4536,4536
ColorBordes,ASM,512,4557,4557
ColorBordes,ASM,512,4565,4565
ColorBordes,ASM,512,4541,4541
ColorBordes,ASM,512,4541,4541
ColorBordes,ASM,512,4543,4543
ColorBordes,ASM,512,4575,4575
ColorBordes,ASM,512,4606,4606
ColorBordes,ASM,512,7576,7576
ColorBordes,ASM,512,4561,4561
ColorBordes,ASM,512,4569,4569
ColorBordes,ASM,512,4626,4626
ColorBordes,ASM,512,6195,6195
ColorBordes,ASM,512,4457,4457
ColorBordes,ASM,512,4454,4454
ColorBordes,ASM,512,4456,4456
ColorBordes,ASM,512,4450,4450
ColorBordes,ASM,512,4470,4470
ColorBordes,ASM,512,4448,4448
ColorBordes,ASM,512,4439,4439
ColorBordes,ASM,512,4442,4442
ColorBordes,ASM,512,4480,4480
ColorBordes,ASM,512,4449,4449
ColorBordes,ASM,512,4456,4456
ColorBordes,ASM,512,4450,4450
ColorBordes,ASM,512,4465,4465
ColorBordes,ASM,512,4445,4445
ColorBordes,ASM,512,4502,4502
ColorBordes,ASM,512,4505,4505
ColorBordes,ASM,512,4474,4474
ColorBordes,ASM,512,4440,4440
ColorBordes,ASM,512,4458,4458
ColorBordes,ASM,512,4474,4474
ColorBordes,ASM,512,4466,4466
ColorBordes,ASM,512,4462,4462
ColorBordes,ASM,512,4456,4456
ColorBordes,ASM,512,4455,4455
ColorBordes,ASM,512,4454,4454
ColorBordes,ASM,512,4443,4443
ColorBordes,ASM,512,4455,4455
ColorBordes,ASM,512,4461,4461
ColorBordes,ASM,512,4447,4447
ColorBordes,ASM,512,4462,4462
ColorBordes,ASM,512,4458,4458
ColorBordes,ASM,512,4446,4446
ColorBordes,ASM,512,4480,4480
ColorBordes,ASM,512,4579,4579
ColorBordes,ASM,512,4546,4546
ColorBordes,ASM,512,4513,4513
ColorBordes,ASM,512,4566,4566
ColorBordes,ASM,512,4533,4533
ColorBordes,ASM,512,4540,4540
ColorBordes,ASM,512,4561,4561
ColorBordes,ASM,512,4545,4545
ColorBordes,ASM,512,4550,4550
ColorBordes,ASM,512,4563,4563
ColorBordes,ASM,512,4540,4540
ColorBordes,ASM,512,4569,4569
ColorBordes,ASM,512,4640,4640
ColorBordes,ASM,512,4539,4539
ColorBordes,ASM,512,4569,4569
ColorBordes,ASM,512,4511,4511
ColorBordes,ASM,512,4565,4565
ColorBordes,ASM,512,4534,4534
ColorBordes,ASM,512,4521,4521
ColorBordes,ASM,512,4540,4540
ColorBordes,ASM,512,4525,4525
ColorBordes,ASM,512,4526,4526
ColorBordes,ASM,512,5227,5227
ColorBordes,ASM,512,4545,4545
ColorBordes,ASM,512,4532,4532
ColorBordes,ASM,512,4537,4537
ColorBordes,ASM,512,4531,4531
ColorBordes,ASM,512,4549,4549
ColorBordes,ASM,512,4513,4513
ColorBordes,ASM,512,4549,4549
ColorBordes,ASM,512,4539,4539
ColorBordes,ASM,512,4595,4595
ColorBordes,ASM,512,4512,4512
ColorBordes,ASM,512,4536,4536
ColorBordes,ASM,512,4526,4526
ColorBordes,ASM,512,4532,4532
ColorBordes,ASM,512,4522,4522
ColorBordes,ASM,512,4565,4565
ColorBordes,ASM,512,4542,4542
ColorBordes,ASM,512,4549,4549
ColorBordes,ASM,512,4527,4527
ColorBordes,ASM,512,4551,4551
ColorBordes,ASM,512,4537,4537
ColorBordes,ASM,512,4541,4541
ColorBordes,ASM,512,4569,4569
ColorBordes,ASM,512,4532,4532
ColorBordes,ASM,512,4544,4544
ColorBordes,ASM,512,4555,4555
ColorBordes,ASM,512,4555,4555
ColorBordes,ASM,512,4529,4529
ColorBordes,ASM,512,4534,4534
ColorBordes,ASM,512,4522,4522
ColorBordes,ASM,512,4573,4573
ColorBordes,ASM,512,4522,4522
ColorBordes,ASM,512,4536,4536
ColorBordes,ASM,512,4545,4545
ColorBordes,ASM,512,4518,4518
ColorBordes,ASM,512,4540,4540
ColorBordes,ASM,512,4533,4533
ColorBordes,ASM,512,4530,4530
ColorBordes,ASM,512,4537,4537
ColorBordes,ASM,512,4537,4537
ColorBordes,ASM,512,4524,4524
ColorBordes,ASM,512,4579,4579
ColorBordes,ASM,512,4606,4606
ColorBordes,ASM,512,4530,4530
ColorBordes,ASM,512,4515,4515
ColorBordes,ASM,512,4540,4540
ColorBordes,ASM,512,4508,4508
ColorBordes,ASM,512,4530,4530
ColorBordes,ASM,512,4506,4506
ColorBordes,ASM,512,4571,4571
ColorBordes,ASM,512,4523,4523
ColorBordes,ASM,512,4548,4548
ColorBordes,ASM,512,4541,4541
ColorBordes,ASM,512,4533,4533
ColorBordes,ASM,512,4541,4541
ColorBordes,ASM,512,4543,4543
ColorBordes,ASM,512,4569,4569
ColorBordes,ASM,512,4545,4545
ColorBordes,ASM,512,4527,4527
ColorBordes,ASM,512,4539,4539
ColorBordes,ASM,512,4596,4596
ColorBordes,ASM,512,4535,4535
ColorBordes,ASM,512,4650,4650
ColorBordes,ASM,512,4561,4561
ColorBordes,ASM,512,4565,4565
ColorBordes,ASM,512,4555,4555
ColorBordes,ASM,512,4547,4547
ColorBordes,ASM,512,4576,4576
ColorBordes,ASM,512,4534,4534
ColorBordes,ASM,512,4790,4790
ColorBordes,ASM,512,4527,4527
ColorBordes,ASM,512,4537,4537
ColorBordes,ASM,512,4521,4521
ColorBordes,ASM,512,4541,4541
ColorBordes,ASM,512,4521,4521
ColorBordes,ASM,512,4541,4541
ColorBordes,ASM,512,4559,4559
ColorBordes,ASM,512,7274,7274
ColorBordes,ASM,512,4599,4599
ColorBordes,ASM,512,4545,4545
ColorBordes,ASM,512,4584,4584
ColorBordes,ASM,512,5872,5872
ColorBordes,ASM,512,4585,4585
ColorBordes,ASM,512,4741,4741
ColorBordes,ASM,512,7448,7448
ColorBordes,ASM,512,4585,4585
ColorBordes,ASM,512,4523,4523
ColorBordes,ASM,512,4628,4628
ColorBordes,ASM,512,4535,4535
ColorBordes,ASM,512,4541,4541
ColorBordes,ASM,512,4524,4524
ColorBordes,ASM,512,4569,4569
ColorBordes,ASM,512,4543,4543
ColorBordes,ASM,2048,30396,30396
ColorBordes,ASM,2048,27530,27530
ColorBordes,ASM,2048,18972,18972
ColorBordes,ASM,2048,24082,24082
ColorBordes,ASM,2048,18766,18766
ColorBordes,ASM,2048,18815,18815
ColorBordes,ASM,2048,18776,18776
ColorBordes,ASM,2048,18975,18975
ColorBordes,ASM,2048,18760,18760
ColorBordes,ASM,2048,18858,18858
ColorBordes,ASM,2048,18752,18752
ColorBordes,ASM,2048,23465,23465
ColorBordes,ASM,2048,18821,18821
ColorBordes,ASM,2048,18883,18883
ColorBordes,ASM,2048,18740,18740
ColorBordes,ASM,2048,18942,18942
ColorBordes,ASM,2048,23966,23966
ColorBordes,ASM,2048,18861,18861
ColorBordes,ASM,2048,18781,18781
ColorBordes,ASM,2048,18823,18823
ColorBordes,ASM,2048,18831,18831
ColorBordes,ASM,2048,18877,18877
ColorBordes,ASM,2048,18742,18742
ColorBordes,ASM,2048,18822,18822
ColorBordes,ASM,2048,18807,18807
ColorBordes,ASM,2048,18853,18853
ColorBordes,ASM,2048,18760,18760
ColorBordes,ASM,2048,18891,18891
ColorBordes,ASM,2048,18764,18764
ColorBordes,ASM,2048,27910,27910
ColorBordes,ASM,2048,18855,18855
ColorBordes,ASM,2048,18851,18851
ColorBordes,ASM,2048,18752,18752
ColorBordes,ASM,2048,18811,18811
ColorBordes,ASM,2048,18754,18754
ColorBordes,ASM,2048,19055,19055
ColorBordes,ASM,2048,18744,18744
ColorBordes,ASM,2048,18838,18838
ColorBordes,ASM,2048,18916,18916
ColorBordes,ASM,2048,18822,18822
ColorBordes,ASM,2048,18750,18750
ColorBordes,ASM,2048,18869,18869
ColorBordes,ASM,2048,18835,18835
ColorBordes,ASM,2048,18928,18928
ColorBordes,ASM,2048,18801,18801
ColorBordes,ASM,2048,18863,18863
ColorBordes,ASM,2048,18740,18740
ColorBordes,ASM,2048,18838,18838
ColorBordes,ASM,2048,18713,18713
ColorBordes,ASM,2048,18799,18799
ColorBordes,ASM,2048,18740,18740
ColorBordes,ASM,2048,19011,19011
ColorBordes,ASM,2048,18712,18712
ColorBordes,ASM,2048,18815,18815
ColorBordes,ASM,2048,18752,18752
ColorBordes,ASM,2048,18854,18854
ColorBordes,ASM,2048,18746,18746
ColorBordes,ASM,2048,18816,18816
ColorBordes,ASM,2048,18791,18791
ColorBordes,ASM,2048,18890,18890
ColorBordes,ASM,2048,18815,18815
ColorBordes,ASM,2048,18871,18871
ColorBordes,ASM,2048,18821,18821
ColorBordes,ASM,2048,18862,18862
ColorBordes,ASM,2048,18780,18780
ColorBordes,ASM,2048,18839,18839
ColorBordes,ASM,2048,18738,18738
ColorBordes,ASM,2048,18938,18938
ColorBordes,ASM,2048,18780,18780
ColorBordes,ASM,2048,18797,18797
ColorBordes,ASM,2048,18792,18792
ColorBordes,ASM,2048,18853,18853
ColorBordes,ASM,2048,18813,18813
ColorBordes,ASM,2048,18855,18855
ColorBordes,ASM,2048,18835,18835
ColorBordes,ASM,2048,18851,18851
ColorBordes,ASM,2048,18789,18789
ColorBordes,ASM,2048,18841,18841
ColorBordes,ASM,2048,18752,18752
ColorBordes,ASM,2048,18784,18784
ColorBordes,ASM,2048,18780,18780
ColorBordes,ASM,2048,18815,18815
ColorBordes,ASM,2048,49096,49096
ColorBordes,ASM,2048,18910,18910
ColorBordes,ASM,2048,18853,18853
ColorBordes,ASM,2048,18828,18828
ColorBordes,ASM,2048,18811,18811
ColorBordes,ASM,2048,18857,18857
ColorBordes,ASM,2048,18766,18766
ColorBordes,ASM,2048,18876,18876
ColorBordes,ASM,2048,18739,18739
ColorBordes,ASM,2048,18862,18862
ColorBordes,ASM,2048,18824,18824
ColorBordes,ASM,2048,18922,18922
ColorBordes,ASM,2048,18766,18766
ColorBordes,ASM,2048,26046,26046
ColorBordes,ASM,2048,18811,18811
ColorBordes,ASM,2048,19256,19256
ColorBordes,ASM,2048,19134,19134
ColorBordes,ASM,2048,18967,18967
ColorBordes,ASM,2048,18829,18829
ColorBordes,ASM,2048,22157,22157
ColorBordes,ASM,2048,18814,18814
ColorBordes,ASM,2048,18959,18959
ColorBordes,ASM,2048,24181,24181
ColorBordes,ASM,2048,31034,31034
ColorBordes,ASM,2048,18803,18803
ColorBordes,ASM,2048,18817,18817
ColorBordes,ASM,2048,18892,18892
ColorBordes,ASM,2048,28194,28194
ColorBordes,ASM,2048,18971,18971
ColorBordes,ASM,2048,18871,18871
ColorBordes,ASM,2048,18833,18833
ColorBordes,ASM,2048,28469,28469
ColorBordes,ASM,2048,18823,18823
ColorBordes,ASM,2048,18894,18894
ColorBordes,ASM,2048,18807,18807
ColorBordes,ASM,2048,19222,19222
ColorBordes,ASM,2048,18776,18776
ColorBordes,ASM,2048,19347,19347
ColorBordes,ASM,2048,18752,18752
ColorBordes,ASM,2048,18806,18806
ColorBordes,ASM,2048,18766,18766
ColorBordes,ASM,2048,18866,18866
ColorBordes,ASM,2048,18718,18718
ColorBordes,ASM,2048,18988,18988
ColorBordes,ASM,2048,19032,19032
ColorBordes,ASM,2048,19217,19217
ColorBordes,ASM,2048,29540,29540
ColorBordes,ASM,2048,23977,23977
ColorBordes,ASM,2048,24155,24155
ColorBordes,ASM,2048,18866,18866
ColorBordes,ASM,2048,20701,20701
ColorBordes,ASM,2048,18991,18991
ColorBordes,ASM,2048,18966,18966
ColorBordes,ASM,2048,19064,19064
ColorBordes,ASM,2048,19155,19155
ColorBordes,ASM,2048,18845,18845
ColorBordes,ASM,2048,18814,18814
ColorBordes,ASM,2048,18889,18889
ColorBordes,ASM,2048,18981,18981
ColorBordes,ASM,2048,19272,19272
ColorBordes,ASM,2048,18831,18831
ColorBordes,ASM,2048,18881,18881
ColorBordes,ASM,2048,18767,18767
ColorBordes,ASM,2048,18792,18792
ColorBordes,ASM,2048,19092,19092
ColorBordes,ASM,2048,18906,18906
ColorBordes,ASM,2048,18859,18859
ColorBordes,ASM,2048,18827,18827
ColorBordes,ASM,2048,18813,18813
ColorBordes,ASM,2048,19954,19954
ColorBordes,ASM,2048,19571,19571
ColorBordes,ASM,2048,25708,25708
ColorBordes,ASM,2048,19001,19001
ColorBordes,ASM,2048,18939,18939
ColorBordes,ASM,2048,18841,18841
ColorBordes,ASM,2048,18997,18997
ColorBordes,ASM,2048,18787,18787
ColorBordes,ASM,2048,27821,27821
ColorBordes,ASM,2048,18997,18997
ColorBordes,ASM,2048,19003,19003
ColorBordes,ASM,2048,29071,29071
ColorBordes,ASM,2048,18908,18908
ColorBordes,ASM,2048,18855,18855
ColorBordes,ASM,2048,25121,25121
ColorBordes,ASM,2048,19487,19487
ColorBordes,ASM,2048,18898,18898
ColorBordes,ASM,2048,19124,19124
ColorBordes,ASM,2048,18841,18841
ColorBordes,ASM,2048,18814,18814
ColorBordes,ASM,2048,19060,19060
ColorBordes,ASM,2048,19727,19727
ColorBordes,ASM,2048,18802,18802
ColorBordes,ASM,2048,20025,20025
ColorBordes,ASM,2048,19232,19232
ColorBordes,ASM,2048,18841,18841
ColorBordes,ASM,2048,20726,20726
ColorBordes,ASM,2048,18908,18908
ColorBordes,ASM,2048,26529,26529
ColorBordes,ASM,2048,19390,19390
ColorBordes,ASM,2048,18997,18997
ColorBordes,ASM,2048,18804,18804
ColorBordes,ASM,2048,19086,19086
ColorBordes,ASM,2048,18800,18800
ColorBordes,ASM,2048,18951,18951
ColorBordes,ASM,2048,25349,25349
ColorBordes,ASM,2048,18814,18814
ColorBordes,ASM,2048,18784,18784
ColorBordes,ASM,2048,18890,18890
ColorBordes,ASM,2048,18732,18732
ColorBordes,ASM,2048,18833,18833
ColorBordes,ASM,2048,18863,18863
ColorBordes,ASM,2048,22288,22288
ColorBordes,ASM,2048,19082,19082
ColorBordes,ASM,2048,19056,19056
ColorBordes,ASM,2048,18890,18890
ColorBordes,ASM,2048,19195,19195
ColorBordes,ASM,2048,18859,18859
ColorBordes,ASM,2048,19205,19205
ColorBordes,ASM,2048,29429,29429
ColorBordes,ASM,2048,18971,18971
ColorBordes,ASM,2048,18990,18990
ColorBordes,ASM,2048,18828,18828
ColorBordes,ASM,2048,18862,18862
ColorBordes,ASM,2048,19189,19189
ColorBordes,ASM,2048,28412,28412
ColorBordes,ASM,2048,34627,34627
ColorBordes,ASM,2048,34345,34345
ColorBordes,ASM,2048,39954,39954
ColorBordes,ASM,2048,34573,34573
ColorBordes,ASM,2048,34657,34657
ColorBordes,ASM,2048,34267,34267
ColorBordes,ASM,2048,35227,35227
ColorBordes,ASM,2048,34963,34963
ColorBordes,ASM,2048,34965,34965
ColorBordes,ASM,2048,33414,33414
ColorBordes,ASM,2048,33743,33743
ColorBordes,ASM,2048,33650,33650
ColorBordes,ASM,2048,33528,33528
ColorBordes,ASM,2048,34502,34502
ColorBordes,ASM,2048,36526,36526
ColorBordes,ASM,2048,34368,34368
ColorBordes,ASM,2048,31481,31481
ColorBordes,ASM,2048,31989,31989
ColorBordes,ASM,2048,34797,34797
ColorBordes,ASM,2048,33993,33993
ColorBordes,ASM,2048,34088,34088
ColorBordes,ASM,2048,34743,34743
ColorBordes,ASM,2048,37933,37933
ColorBordes,ASM,2048,36492,36492
ColorBordes,ASM,2048,36613,36613
ColorBordes,ASM,2048,36597,36597
ColorBordes,ASM,2048,34008,34008
ColorBordes,ASM,2048,35129,35129
ColorBordes,ASM,2048,35696,35696
ColorBordes,ASM,2048,35473,35473
ColorBordes,ASM,2048,40473,40473
ColorBordes,ASM,2048,37156,37156
ColorBordes,ASM,2048,34900,34900
ColorBordes,ASM,2048,35160,35160
ColorBordes,ASM,2048,35281,35281
ColorBordes,ASM,2048,34916,34916
ColorBordes,ASM,2048,34775,34775
ColorBordes,ASM,2048,34844,34844
ColorBordes,ASM,2048,35848,35848
ColorBordes,ASM,2048,35585,35585
ColorBordes,ASM,2048,35660,35660
ColorBordes,ASM,2048,35524,35524
ColorBordes,ASM,2048,34144,34144
ColorBordes,ASM,2048,36145,36145
ColorBordes,ASM,2048,35239,35239
ColorBordes,ASM,2048,36578,36578
ColorBordes,ASM,2048,34892,34892
ColorBordes,ASM,2048,36148,36148
ColorBordes,ASM,2048,35842,35842
ColorBordes,ASM,2048,35575,35575
ColorBordes,ASM,2048,35308,35308
ColorBordes,ASM,2048,34810,34810
ColorBordes,ASM,2048,34456,34456
ColorBordes,ASM,2048,35008,35008
ColorBordes,ASM,2048,35126,35126
ColorBordes,ASM,2048,35351,35351
ColorBordes,ASM,2048,34951,34951
ColorBordes,ASM,2048,38006,38006
ColorBordes,ASM,2048,35803,35803
ColorBordes,ASM,2048,35335,35335
ColorBordes,ASM,2048,36302,36302
ColorBordes,ASM,2048,34487,34487
ColorBordes,ASM,2048,35334,35334
ColorBordes,ASM,2048,36022,36022
ColorBordes,ASM,2048,34168,34168
ColorBordes,ASM,2048,34024,34024
ColorBordes,ASM,2048,35660,35660
ColorBordes,ASM,2048,36591,36591
ColorBordes,ASM,2048,34427,34427
ColorBordes,ASM,2048,38850,38850
ColorBordes,ASM,2048,30708,30708
ColorBordes,ASM,2048,35097,35097
ColorBordes,ASM,2048,34319,34319
ColorBordes,ASM,2048,30659,30659
ColorBordes,ASM,2048,19011,19011
ColorBordes,ASM,2048,18829,18829
ColorBordes,ASM,2048,18867,18867
ColorBordes,ASM,2048,18786,18786
ColorBordes,ASM,2048,18863,18863
ColorBordes,ASM,2048,18774,18774
ColorBordes,ASM,2048,18892,18892
ColorBordes,ASM,2048,18809,18809
ColorBordes,ASM,2048,18886,18886
ColorBordes,ASM,2048,18835,18835
ColorBordes,ASM,2048,18914,18914
ColorBordes,ASM,2048,18967,18967
ColorBordes,ASM,2048,18886,18886
ColorBordes,ASM,2048,18756,18756
ColorBordes,ASM,2048,18853,18853
ColorBordes,ASM,2048,18764,18764
ColorBordes,ASM,2048,18890,18890
ColorBordes,ASM,2048,18772,18772
ColorBordes,ASM,2048,18897,18897
ColorBordes,ASM,8192,130867,130867
ColorBordes,ASM,8192,116846,116846
ColorBordes,ASM,8192,129717,129717
ColorBordes,ASM,8192,128609,128609
ColorBordes,ASM,8192,133096,133096
ColorBordes,ASM,8192,130140,130140
ColorBordes,ASM,8192,79778,79778
ColorBordes,ASM,8192,77346,77346
ColorBordes,ASM,8192,79560,79560
ColorBordes,ASM,8192,87658,87658
ColorBordes,ASM,8192,79459,79459
ColorBordes,ASM,8192,77375,77375
ColorBordes,ASM,8192,79613,79613
ColorBordes,ASM,8192,77323,77323
ColorBordes,ASM,8192,79549,79549
ColorBordes,ASM,8192,77538,77538
ColorBordes,ASM,8192,79571,79571
ColorBordes,ASM,8192,77455,77455
ColorBordes,ASM,8192,79461,79461
ColorBordes,ASM,8192,87510,87510
ColorBordes,ASM,8192,79642,79642
ColorBordes,ASM,8192,77442,77442
ColorBordes,ASM,8192,79615,79615
ColorBordes,ASM,8192,77402,77402
ColorBordes,ASM,8192,79561,79561
ColorBordes,ASM,8192,77380,77380
ColorBordes,ASM,8192,79648,79648
ColorBordes,ASM,8192,78184,78184
ColorBordes,ASM,8192,79437,79437
ColorBordes,ASM,8192,77443,77443
ColorBordes,ASM,8192,98574,98574
ColorBordes,ASM,8192,99703,99703
ColorBordes,ASM,8192,117342,117342
ColorBordes,ASM,8192,107294,107294
ColorBordes,ASM,8192,116509,116509
ColorBordes,ASM,8192,109627,109627
ColorBordes,ASM,8192,79664,79664
ColorBordes,ASM,8192,84587,84587
ColorBordes,ASM,8192,79763,79763
ColorBordes,ASM,8192,118708,118708
ColorBordes,ASM,8192,79650,79650
ColorBordes,ASM,8192,77293,77293
ColorBordes,ASM,8192,79500,79500
ColorBordes,ASM,8192,77304,77304
ColorBordes,ASM,8192,79469,79469
ColorBordes,ASM,8192,77295,77295
ColorBordes,ASM,8192,79518,79518
ColorBordes,ASM,8192,122935,122935
ColorBordes,ASM,8192,118463,118463
ColorBordes,ASM,8192,89093,89093
ColorBordes,ASM,8192,90775,90775
ColorBordes,ASM,8192,77410,77410
ColorBordes,ASM,8192,79632,79632
ColorBordes,ASM,8192,106554,106554
ColorBordes,ASM,8192,79704,79704
ColorBordes,ASM,8192,77531,77531
ColorBordes,ASM,8192,79496,79496
ColorBordes,ASM,8192,77342,77342
ColorBordes,ASM,8192,79595,79595
ColorBordes,ASM,8192,92395,92395
ColorBordes,ASM,8192,79824,79824
ColorBordes,ASM,8192,76008,76008
ColorBordes,ASM,8192,77925,77925
ColorBordes,ASM,8192,77483,77483
ColorBordes,ASM,8192,79457,79457
ColorBordes,ASM,8192,77847,77847
ColorBordes,ASM,8192,81178,81178
ColorBordes,ASM,8192,80988,80988
ColorBordes,ASM,8192,83362,83362
ColorBordes,ASM,8192,85909,85909
ColorBordes,ASM,8192,80302,80302
ColorBordes,ASM,8192,77299,77299
ColorBordes,ASM,8192,101179,101179
ColorBordes,ASM,8192,82324,82324
ColorBordes,ASM,8192,79494,79494
ColorBordes,ASM,8192,77368,77368
ColorBordes,ASM,8192,79425,79425
ColorBordes,ASM,8192,77603,77603
ColorBordes,ASM,8192,79611,79611
ColorBordes,ASM,8192,77279,77279
ColorBordes,ASM,8192,79525,79525
ColorBordes,ASM,8192,77407,77407
ColorBordes,ASM,8192,79614,79614
ColorBordes,ASM,8192,77459,77459
ColorBordes,ASM,8192,79619,79619
ColorBordes,ASM,8192,77405,77405
ColorBordes,ASM,8192,79571,79571
ColorBordes,ASM,8192,77354,77354
ColorBordes,ASM,8192,79536,79536
ColorBordes,ASM,8192,77603,77603
ColorBordes,ASM,8192,79477,79477
ColorBordes,ASM,8192,77294,77294
ColorBordes,ASM,8192,79738,79738
ColorBordes,ASM,8192,78247,78247
ColorBordes,ASM,8192,100125,100125
ColorBordes,ASM,8192,77278,77278
ColorBordes,ASM,8192,83299,83299
ColorBordes,ASM,8192,77297,77297
ColorBordes,ASM,8192,93410,93410
ColorBordes,ASM,8192,77684,77684
ColorBordes,ASM,8192,83606,83606
ColorBordes,ASM,8192,77364,77364
ColorBordes,ASM,8192,79603,79603
ColorBordes,ASM,8192,77326,77326
ColorBordes,ASM,8192,80176,80176
ColorBordes,ASM,8192,77441,77441
ColorBordes,ASM,8192,80106,80106
ColorBordes,ASM,8192,78427,78427
ColorBordes,ASM,8192,90160,90160
ColorBordes,ASM,8192,123368,123368
ColorBordes,ASM,8192,79648,79648
ColorBordes,ASM,8192,77265,77265
ColorBordes,ASM,8192,79603,79603
ColorBordes,ASM,8192,77337,77337
ColorBordes,ASM,8192,79773,79773
ColorBordes,ASM,8192,90101,90101
ColorBordes,ASM,8192,147809,147809
ColorBordes,ASM,8192,77269,77269
ColorBordes,ASM,8192,79520,79520
ColorBordes,ASM,8192,104505,104505
ColorBordes,ASM,8192,79498,79498
ColorBordes,ASM,8192,77227,77227
ColorBordes,ASM,8192,79493,79493
ColorBordes,ASM,8192,113176,113176
ColorBordes,ASM,8192,113896,113896
ColorBordes,ASM,8192,119702,119702
ColorBordes,ASM,8192,138962,138962
ColorBordes,ASM,8192,77898,77898
ColorBordes,ASM,8192,80465,80465
ColorBordes,ASM,8192,77492,77492
ColorBordes,ASM,8192,79716,79716
ColorBordes,ASM,8192,77346,77346
ColorBordes,ASM,8192,79490,79490
ColorBordes,ASM,8192,77322,77322
ColorBordes,ASM,8192,87249,87249
ColorBordes,ASM,8192,77411,77411
ColorBordes,ASM,8192,79565,79565
ColorBordes,ASM,8192,77356,77356
ColorBordes,ASM,8192,79573,79573
ColorBordes,ASM,8192,77240,77240
ColorBordes,ASM,8192,79493,79493
ColorBordes,ASM,8192,77275,77275
ColorBordes,ASM,8192,79520,79520
ColorBordes,ASM,8192,96014,96014
ColorBordes,ASM,8192,81528,81528
ColorBordes,ASM,8192,85520,85520
ColorBordes,ASM,8192,79425,79425
ColorBordes,ASM,8192,128187,128187
ColorBordes,ASM,8192,79538,79538
ColorBordes,ASM,8192,77336,77336
ColorBordes,ASM,8192,79506,79506
ColorBordes,ASM,8192,114479,114479
ColorBordes,ASM,8192,82810,82810
ColorBordes,ASM,8192,120130,120130
ColorBordes,ASM,8192,87476,87476
ColorBordes,ASM,8192,77317,77317
ColorBordes,ASM,8192,79477,79477
ColorBordes,ASM,8192,77350,77350
ColorBordes,ASM,8192,91111,91111
ColorBordes,ASM,8192,77599,77599
ColorBordes,ASM,8192,79547,79547
ColorBordes,ASM,8192,77449,77449
ColorBordes,ASM,8192,79551,79551
ColorBordes,ASM,8192,77279,77279
ColorBordes,ASM,8192,94553,94553
ColorBordes,ASM,8192,77391,77391
ColorBordes,ASM,8192,79534,79534
ColorBordes,ASM,8192,86433,86433
ColorBordes,ASM,8192,93274,93274
ColorBordes,ASM,8192,77277,77277
ColorBordes,ASM,8192,79508,79508
ColorBordes,ASM,8192,77394,77394
ColorBordes,ASM,8192,112598,112598
ColorBordes,ASM,8192,95954,95954
ColorBordes,ASM,8192,79512,79512
ColorBordes,ASM,8192,77311,77311
ColorBordes,ASM,8192,79558,79558
ColorBordes,ASM,8192,77415,77415
ColorBordes,ASM,8192,79512,79512
ColorBordes,ASM,8192,77178,77178
ColorBordes,ASM,8192,97195,97195
ColorBordes,ASM,8192,77322,77322
ColorBordes,ASM,8192,79560,79560
ColorBordes,ASM,8192,77299,77299
ColorBordes,ASM,8192,79424,79424
ColorBordes,ASM,8192,77372,77372
ColorBordes,ASM,8192,79468,79468
ColorBordes,ASM,8192,77457,77457
ColorBordes,ASM,8192,79486,79486
ColorBordes,ASM,8192,77341,77341
ColorBordes,ASM,8192,79642,79642
ColorBordes,ASM,8192,77376,77376
ColorBordes,ASM,8192,109147,109147
ColorBordes,ASM,8192,129057,129057
ColorBordes,ASM,8192,79526,79526
ColorBordes,ASM,8192,77315,77315
ColorBordes,ASM,8192,79551,79551
ColorBordes,ASM,8192,77356,77356
ColorBordes,ASM,8192,106020,106020
ColorBordes,ASM,8192,77348,77348
ColorBordes,ASM,8192,79542,79542
ColorBordes,ASM,8192,92709,92709
ColorBordes,ASM,8192,95650,95650
ColorBordes,ASM,8192,77372,77372
ColorBordes,ASM,8192,79455,79455
ColorBordes,ASM,8192,77431,77431
ColorBordes,ASM,8192,79411,79411
ColorBordes,ASM,8192,77508,77508
ColorBordes,ASM,8192,79546,79546
ColorBordes,ASM,8192,77366,77366
ColorBordes,ASM,8192,79529,79529
ColorBordes,ASM,8192,77295,77295
ColorBordes,ASM,8192,83360,83360
ColorBordes,ASM,8192,77512,77512
ColorBordes,ASM,8192,79617,79617
ColorBordes,ASM,8192,86806,86806
ColorBordes,ASM,8192,79474,79474
ColorBordes,ASM,8192,79220,79220
ColorBordes,ASM,8192,79543,79543
ColorBordes,ASM,8192,77304,77304
ColorBordes,ASM,8192,79481,79481
ColorBordes,ASM,8192,77267,77267
ColorBordes,ASM,8192,79463,79463
ColorBordes,ASM,8192,77397,77397
ColorBordes,ASM,8192,79463,79463
ColorBordes,ASM,8192,77283,77283
ColorBordes,ASM,8192,79479,79479
ColorBordes,ASM,8192,77375,77375
ColorBordes,ASM,8192,79516,79516
ColorBordes,ASM,8192,77401,77401
ColorBordes,ASM,8192,79625,79625
ColorBordes,ASM,8192,77516,77516
ColorBordes,ASM,8192,79615,79615
ColorBordes,ASM,8192,77439,77439
ColorBordes,ASM,8192,79634,79634
ColorBordes,ASM,8192,77356,77356
ColorBordes,ASM,8192,79559,79559
ColorBordes,ASM,8192,77344,77344
ColorBordes,ASM,8192,79532,79532
ColorBordes,ASM,8192,77381,77381
ColorBordes,ASM,8192,79459,79459
ColorBordes,ASM,8192,77327,77327
ColorBordes,ASM,8192,79589,79589
ColorBordes,ASM,8192,77447,77447
ColorBordes,ASM,8192,79388,79388
ColorBordes,ASM,8192,77323,77323
ColorBordes,ASM,8192,79475,79475
ColorBordes,ASM,8192,95045,95045
ColorBordes,ASM,8192,124635,124635
ColorBordes,ASM,8192,116143,116143
ColorBordes,ASM,8192,79550,79550
ColorBordes,ASM,8192,77300,77300
ColorBordes,ASM,8192,79585,79585
ColorBordes,ASM,8192,77372,77372
ColorBordes,ASM,8192,79455,79455
ColorBordes,ASM,8192,77362,77362
ColorBordes,ASM,8192,79614,79614
ColorBordes,ASM,8192,77267,77267
ColorBordes,ASM,8192,79482,79482
ColorBordes,ASM,8192,77409,77409
ColorBordes,ASM,8192,79438,79438
ColorBordes,ASM,8192,77326,77326
ColorBordes,ASM,8192,79442,79442
ColorBordes,ASM,8192,77406,77406
ColorBordes,ASM,8192,79559,79559
ColorBordes,ASM,8192,77290,77290
ColorBordes,ASM,8192,79392,79392
ColorBordes,ASM,8192,77218,77218
ColorBordes,ASM,8192,79344,79344
ColorBordes,ASM,8192,77197,77197
ColorBordes,ASM,8192,79419,79419
ColorBordes,ASM,8192,77198,77198
ColorBordes,ASM,8192,79522,79522
ColorBordes,ASM,8192,86185,86185
ColorBordes,ASM,8192,79520,79520
ColorBordes,ASM,8192,75939,75939
ColorBordes,ASM,8192,77953,77953
ColorBordes,ASM,8192,75911,75911
ColorBordes,ASM,8192,79589,79589
ColorBordes,ASM,8192,77395,77395
ColorBordes,ASM,8192,79455,79455
ColorBordes,ASM,8192,77354,77354
ColorBordes,ASM,8192,79553,79553
ColorBordes,ASM,8192,77289,77289
ColorBordes,ASM,8192,79500,79500
ColorBordes,ASM,8192,77216,77216
ColorBordes,ASM,8192,79557,79557
ColorBordes,ASM,8192,77233,77233
ColorBordes,ASM,8192,79488,79488
ColorBordes,ASM,8192,77196,77196
ColorBordes,ASM,8192,79518,79518
ColorBordes,ASM,8192,77236,77236
ColorBordes,ASM,8192,79525,79525
ColorBordes,ASM,8192,77356,77356
ColorBordes,ASM,8192,79508,79508
ColorBordes,ASM,8192,77352,77352
ColorBordes,ASM,8192,79510,79510
ColorBordes,ASM,8192,77284,77284
ColorBordes,ASM,8192,79494,79494
ColorBordes,ASM,8192,77308,77308
ColorBordes,ASM,32768,303782,303782
ColorBordes,ASM,32768,303122,303122
ColorBordes,ASM,32768,301680,301680
ColorBordes,ASM,32768,302529,302529
ColorBordes,ASM,32768,301988,301988
ColorBordes,ASM,32768,302567,302567
ColorBordes,ASM,32768,301632,301632
ColorBordes,ASM,32768,302735,302735
ColorBordes,ASM,32768,311564,311564
ColorBordes,ASM,32768,352130,352130
ColorBordes,ASM,32768,303304,303304
ColorBordes,ASM,32768,302668,302668
ColorBordes,ASM,32768,301966,301966
ColorBordes,ASM,32768,315147,315147
ColorBordes,ASM,32768,322083,322083
ColorBordes,ASM,32768,362912,362912
ColorBordes,ASM,32768,322085,322085
ColorBordes,ASM,32768,338735,338735
ColorBordes,ASM,32768,301727,301727
ColorBordes,ASM,32768,294464,294464
ColorBordes,ASM,32768,305480,305480
ColorBordes,ASM,32768,321238,321238
ColorBordes,ASM,32768,293444,293444
ColorBordes,ASM,32768,294431,294431
ColorBordes,ASM,32768,347756,347756
ColorBordes,ASM,32768,291287,291287
ColorBordes,ASM,32768,336099,336099
ColorBordes,ASM,32768,289154,289154
ColorBordes,ASM,32768,354926,354926
ColorBordes,ASM,32768,299890,299890
ColorBordes,ASM,32768,311748,311748
ColorBordes,ASM,32768,295097,295097
ColorBordes,ASM,32768,293243,293243
ColorBordes,ASM,32768,294365,294365
ColorBordes,ASM,32768,310173,310173
ColorBordes,ASM,32768,294107,294107
ColorBordes,ASM,32768,293146,293146
ColorBordes,ASM,32768,294146,294146
ColorBordes,ASM,32768,302800,302800
ColorBordes,ASM,32768,294324,294324
ColorBordes,ASM,32768,293427,293427
ColorBordes,ASM,32768,307357,307357
ColorBordes,ASM,32768,308367,308367
ColorBordes,ASM,32768,294227,294227
ColorBordes,ASM,32768,293322,293322
ColorBordes,ASM,32768,294676,294676
ColorBordes,ASM,32768,306389,306389
ColorBordes,ASM,32768,294753,294753
ColorBordes,ASM,32768,293191,293191
ColorBordes,ASM,32768,294399,294399
ColorBordes,ASM,32768,322522,322522
ColorBordes,ASM,32768,382589,382589
ColorBordes,ASM,32768,308770,308770
ColorBordes,ASM,32768,301410,301410
ColorBordes,ASM,32768,298140,298140
ColorBordes,ASM,32768,336010,336010
ColorBordes,ASM,32768,327872,327872
ColorBordes,ASM,32768,303292,303292
ColorBordes,ASM,32768,301939,301939
ColorBordes,ASM,32768,351272,351272
ColorBordes,ASM,32768,313233,313233
ColorBordes,ASM,32768,318116,318116
ColorBordes,ASM,32768,315829,315829
ColorBordes,ASM,32768,302752,302752
ColorBordes,ASM,32768,301835,301835
ColorBordes,ASM,32768,302895,302895
ColorBordes,ASM,32768,299041,299041
ColorBordes,ASM,32768,312341,312341
ColorBordes,ASM,32768,301996,301996
ColorBordes,ASM,32768,302835,302835
ColorBordes,ASM,32768,301847,301847
ColorBordes,ASM,32768,313708,313708
ColorBordes,ASM,32768,301579,301579
ColorBordes,ASM,32768,302705,302705
ColorBordes,ASM,32768,301622,301622
ColorBordes,ASM,32768,302725,302725
ColorBordes,ASM,32768,366085,366085
ColorBordes,ASM,32768,317841,317841
ColorBordes,ASM,32768,301612,301612
ColorBordes,ASM,32768,302940,302940
ColorBordes,ASM,32768,313784,313784
ColorBordes,ASM,32768,302719,302719
ColorBordes,ASM,32768,301558,301558
ColorBordes,ASM,32768,302854,302854
ColorBordes,ASM,32768,301923,301923
ColorBordes,ASM,32768,302571,302571
ColorBordes,ASM,32768,301804,301804
ColorBordes,ASM,32768,302861,302861
ColorBordes,ASM,32768,301861,301861
ColorBordes,ASM,32768,356141,356141
ColorBordes,ASM,32768,301964,301964
ColorBordes,ASM,32768,302892,302892
ColorBordes,ASM,32768,301545,301545
ColorBordes,ASM,32768,302677,302677
ColorBordes,ASM,32768,301470,301470
ColorBordes,ASM,32768,413830,413830
ColorBordes,ASM,32768,301891,301891
ColorBordes,ASM,32768,302723,302723
ColorBordes,ASM,32768,301654,301654
ColorBordes,ASM,32768,302737,302737
ColorBordes,ASM,32768,301557,301557
ColorBordes,ASM,32768,303085,303085
ColorBordes,ASM,32768,301981,301981
ColorBordes,ASM,32768,302757,302757
ColorBordes,ASM,32768,301422,301422
ColorBordes,ASM,32768,302590,302590
ColorBordes,ASM,32768,359338,359338
ColorBordes,ASM,32768,312716,312716
ColorBordes,ASM,32768,301792,301792
ColorBordes,ASM,32768,302743,302743
ColorBordes,ASM,32768,302027,302027
ColorBordes,ASM,32768,303292,303292
ColorBordes,ASM,32768,301634,301634
ColorBordes,ASM,32768,359799,359799
ColorBordes,ASM,32768,418693,418693
ColorBordes,ASM,32768,326138,326138
ColorBordes,ASM,32768,301738,301738
ColorBordes,ASM,32768,297365,297365
ColorBordes,ASM,32768,296796,296796
ColorBordes,ASM,32768,302780,302780
ColorBordes,ASM,32768,306904,306904
ColorBordes,ASM,32768,366708,366708
ColorBordes,ASM,32768,301944,301944
ColorBordes,ASM,32768,302970,302970
ColorBordes,ASM,32768,301681,301681
ColorBordes,ASM,32768,333077,333077
ColorBordes,ASM,32768,302187,302187
ColorBordes,ASM,32768,389782,389782
ColorBordes,ASM,32768,301735,301735
ColorBordes,ASM,32768,302713,302713
ColorBordes,ASM,32768,328919,328919
ColorBordes,ASM,32768,302733,302733
ColorBordes,ASM,32768,319367,319367
ColorBordes,ASM,32768,311963,311963
ColorBordes,ASM,32768,301921,301921
ColorBordes,ASM,32768,339908,339908
ColorBordes,ASM,32768,309916,309916
ColorBordes,ASM,32768,309371,309371
ColorBordes,ASM,32768,301897,301897
ColorBordes,ASM,32768,309795,309795
ColorBordes,ASM,32768,301685,301685
ColorBordes,ASM,32768,302952,302952
ColorBordes,ASM,32768,301588,301588
ColorBordes,ASM,32768,310273,310273
ColorBordes,ASM,32768,312369,312369
ColorBordes,ASM,32768,302792,302792
ColorBordes,ASM,32768,330964,330964
ColorBordes,ASM,32768,312584,312584
ColorBordes,ASM,32768,438082,438082
ColorBordes,ASM,32768,303315,303315
ColorBordes,ASM,32768,301831,301831
ColorBordes,ASM,32768,303007,303007
ColorBordes,ASM,32768,301596,301596
ColorBordes,ASM,32768,302932,302932
ColorBordes,ASM,32768,301486,301486
ColorBordes,ASM,32768,314266,314266
ColorBordes,ASM,32768,312486,312486
ColorBordes,ASM,32768,302663,302663
ColorBordes,ASM,32768,301644,301644
ColorBordes,ASM,32768,303057,303057
ColorBordes,ASM,32768,311325,311325
ColorBordes,ASM,32768,326046,326046
ColorBordes,ASM,32768,301304,301304
ColorBordes,ASM,32768,303650,303650
ColorBordes,ASM,32768,301731,301731
ColorBordes,ASM,32768,302976,302976
ColorBordes,ASM,32768,302086,302086
ColorBordes,ASM,32768,302713,302713
ColorBordes,ASM,32768,301624,301624
ColorBordes,ASM,32768,302674,302674
ColorBordes,ASM,32768,457004,457004
ColorBordes,ASM,32768,435056,435056
ColorBordes,ASM,32768,302166,302166
ColorBordes,ASM,32768,302808,302808
ColorBordes,ASM,32768,302118,302118
ColorBordes,ASM,32768,332008,332008
ColorBordes,ASM,32768,301762,301762
ColorBordes,ASM,32768,302865,302865
ColorBordes,ASM,32768,311317,311317
ColorBordes,ASM,32768,302628,302628
ColorBordes,ASM,32768,307529,307529
ColorBordes,ASM,32768,303470,303470
ColorBordes,ASM,32768,301605,301605
ColorBordes,ASM,32768,302701,302701
ColorBordes,ASM,32768,301839,301839
ColorBordes,ASM,32768,302766,302766
ColorBordes,ASM,32768,339531,339531
ColorBordes,ASM,32768,302671,302671
ColorBordes,ASM,32768,301578,301578
ColorBordes,ASM,32768,302741,302741
ColorBordes,ASM,32768,301359,301359
ColorBordes,ASM,32768,329452,329452
ColorBordes,ASM,32768,301644,301644
ColorBordes,ASM,32768,398560,398560
ColorBordes,ASM,32768,303971,303971
ColorBordes,ASM,32768,294245,294245
ColorBordes,ASM,32768,293176,293176
ColorBordes,ASM,32768,294370,294370
ColorBordes,ASM,32768,302950,302950
ColorBordes,ASM,32768,294305,294305
ColorBordes,ASM,32768,293320,293320
ColorBordes,ASM,32768,294336,294336
ColorBordes,ASM,32768,337008,337008
ColorBordes,ASM,32768,294458,294458
ColorBordes,ASM,32768,293273,293273
ColorBordes,ASM,32768,294272,294272
ColorBordes,ASM,32768,307296,307296
ColorBordes,ASM,32768,302065,302065
ColorBordes,ASM,32768,298418,298418
ColorBordes,ASM,32768,294494,294494
ColorBordes,ASM,32768,293440,293440
ColorBordes,ASM,32768,312859,312859
ColorBordes,ASM,32768,293162,293162
ColorBordes,ASM,32768,294275,294275
ColorBordes,ASM,32768,302547,302547
ColorBordes,ASM,32768,294415,294415
ColorBordes,ASM,32768,496695,496695
ColorBordes,ASM,32768,296462,296462
ColorBordes,ASM,32768,293287,293287
ColorBordes,ASM,32768,442012,442012
ColorBordes,ASM,32768,343848,343848
ColorBordes,ASM,32768,294363,294363
ColorBordes,ASM,32768,293463,293463
ColorBordes,ASM,32768,294250,294250
ColorBordes,ASM,32768,295096,295096
ColorBordes,ASM,32768,294271,294271
ColorBordes,ASM,32768,334919,334919
ColorBordes,ASM,32768,294434,294434
ColorBordes,ASM,32768,293392,293392
ColorBordes,ASM,32768,294224,294224
ColorBordes,ASM,32768,347673,347673
ColorBordes,ASM,32768,303677,303677
ColorBordes,ASM,32768,293274,293274
ColorBordes,ASM,32768,294164,294164
ColorBordes,ASM,32768,294001,294001
ColorBordes,ASM,32768,300280,300280
ColorBordes,ASM,32768,293548,293548
ColorBordes,ASM,32768,294328,294328
ColorBordes,ASM,32768,293339,293339
ColorBordes,ASM,32768,294207,294207
ColorBordes,ASM,32768,293121,293121
ColorBordes,ASM,32768,294698,294698
ColorBordes,ASM,32768,294125,294125
ColorBordes,ASM,32768,294567,294567
ColorBordes,ASM,32768,363722,363722
ColorBordes,ASM,32768,353894,353894
ColorBordes,ASM,32768,355291,355291
ColorBordes,ASM,32768,295846,295846
ColorBordes,ASM,32768,295426,295426
ColorBordes,ASM,32768,311462,311462
ColorBordes,ASM,32768,293614,293614
ColorBordes,ASM,32768,505853,505853
ColorBordes,ASM,32768,293397,293397
ColorBordes,ASM,32768,295053,295053
ColorBordes,ASM,32768,301792,301792
ColorBordes,ASM,32768,302578,302578
ColorBordes,ASM,32768,301616,301616
ColorBordes,ASM,32768,302926,302926
ColorBordes,ASM,32768,323581,323581
ColorBordes,ASM,32768,302501,302501
ColorBordes,ASM,32768,318121,318121
ColorBordes,ASM,32768,357014,357014
ColorBordes,ASM,32768,301790,301790
ColorBordes,ASM,32768,302760,302760
ColorBordes,ASM,32768,301591,301591
ColorBordes,ASM,32768,302753,302753
ColorBordes,ASM,32768,301502,301502
ColorBordes,ASM,32768,302725,302725
ColorBordes,ASM,32768,301703,301703
ColorBordes,ASM,32768,302673,302673
ColorBordes,ASM,32768,301760,301760
ColorBordes,ASM,32768,302733,302733
ColorBordes,ASM,32768,310623,310623
ColorBordes,ASM,32768,374063,374063
ColorBordes,ASM,32768,301717,301717
ColorBordes,ASM,32768,302841,302841
ColorBordes,ASM,32768,319259,319259
ColorBordes,ASM,32768,302740,302740
ColorBordes,ASM,32768,301698,301698
ColorBordes,ASM,32768,302561,302561
ColorBordes,ASM,32768,301606,301606
ColorBordes,ASM,32768,302827,302827
ColorBordes,ASM,32768,301841,301841
ColorBordes,ASM,32768,302648,302648
ColorBordes,ASM,32768,301567,301567
ColorBordes,ASM,32768,311779,311779
ColorBordes,ASM,32768,301586,301586
ColorBordes,ASM,32768,302677,302677
ColorBordes,ASM,32768,301905,301905
ColorBordes,ASM,32768,302647,302647
ColorBordes,ASM,32768,301940,301940
ColorBordes,ASM,32768,302592,302592
ColorBordes,ASM,32768,293332,293332
ColorBordes,ASM,32768,294211,294211
ColorBordes,ASM,32768,293426,293426
ColorBordes,ASM,32768,302116,302116
ColorBordes,ASM,32768,293659,293659
ColorBordes,ASM,32768,294682,294682
ColorBordes,ASM,32768,293097,293097
ColorBordes,ASM,32768,294395,294395
ColorBordes,ASM,120000,1154222,1154222
ColorBordes,ASM,120000,1123753,1123753
ColorBordes,ASM,120000,1179373,1179373
ColorBordes,ASM,120000,1111423,1111423
ColorBordes,ASM,120000,1115656,1115656
ColorBordes,ASM,120000,1160504,1160504
ColorBordes,ASM,120000,1128136,1128136
ColorBordes,ASM,120000,1138606,1138606
ColorBordes,ASM,120000,1313054,1313054
ColorBordes,ASM,120000,1344934,1344934
ColorBordes,ASM,120000,1113337,1113337
ColorBordes,ASM,120000,1219517,1219517
ColorBordes,ASM,120000,1108699,1108699
ColorBordes,ASM,120000,1122055,1122055
ColorBordes,ASM,120000,1137515,1137515
ColorBordes,ASM,120000,1154973,1154973
ColorBordes,ASM,120000,1195113,1195113
ColorBordes,ASM,120000,1140414,1140414
ColorBordes,ASM,120000,1108335,1108335
ColorBordes,ASM,120000,1119638,1119638
ColorBordes,ASM,120000,1170424,1170424
ColorBordes,ASM,120000,1369395,1369395
ColorBordes,ASM,120000,1121354,1121354
ColorBordes,ASM,120000,1112405,1112405
ColorBordes,ASM,120000,1300658,1300658
ColorBordes,ASM,120000,1165927,1165927
ColorBordes,ASM,120000,1129877,1129877
ColorBordes,ASM,120000,1141390,1141390
ColorBordes,ASM,120000,1112850,1112850
ColorBordes,ASM,120000,1152736,1152736
ColorBordes,ASM,120000,1120144,1120144
ColorBordes,ASM,120000,1108002,1108002
ColorBordes,ASM,120000,1108208,1108208
ColorBordes,ASM,120000,1178121,1178121
ColorBordes,ASM,120000,1190278,1190278
ColorBordes,ASM,120000,1230015,1230015
ColorBordes,ASM,120000,1190208,1190208
ColorBordes,ASM,120000,1176683,1176683
ColorBordes,ASM,120000,1240801,1240801
ColorBordes,ASM,120000,1199919,1199919
ColorBordes,ASM,120000,1628703,1628703
ColorBordes,ASM,120000,1217152,1217152
ColorBordes,ASM,120000,1140515,1140515
ColorBordes,ASM,120000,1141074,1141074
ColorBordes,ASM,120000,1108514,1108514
ColorBordes,ASM,120000,1159495,1159495
ColorBordes,ASM,120000,1110424,1110424
ColorBordes,ASM,120000,1107797,1107797
ColorBordes,ASM,120000,1109064,1109064
ColorBordes,ASM,120000,1108295,1108295
ColorBordes,ASM,120000,1107721,1107721
ColorBordes,ASM,120000,1116267,1116267
ColorBordes,ASM,120000,1108544,1108544
ColorBordes,ASM,120000,1092114,1092114
ColorBordes,ASM,120000,1218814,1218814
ColorBordes,ASM,120000,1077054,1077054
ColorBordes,ASM,120000,1085717,1085717
ColorBordes,ASM,120000,1077814,1077814
ColorBordes,ASM,120000,1212418,1212418
ColorBordes,ASM,120000,1077562,1077562
ColorBordes,ASM,120000,1176245,1176245
ColorBordes,ASM,120000,1140841,1140841
ColorBordes,ASM,120000,1079917,1079917
ColorBordes,ASM,120000,1077569,1077569
ColorBordes,ASM,120000,1140230,1140230
ColorBordes,ASM,120000,1078371,1078371
ColorBordes,ASM,120000,1085992,1085992
ColorBordes,ASM,120000,1076979,1076979
ColorBordes,ASM,120000,1174458,1174458
ColorBordes,ASM,120000,1077826,1077826
ColorBordes,ASM,120000,1077425,1077425
ColorBordes,ASM,120000,1077192,1077192
ColorBordes,ASM,120000,1177496,1177496
ColorBordes,ASM,120000,1086006,1086006
ColorBordes,ASM,120000,1077506,1077506
ColorBordes,ASM,120000,1155287,1155287
ColorBordes,ASM,120000,1077224,1077224
ColorBordes,ASM,120000,1076757,1076757
ColorBordes,ASM,120000,1124107,1124107
ColorBordes,ASM,120000,1077038,1077038
ColorBordes,ASM,120000,1089345,1089345
ColorBordes,ASM,120000,1127778,1127778
ColorBordes,ASM,120000,1077208,1077208
ColorBordes,ASM,120000,1077279,1077279
ColorBordes,ASM,120000,1085650,1085650
ColorBordes,ASM,120000,1076948,1076948
ColorBordes,ASM,120000,1116716,1116716
ColorBordes,ASM,120000,1175114,1175114
ColorBordes,ASM,120000,1236492,1236492
ColorBordes,ASM,120000,1168743,1168743
ColorBordes,ASM,120000,1185906,1185906
ColorBordes,ASM,120000,1195380,1195380
ColorBordes,ASM,120000,1140821,1140821
ColorBordes,ASM,120000,1109443,1109443
ColorBordes,ASM,120000,1145207,1145207
ColorBordes,ASM,120000,1108828,1108828
ColorBordes,ASM,120000,1156370,1156370
ColorBordes,ASM,120000,1115700,1115700
ColorBordes,ASM,120000,1118579,1118579
ColorBordes,ASM,120000,1141892,1141892
ColorBordes,ASM,120000,1077646,1077646
ColorBordes,ASM,120000,1088154,1088154
ColorBordes,ASM,120000,1189853,1189853
ColorBordes,ASM,120000,1077369,1077369
ColorBordes,ASM,120000,1077947,1077947
ColorBordes,ASM,120000,1134091,1134091
ColorBordes,ASM,120000,1290634,1290634
ColorBordes,ASM,120000,1127284,1127284
ColorBordes,ASM,120000,1109014,1109014
ColorBordes,ASM,120000,1161326,1161326
ColorBordes,ASM,120000,1118101,1118101
ColorBordes,ASM,120000,1108330,1108330
ColorBordes,ASM,120000,1093652,1093652
ColorBordes,ASM,120000,1085538,1085538
ColorBordes,ASM,120000,1077268,1077268
ColorBordes,ASM,120000,1079799,1079799
ColorBordes,ASM,120000,1078522,1078522
ColorBordes,ASM,120000,1112933,1112933
ColorBordes,ASM,120000,1199611,1199611
ColorBordes,ASM,120000,1566993,1566993
ColorBordes,ASM,120000,1158374,1158374
ColorBordes,ASM,120000,2069721,2069721
ColorBordes,ASM,120000,2192384,2192384
ColorBordes,ASM,120000,1408771,1408771
ColorBordes,ASM,120000,2467098,2467098
ColorBordes,ASM,120000,1325340,1325340
ColorBordes,ASM,120000,1303743,1303743
ColorBordes,ASM,120000,1263424,1263424
ColorBordes,ASM,120000,1261426,1261426
ColorBordes,ASM,120000,1232732,1232732
ColorBordes,ASM,120000,1289579,1289579
ColorBordes,ASM,120000,1174986,1174986
ColorBordes,ASM,120000,1681912,1681912
ColorBordes,ASM,120000,1140710,1140710
ColorBordes,ASM,120000,1140687,1140687
ColorBordes,ASM,120000,1171861,1171861
ColorBordes,ASM,120000,2144908,2144908
ColorBordes,ASM,120000,1189880,1189880
ColorBordes,ASM,120000,1178802,1178802
ColorBordes,ASM,120000,1230382,1230382
ColorBordes,ASM,120000,1154712,1154712
ColorBordes,ASM,120000,1141236,1141236
ColorBordes,ASM,120000,1142329,1142329
ColorBordes,ASM,120000,1431398,1431398
ColorBordes,ASM,120000,1121097,1121097
ColorBordes,ASM,120000,1119990,1119990
ColorBordes,ASM,120000,1122006,1122006
ColorBordes,ASM,120000,1107704,1107704
ColorBordes,ASM,120000,1108179,1108179
ColorBordes,ASM,120000,1114696,1114696
ColorBordes,ASM,120000,1108356,1108356
ColorBordes,ASM,120000,1108360,1108360
ColorBordes,ASM,120000,1108947,1108947
ColorBordes,ASM,120000,1096462,1096462
ColorBordes,ASM,120000,1079142,1079142
ColorBordes,ASM,120000,1077780,1077780
ColorBordes,ASM,120000,1257143,1257143
ColorBordes,ASM,120000,1077498,1077498
ColorBordes,ASM,120000,1077846,1077846
ColorBordes,ASM,120000,1077421,1077421
ColorBordes,ASM,120000,1094809,1094809
ColorBordes,ASM,120000,1080075,1080075
ColorBordes,ASM,120000,1077966,1077966
ColorBordes,ASM,120000,1082951,1082951
ColorBordes,ASM,120000,1207792,1207792
ColorBordes,ASM,120000,1077182,1077182
ColorBordes,ASM,120000,1077937,1077937
ColorBordes,ASM,120000,1078650,1078650
ColorBordes,ASM,120000,1202034,1202034
ColorBordes,ASM,120000,1077508,1077508
ColorBordes,ASM,120000,1077826,1077826
ColorBordes,ASM,120000,1092091,1092091
ColorBordes,ASM,120000,1093252,1093252
ColorBordes,ASM,120000,1077366,1077366
ColorBordes,ASM,120000,1077472,1077472
ColorBordes,ASM,120000,1078068,1078068
ColorBordes,ASM,120000,1091130,1091130
ColorBordes,ASM,120000,1077099,1077099
ColorBordes,ASM,120000,1077992,1077992
ColorBordes,ASM,120000,1078230,1078230
ColorBordes,ASM,120000,1077439,1077439
ColorBordes,ASM,120000,1093895,1093895
ColorBordes,ASM,120000,1085555,1085555
ColorBordes,ASM,120000,1101904,1101904
ColorBordes,ASM,120000,1121158,1121158
ColorBordes,ASM,120000,1077308,1077308
ColorBordes,ASM,120000,1077836,1077836
ColorBordes,ASM,120000,1768105,1768105
ColorBordes,ASM,120000,1117389,1117389
ColorBordes,ASM,120000,1138896,1138896
ColorBordes,ASM,120000,1188426,1188426
ColorBordes,ASM,120000,1152674,1152674
ColorBordes,ASM,120000,1143256,1143256
ColorBordes,ASM,120000,1140313,1140313
ColorBordes,ASM,120000,1108880,1108880
ColorBordes,ASM,120000,1108095,1108095
ColorBordes,ASM,120000,1108404,1108404
ColorBordes,ASM,120000,1117279,1117279
ColorBordes,ASM,120000,1108119,1108119
ColorBordes,ASM,120000,1109121,1109121
ColorBordes,ASM,120000,1125138,1125138
ColorBordes,ASM,120000,1108364,1108364
ColorBordes,ASM,120000,1079115,1079115
ColorBordes,ASM,120000,1088189,1088189
ColorBordes,ASM,120000,1077990,1077990
ColorBordes,ASM,120000,1077481,1077481
ColorBordes,ASM,120000,1098661,1098661
ColorBordes,ASM,120000,1086810,1086810
ColorBordes,ASM,120000,1077178,1077178
ColorBordes,ASM,120000,1085634,1085634
ColorBordes,ASM,120000,1078425,1078425
ColorBordes,ASM,120000,1084251,1084251
ColorBordes,ASM,120000,1183238,1183238
ColorBordes,ASM,120000,1086010,1086010
ColorBordes,ASM,120000,1078779,1078779
ColorBordes,ASM,120000,1338774,1338774
ColorBordes,ASM,120000,1088274,1088274
ColorBordes,ASM,120000,1264013,1264013
ColorBordes,ASM,120000,1179076,1179076
ColorBordes,ASM,120000,1118836,1118836
ColorBordes,ASM,120000,1118828,1118828
ColorBordes,ASM,120000,1118066,1118066
ColorBordes,ASM,120000,1108338,1108338
ColorBordes,ASM,120000,1108532,1108532
ColorBordes,ASM,120000,1097667,1097667
ColorBordes,ASM,120000,1078456,1078456
ColorBordes,ASM,120000,1077482,1077482
ColorBordes,ASM,120000,1218124,1218124
ColorBordes,ASM,120000,1077480,1077480
ColorBordes,ASM,120000,1077609,1077609
ColorBordes,ASM,120000,1157552,1157552
ColorBordes,ASM,120000,1077265,1077265
ColorBordes,ASM,120000,1094434,1094434
ColorBordes,ASM,120000,1077093,1077093
ColorBordes,ASM,120000,1078196,1078196
ColorBordes,ASM,120000,1078026,1078026
ColorBordes,ASM,120000,1094784,1094784
ColorBordes,ASM,120000,1105730,1105730
ColorBordes,ASM,120000,1088594,1088594
ColorBordes,ASM,120000,1077695,1077695
ColorBordes,ASM,120000,1092861,1092861
ColorBordes,ASM,120000,1157429,1157429
ColorBordes,ASM,120000,2129385,2129385
ColorBordes,ASM,120000,1205508,1205508
ColorBordes,ASM,120000,1195399,1195399
ColorBordes,ASM,120000,1221198,1221198
ColorBordes,ASM,120000,1146961,1146961
ColorBordes,ASM,120000,1192748,1192748
ColorBordes,ASM,120000,1141030,1141030
ColorBordes,ASM,120000,1154502,1154502
ColorBordes,ASM,120000,1155700,1155700
ColorBordes,ASM,120000,1118717,1118717
ColorBordes,ASM,120000,1109544,1109544
ColorBordes,ASM,120000,1168675,1168675
ColorBordes,ASM,120000,1121541,1121541
ColorBordes,ASM,120000,1129440,1129440
ColorBordes,ASM,120000,1108734,1108734
ColorBordes,ASM,120000,1120351,1120351
ColorBordes,ASM,120000,1131940,1131940
ColorBordes,ASM,120000,1230103,1230103
ColorBordes,ASM,120000,1123563,1123563
ColorBordes,ASM,120000,1109977,1109977
ColorBordes,ASM,120000,1162389,1162389
ColorBordes,ASM,120000,1108238,1108238
ColorBordes,ASM,120000,1087383,1087383
ColorBordes,ASM,120000,1107875,1107875
ColorBordes,ASM,120000,1077030,1077030
ColorBordes,ASM,120000,1087691,1087691
ColorBordes,ASM,120000,1090478,1090478
ColorBordes,ASM,120000,1317809,1317809
ColorBordes,ASM,120000,1079303,1079303
ColorBordes,ASM,120000,1077340,1077340
ColorBordes,ASM,120000,1085057,1085057
ColorBordes,ASM,120000,1230969,1230969
ColorBordes,ASM,120000,1178159,1178159
ColorBordes,ASM,120000,1108330,1108330
ColorBordes,ASM,120000,1109283,1109283
ColorBordes,ASM,120000,1229882,1229882
ColorBordes,ASM,120000,1122202,1122202
ColorBordes,ASM,120000,1108635,1108635
ColorBordes,ASM,120000,1150886,1150886
ColorBordes,ASM,120000,1077439,1077439
ColorBordes,ASM,120000,1087156,1087156
ColorBordes,ASM,120000,1077083,1077083
ColorBordes,ASM,120000,1079982,1079982
ColorBordes,ASM,120000,1092344,1092344
ColorBordes,ASM,120000,1077537,1077537
ColorBordes,ASM,120000,1077425,1077425
ColorBordes,ASM,120000,1172695,1172695
ColorBordes,ASM,120000,1077170,1077170
ColorBordes,ASM,120000,1077939,1077939
ColorBordes,ASM,120000,1084618,1084618
ColorBordes,ASM,120000,1090511,1090511
ColorBordes,ASM,120000,1111315,1111315
ColorBordes,ASM,120000,1162328,1162328
ColorBordes,ASM,120000,1166217,1166217
ColorBordes,ASM,120000,1605367,1605367
ColorBordes,ASM,120000,1144349,1144349
ColorBordes,ASM,120000,1140647,1140647
ColorBordes,ASM,120000,1140373,1140373
ColorBordes,ASM,131072,1328479,1328479
ColorBordes,ASM,131072,1433195,1433195
ColorBordes,ASM,131072,2182315,2182315
ColorBordes,ASM,131072,1424614,1424614
ColorBordes,ASM,131072,1365042,1365042
ColorBordes,ASM,131072,1423555,1423555
ColorBordes,ASM,131072,1339089,1339089
ColorBordes,ASM,131072,1876883,1876883
ColorBordes,ASM,131072,1326461,1326461
ColorBordes,ASM,131072,1335351,1335351
ColorBordes,ASM,131072,1295114,1295114
ColorBordes,ASM,131072,1335593,1335593
ColorBordes,ASM,131072,1414172,1414172
ColorBordes,ASM,131072,1324342,1324342
ColorBordes,ASM,131072,1264327,1264327
ColorBordes,ASM,131072,1301033,1301033
ColorBordes,ASM,131072,1416997,1416997
ColorBordes,ASM,131072,1280625,1280625
ColorBordes,ASM,131072,1244371,1244371
ColorBordes,ASM,131072,1244301,1244301
ColorBordes,ASM,131072,1207958,1207958
ColorBordes,ASM,131072,1245583,1245583
ColorBordes,ASM,131072,1385706,1385706
ColorBordes,ASM,131072,1262408,1262408
ColorBordes,ASM,131072,1209122,1209122
ColorBordes,ASM,131072,1259576,1259576
ColorBordes,ASM,131072,1209348,1209348
ColorBordes,ASM,131072,1245351,1245351
ColorBordes,ASM,131072,1219634,1219634
ColorBordes,ASM,131072,1254662,1254662
ColorBordes,ASM,131072,1211932,1211932
ColorBordes,ASM,131072,1244527,1244527
ColorBordes,ASM,131072,1208438,1208438
ColorBordes,ASM,131072,1252110,1252110
ColorBordes,ASM,131072,1219984,1219984
ColorBordes,ASM,131072,1253107,1253107
ColorBordes,ASM,131072,1228406,1228406
ColorBordes,ASM,131072,1219440,1219440
ColorBordes,ASM,131072,1187251,1187251
ColorBordes,ASM,131072,1229186,1229186
ColorBordes,ASM,131072,1184554,1184554
ColorBordes,ASM,131072,1216835,1216835
ColorBordes,ASM,131072,1185272,1185272
ColorBordes,ASM,131072,1219936,1219936
ColorBordes,ASM,131072,1186843,1186843
ColorBordes,ASM,131072,1221378,1221378
ColorBordes,ASM,131072,1249666,1249666
ColorBordes,ASM,131072,1220464,1220464
ColorBordes,ASM,131072,1184173,1184173
ColorBordes,ASM,131072,1294954,1294954
ColorBordes,ASM,131072,2223060,2223060
ColorBordes,ASM,131072,1357394,1357394
ColorBordes,ASM,131072,1290763,1290763
ColorBordes,ASM,131072,1342806,1342806
ColorBordes,ASM,131072,1369934,1369934
ColorBordes,ASM,131072,1291237,1291237
ColorBordes,ASM,131072,1254219,1254219
ColorBordes,ASM,131072,1280036,1280036
ColorBordes,ASM,131072,1244718,1244718
ColorBordes,ASM,131072,1245142,1245142
ColorBordes,ASM,131072,1208446,1208446
ColorBordes,ASM,131072,1258210,1258210
ColorBordes,ASM,131072,1255950,1255950
ColorBordes,ASM,131072,1244211,1244211
ColorBordes,ASM,131072,1221384,1221384
ColorBordes,ASM,131072,1254879,1254879
ColorBordes,ASM,131072,1208344,1208344
ColorBordes,ASM,131072,1243561,1243561
ColorBordes,ASM,131072,1208395,1208395
ColorBordes,ASM,131072,1273787,1273787
ColorBordes,ASM,131072,1217337,1217337
ColorBordes,ASM,131072,1243976,1243976
ColorBordes,ASM,131072,1215565,1215565
ColorBordes,ASM,131072,1263080,1263080
ColorBordes,ASM,131072,1210227,1210227
ColorBordes,ASM,131072,1303707,1303707
ColorBordes,ASM,131072,1266275,1266275
ColorBordes,ASM,131072,1248625,1248625
ColorBordes,ASM,131072,1229041,1229041
ColorBordes,ASM,131072,1314507,1314507
ColorBordes,ASM,131072,1289004,1289004
ColorBordes,ASM,131072,1329597,1329597
ColorBordes,ASM,131072,1253438,1253438
ColorBordes,ASM,131072,1255561,1255561
ColorBordes,ASM,131072,1208020,1208020
ColorBordes,ASM,131072,1251991,1251991
ColorBordes,ASM,131072,1224315,1224315
ColorBordes,ASM,131072,1696147,1696147
ColorBordes,ASM,131072,1210525,1210525
ColorBordes,ASM,131072,1243828,1243828
ColorBordes,ASM,131072,1208949,1208949
ColorBordes,ASM,131072,1243721,1243721
ColorBordes,ASM,131072,1219554,1219554
ColorBordes,ASM,131072,1243365,1243365
ColorBordes,ASM,131072,1390149,1390149
ColorBordes,ASM,131072,1209029,1209029
ColorBordes,ASM,131072,1780160,1780160
ColorBordes,ASM,131072,1307355,1307355
ColorBordes,ASM,131072,1323992,1323992
ColorBordes,ASM,131072,1330674,1330674
ColorBordes,ASM,131072,1302357,1302357
ColorBordes,ASM,131072,1397504,1397504
ColorBordes,ASM,131072,1245956,1245956
ColorBordes,ASM,131072,1280719,1280719
ColorBordes,ASM,131072,1263636,1263636
ColorBordes,ASM,131072,1524504,1524504
ColorBordes,ASM,131072,1254474,1254474
ColorBordes,ASM,131072,1281719,1281719
ColorBordes,ASM,131072,1267226,1267226
ColorBordes,ASM,131072,1244164,1244164
ColorBordes,ASM,131072,1208426,1208426
ColorBordes,ASM,131072,1295825,1295825
ColorBordes,ASM,131072,1209221,1209221
ColorBordes,ASM,131072,1338998,1338998
ColorBordes,ASM,131072,1217013,1217013
ColorBordes,ASM,131072,1243563,1243563
ColorBordes,ASM,131072,1228044,1228044
ColorBordes,ASM,131072,1267263,1267263
ColorBordes,ASM,131072,1236052,1236052
ColorBordes,ASM,131072,1259917,1259917
ColorBordes,ASM,131072,1221384,1221384
ColorBordes,ASM,131072,1294679,1294679
ColorBordes,ASM,131072,1251893,1251893
ColorBordes,ASM,131072,1257880,1257880
ColorBordes,ASM,131072,1208601,1208601
ColorBordes,ASM,131072,1395566,1395566
ColorBordes,ASM,131072,1598056,1598056
ColorBordes,ASM,131072,1253555,1253555
ColorBordes,ASM,131072,1219010,1219010
ColorBordes,ASM,131072,1546423,1546423
ColorBordes,ASM,131072,1219084,1219084
ColorBordes,ASM,131072,1244085,1244085
ColorBordes,ASM,131072,1208974,1208974
ColorBordes,ASM,131072,1255964,1255964
ColorBordes,ASM,131072,1276427,1276427
ColorBordes,ASM,131072,1252559,1252559
ColorBordes,ASM,131072,1228354,1228354
ColorBordes,ASM,131072,1252409,1252409
ColorBordes,ASM,131072,1218572,1218572
ColorBordes,ASM,131072,1251786,1251786
ColorBordes,ASM,131072,1626183,1626183
ColorBordes,ASM,131072,1285346,1285346
ColorBordes,ASM,131072,1218121,1218121
ColorBordes,ASM,131072,1241548,1241548
ColorBordes,ASM,131072,1306313,1306313
ColorBordes,ASM,131072,1347970,1347970
ColorBordes,ASM,131072,1339462,1339462
ColorBordes,ASM,131072,1329701,1329701
ColorBordes,ASM,131072,1252691,1252691
ColorBordes,ASM,131072,1394273,1394273
ColorBordes,ASM,131072,1286059,1286059
ColorBordes,ASM,131072,1289952,1289952
ColorBordes,ASM,131072,1259100,1259100
ColorBordes,ASM,131072,1302517,1302517
ColorBordes,ASM,131072,1217642,1217642
ColorBordes,ASM,131072,1243617,1243617
ColorBordes,ASM,131072,1208393,1208393
ColorBordes,ASM,131072,1253670,1253670
ColorBordes,ASM,131072,1207696,1207696
ColorBordes,ASM,131072,1243344,1243344
ColorBordes,ASM,131072,1183033,1183033
ColorBordes,ASM,131072,1209692,1209692
ColorBordes,ASM,131072,1184910,1184910
ColorBordes,ASM,131072,1209208,1209208
ColorBordes,ASM,131072,1174452,1174452
ColorBordes,ASM,131072,1208907,1208907
ColorBordes,ASM,131072,1176051,1176051
ColorBordes,ASM,131072,1217132,1217132
ColorBordes,ASM,131072,1174859,1174859
ColorBordes,ASM,131072,1238520,1238520
ColorBordes,ASM,131072,1208403,1208403
ColorBordes,ASM,131072,1243907,1243907
ColorBordes,ASM,131072,1174573,1174573
ColorBordes,ASM,131072,1640090,1640090
ColorBordes,ASM,131072,1174948,1174948
ColorBordes,ASM,131072,1219902,1219902
ColorBordes,ASM,131072,1197034,1197034
ColorBordes,ASM,131072,1209081,1209081
ColorBordes,ASM,131072,1174391,1174391
ColorBordes,ASM,131072,1209710,1209710
ColorBordes,ASM,131072,1185591,1185591
ColorBordes,ASM,131072,1209484,1209484
ColorBordes,ASM,131072,1174760,1174760
ColorBordes,ASM,131072,1208877,1208877
ColorBordes,ASM,131072,1177477,1177477
ColorBordes,ASM,131072,1218782,1218782
ColorBordes,ASM,131072,1197640,1197640
ColorBordes,ASM,131072,1209456,1209456
ColorBordes,ASM,131072,1228829,1228829
ColorBordes,ASM,131072,1243342,1243342
ColorBordes,ASM,131072,1227728,1227728
ColorBordes,ASM,131072,1267554,1267554
ColorBordes,ASM,131072,1251665,1251665
ColorBordes,ASM,131072,1447631,1447631
ColorBordes,ASM,131072,1293539,1293539
ColorBordes,ASM,131072,1321502,1321502
ColorBordes,ASM,131072,1284445,1284445
ColorBordes,ASM,131072,1355645,1355645
ColorBordes,ASM,131072,1342353,1342353
ColorBordes,ASM,131072,1291852,1291852
ColorBordes,ASM,131072,1259565,1259565
ColorBordes,ASM,131072,1281251,1281251
ColorBordes,ASM,131072,1208148,1208148
ColorBordes,ASM,131072,1244124,1244124
ColorBordes,ASM,131072,1217790,1217790
ColorBordes,ASM,131072,1243411,1243411
ColorBordes,ASM,131072,1261545,1261545
ColorBordes,ASM,131072,1265837,1265837
ColorBordes,ASM,131072,1185331,1185331
ColorBordes,ASM,131072,1209154,1209154
ColorBordes,ASM,131072,1175151,1175151
ColorBordes,ASM,131072,1335715,1335715
ColorBordes,ASM,131072,1217293,1217293
ColorBordes,ASM,131072,1253225,1253225
ColorBordes,ASM,131072,1208231,1208231
ColorBordes,ASM,131072,1254334,1254334
ColorBordes,ASM,131072,1183066,1183066
ColorBordes,ASM,131072,1427489,1427489
ColorBordes,ASM,131072,1183410,1183410
ColorBordes,ASM,131072,1209401,1209401
ColorBordes,ASM,131072,1176954,1176954
ColorBordes,ASM,131072,1218854,1218854
ColorBordes,ASM,131072,1807473,1807473
ColorBordes,ASM,131072,1360277,1360277
ColorBordes,ASM,131072,1218586,1218586
ColorBordes,ASM,131072,1255561,1255561
ColorBordes,ASM,131072,1216590,1216590
ColorBordes,ASM,131072,1255480,1255480
ColorBordes,ASM,131072,1212741,1212741
ColorBordes,ASM,131072,1245367,1245367
ColorBordes,ASM,131072,1208672,1208672
ColorBordes,ASM,131072,1243251,1243251
ColorBordes,ASM,131072,1174676,1174676
ColorBordes,ASM,131072,1209294,1209294
ColorBordes,ASM,131072,1174726,1174726
ColorBordes,ASM,131072,1341027,1341027
ColorBordes,ASM,131072,1299134,1299134
ColorBordes,ASM,131072,1243741,1243741
ColorBordes,ASM,131072,1218923,1218923
ColorBordes,ASM,131072,1238659,1238659
ColorBordes,ASM,131072,1458382,1458382
ColorBordes,ASM,131072,1293619,1293619
ColorBordes,ASM,131072,1363053,1363053
ColorBordes,ASM,131072,1324649,1324649
ColorBordes,ASM,131072,1293200,1293200
ColorBordes,ASM,131072,1383479,1383479
ColorBordes,ASM,131072,1349167,1349167
ColorBordes,ASM,131072,1296814,1296814
ColorBordes,ASM,131072,1244476,1244476
ColorBordes,ASM,131072,1290034,1290034
ColorBordes,ASM,131072,1246658,1246658
ColorBordes,ASM,131072,1289694,1289694
ColorBordes,ASM,131072,1229728,1229728
ColorBordes,ASM,131072,1465853,1465853
ColorBordes,ASM,131072,1210097,1210097
ColorBordes,ASM,131072,1256442,1256442
ColorBordes,ASM,131072,1224649,1224649
ColorBordes,ASM,131072,1256908,1256908
ColorBordes,ASM,131072,1272097,1272097
ColorBordes,ASM,131072,1244172,1244172
ColorBordes,ASM,131072,1209237,1209237
ColorBordes,ASM,131072,1247506,1247506
ColorBordes,ASM,131072,1208136,1208136
ColorBordes,ASM,131072,1358641,1358641
ColorBordes,ASM,131072,1216956,1216956
ColorBordes,ASM,131072,1256041,1256041
ColorBordes,ASM,131072,1226869,1226869
ColorBordes,ASM,131072,1706233,1706233
ColorBordes,ASM,131072,1183260,1183260
ColorBordes,ASM,131072,1216227,1216227
ColorBordes,ASM,131072,1254638,1254638
ColorBordes,ASM,131072,1209642,1209642
ColorBordes,ASM,131072,1174436,1174436
ColorBordes,ASM,131072,1223912,1223912
ColorBordes,ASM,131072,1424646,1424646
ColorBordes,ASM,131072,1243109,1243109
ColorBordes,ASM,131072,1207703,1207703
ColorBordes,ASM,131072,1245073,1245073
ColorBordes,ASM,131072,1215705,1215705
ColorBordes,ASM,131072,1209417,1209417
ColorBordes,ASM,131072,1176737,1176737
ColorBordes,ASM,131072,1460037,1460037
ColorBordes,ASM,131072,1175406,1175406
ColorBordes,ASM,131072,1209096,1209096
ColorBordes,ASM,131072,1177792,1177792
ColorBordes,ASM,131072,1209034,1209034
ColorBordes,ASM,131072,1175019,1175019
ColorBordes,ASM,131072,1209193,1209193
ColorBordes,ASM,131072,1498660,1498660
ColorBordes,ASM,131072,2317164,2317164
ColorBordes,ASM,131072,1392641,1392641
ColorBordes,ASM,131072,1420191,1420191
ColorBordes,ASM,131072,1281928,1281928
ColorBordes,ASM,131072,1381130,1381130
ColorBordes,ASM,131072,1290709,1290709
ColorBordes,ASM,131072,1339382,1339382
ColorBordes,ASM,131072,1243267,1243267
ColorBordes,ASM,131072,1281645,1281645
ColorBordes,ASM,131072,1254667,1254667
ColorBordes,ASM,131072,1335126,1335126
ColorBordes,ASM,480000,6938998,6938998
ColorBordes,ASM,480000,5008736,5008736
ColorBordes,ASM,480000,4772293,4772293
ColorBordes,ASM,480000,4851042,4851042
ColorBordes,ASM,480000,4760003,4760003
ColorBordes,ASM,480000,4665460,4665460
ColorBordes,ASM,480000,4794878,4794878
ColorBordes,ASM,480000,4706067,4706067
ColorBordes,ASM,480000,4586379,4586379
ColorBordes,ASM,480000,4808499,4808499
ColorBordes,ASM,480000,4519171,4519171
ColorBordes,ASM,480000,4793604,4793604
ColorBordes,ASM,480000,4667748,4667748
ColorBordes,ASM,480000,4894117,4894117
ColorBordes,ASM,480000,4985160,4985160
ColorBordes,ASM,480000,4666841,4666841
ColorBordes,ASM,480000,4676169,4676169
ColorBordes,ASM,480000,4614513,4614513
ColorBordes,ASM,480000,4597095,4597095
ColorBordes,ASM,480000,4598737,4598737
ColorBordes,ASM,480000,5055194,5055194
ColorBordes,ASM,480000,4653840,4653840
ColorBordes,ASM,480000,4530332,4530332
ColorBordes,ASM,480000,4492847,4492847
ColorBordes,ASM,480000,4438897,4438897
ColorBordes,ASM,480000,4671745,4671745
ColorBordes,ASM,480000,4953391,4953391
ColorBordes,ASM,480000,4826314,4826314
ColorBordes,ASM,480000,4708648,4708648
ColorBordes,ASM,480000,4447713,4447713
ColorBordes,ASM,480000,4514844,4514844
ColorBordes,ASM,480000,4523563,4523563
ColorBordes,ASM,480000,4503866,4503866
ColorBordes,ASM,480000,4601536,4601536
ColorBordes,ASM,480000,4543127,4543127
ColorBordes,ASM,480000,4531373,4531373
ColorBordes,ASM,480000,4548746,4548746
ColorBordes,ASM,480000,4650447,4650447
ColorBordes,ASM,480000,4654895,4654895
ColorBordes,ASM,480000,4939792,4939792
ColorBordes,ASM,480000,4674588,4674588
ColorBordes,ASM,480000,4642899,4642899
ColorBordes,ASM,480000,4612353,4612353
ColorBordes,ASM,480000,4496242,4496242
ColorBordes,ASM,480000,4500860,4500860
ColorBordes,ASM,480000,4495251,4495251
ColorBordes,ASM,480000,4733964,4733964
ColorBordes,ASM,480000,4529223,4529223
ColorBordes,ASM,480000,4633692,4633692
ColorBordes,ASM,480000,4501124,4501124
ColorBordes,ASM,480000,4438692,4438692
ColorBordes,ASM,480000,4792503,4792503
ColorBordes,ASM,480000,5357229,5357229
ColorBordes,ASM,480000,4876912,4876912
ColorBordes,ASM,480000,4685824,4685824
ColorBordes,ASM,480000,4519451,4519451
ColorBordes,ASM,480000,4556473,4556473
ColorBordes,ASM,480000,4582556,4582556
ColorBordes,ASM,480000,4512295,4512295
ColorBordes,ASM,480000,5018803,5018803
ColorBordes,ASM,480000,4964113,4964113
ColorBordes,ASM,480000,4524016,4524016
ColorBordes,ASM,480000,4515139,4515139
ColorBordes,ASM,480000,4508212,4508212
ColorBordes,ASM,480000,4796426,4796426
ColorBordes,ASM,480000,4856103,4856103
ColorBordes,ASM,480000,5134736,5134736
ColorBordes,ASM,480000,4734901,4734901
ColorBordes,ASM,480000,4526275,4526275
ColorBordes,ASM,480000,4818565,4818565
ColorBordes,ASM,480000,4523731,4523731
ColorBordes,ASM,480000,4508141,4508141
ColorBordes,ASM,480000,4623390,4623390
ColorBordes,ASM,480000,4601350,4601350
ColorBordes,ASM,480000,6233010,6233010
ColorBordes,ASM,480000,4677570,4677570
ColorBordes,ASM,480000,4760400,4760400
ColorBordes,ASM,480000,4993432,4993432
ColorBordes,ASM,480000,4762866,4762866
ColorBordes,ASM,480000,4672149,4672149
ColorBordes,ASM,480000,4506975,4506975
ColorBordes,ASM,480000,4521904,4521904
ColorBordes,ASM,480000,4608461,4608461
ColorBordes,ASM,480000,4597345,4597345
ColorBordes,ASM,480000,4516580,4516580
ColorBordes,ASM,480000,4740399,4740399
ColorBordes,ASM,480000,4537689,4537689
ColorBordes,ASM,480000,4666824,4666824
ColorBordes,ASM,480000,4629306,4629306
ColorBordes,ASM,480000,4689710,4689710
ColorBordes,ASM,480000,4784761,4784761
ColorBordes,ASM,480000,5210392,5210392
ColorBordes,ASM,480000,4612006,4612006
ColorBordes,ASM,480000,4509320,4509320
ColorBordes,ASM,480000,4513165,4513165
ColorBordes,ASM,480000,4518263,4518263
ColorBordes,ASM,480000,4418054,4418054
ColorBordes,ASM,480000,4865978,4865978
ColorBordes,ASM,480000,4615241,4615241
ColorBordes,ASM,480000,4621187,4621187
ColorBordes,ASM,480000,4515067,4515067
ColorBordes,ASM,480000,4482802,4482802
ColorBordes,ASM,480000,4687733,4687733
ColorBordes,ASM,480000,4945255,4945255
ColorBordes,ASM,480000,4528519,4528519
ColorBordes,ASM,480000,4613065,4613065
ColorBordes,ASM,480000,4760886,4760886
ColorBordes,ASM,480000,4690799,4690799
ColorBordes,ASM,480000,4487560,4487560
ColorBordes,ASM,480000,4627910,4627910
ColorBordes,ASM,480000,4644565,4644565
ColorBordes,ASM,480000,4957070,4957070
ColorBordes,ASM,480000,5021812,5021812
ColorBordes,ASM,480000,4544983,4544983
ColorBordes,ASM,480000,4564102,4564102
ColorBordes,ASM,480000,4928548,4928548
ColorBordes,ASM,480000,4904626,4904626
ColorBordes,ASM,480000,4747239,4747239
ColorBordes,ASM,480000,4683882,4683882
ColorBordes,ASM,480000,4698974,4698974
ColorBordes,ASM,480000,4657507,4657507
ColorBordes,ASM,480000,4623586,4623586
ColorBordes,ASM,480000,4479895,4479895
ColorBordes,ASM,480000,4489673,4489673
ColorBordes,ASM,480000,4618497,4618497
ColorBordes,ASM,480000,4546087,4546087
ColorBordes,ASM,480000,4539636,4539636
ColorBordes,ASM,480000,4916874,4916874
ColorBordes,ASM,480000,4696774,4696774
ColorBordes,ASM,480000,4645433,4645433
ColorBordes,ASM,480000,4674103,4674103
ColorBordes,ASM,480000,4520367,4520367
ColorBordes,ASM,480000,4709234,4709234
ColorBordes,ASM,480000,4498021,4498021
ColorBordes,ASM,480000,4534964,4534964
ColorBordes,ASM,480000,4739926,4739926
ColorBordes,ASM,480000,4545721,4545721
ColorBordes,ASM,480000,4488371,4488371
ColorBordes,ASM,480000,4550878,4550878
ColorBordes,ASM,480000,4782622,4782622
ColorBordes,ASM,480000,4720018,4720018
ColorBordes,ASM,480000,6364281,6364281
ColorBordes,ASM,480000,4666732,4666732
ColorBordes,ASM,480000,4652840,4652840
ColorBordes,ASM,480000,4507979,4507979
ColorBordes,ASM,480000,4565380,4565380
ColorBordes,ASM,480000,4504611,4504611
ColorBordes,ASM,480000,4537752,4537752
ColorBordes,ASM,480000,4492494,4492494
ColorBordes,ASM,480000,5080760,5080760
ColorBordes,ASM,480000,4795991,4795991
ColorBordes,ASM,480000,4656806,4656806
ColorBordes,ASM,480000,4877686,4877686
ColorBordes,ASM,480000,4499673,4499673
ColorBordes,ASM,480000,8720511,8720511
ColorBordes,ASM,480000,4690324,4690324
ColorBordes,ASM,480000,4667936,4667936
ColorBordes,ASM,480000,4645913,4645913
ColorBordes,ASM,480000,4520963,4520963
ColorBordes,ASM,480000,4678735,4678735
ColorBordes,ASM,480000,4561008,4561008
ColorBordes,ASM,480000,4662841,4662841
ColorBordes,ASM,480000,4559131,4559131
ColorBordes,ASM,480000,4537660,4537660
ColorBordes,ASM,480000,4697189,4697189
ColorBordes,ASM,480000,4505321,4505321
ColorBordes,ASM,480000,4545764,4545764
ColorBordes,ASM,480000,4833124,4833124
ColorBordes,ASM,480000,4576318,4576318
ColorBordes,ASM,480000,4587149,4587149
ColorBordes,ASM,480000,4791053,4791053
ColorBordes,ASM,480000,4543133,4543133
ColorBordes,ASM,480000,4555147,4555147
ColorBordes,ASM,480000,4528534,4528534
ColorBordes,ASM,480000,4532972,4532972
ColorBordes,ASM,480000,4633230,4633230
ColorBordes,ASM,480000,4495304,4495304
ColorBordes,ASM,480000,4646508,4646508
ColorBordes,ASM,480000,4516922,4516922
ColorBordes,ASM,480000,4655372,4655372
ColorBordes,ASM,480000,4798234,4798234
ColorBordes,ASM,480000,4646292,4646292
ColorBordes,ASM,480000,4589784,4589784
ColorBordes,ASM,480000,4485769,4485769
ColorBordes,ASM,480000,4543060,4543060
ColorBordes,ASM,480000,4457389,4457389
ColorBordes,ASM,480000,4496345,4496345
ColorBordes,ASM,480000,4632744,4632744
ColorBordes,ASM,480000,4518315,4518315
ColorBordes,ASM,480000,4935826,4935826
ColorBordes,ASM,480000,4711650,4711650
ColorBordes,ASM,480000,4784876,4784876
ColorBordes,ASM,480000,4930773,4930773
ColorBordes,ASM,480000,4738331,4738331
ColorBordes,ASM,480000,4812131,4812131
ColorBordes,ASM,480000,4459098,4459098
ColorBordes,ASM,480000,4521866,4521866
ColorBordes,ASM,480000,4649538,4649538
ColorBordes,ASM,480000,4525350,4525350
ColorBordes,ASM,480000,4678226,4678226
ColorBordes,ASM,480000,4937731,4937731
ColorBordes,ASM,480000,4749882,4749882
ColorBordes,ASM,480000,4611824,4611824
ColorBordes,ASM,480000,5350439,5350439
ColorBordes,ASM,480000,4506525,4506525
ColorBordes,ASM,480000,4945035,4945035
ColorBordes,ASM,480000,4699311,4699311
ColorBordes,ASM,480000,4521862,4521862
ColorBordes,ASM,480000,4669114,4669114
ColorBordes,ASM,480000,4568741,4568741
ColorBordes,ASM,480000,4486875,4486875
ColorBordes,ASM,480000,4580372,4580372
ColorBordes,ASM,480000,4461696,4461696
ColorBordes,ASM,480000,4756187,4756187
ColorBordes,ASM,480000,4565917,4565917
ColorBordes,ASM,480000,5148164,5148164
ColorBordes,ASM,480000,4542666,4542666
ColorBordes,ASM,480000,4762309,4762309
ColorBordes,ASM,480000,4806238,4806238
ColorBordes,ASM,480000,5043835,5043835
ColorBordes,ASM,480000,4927453,4927453
ColorBordes,ASM,480000,4723542,4723542
ColorBordes,ASM,480000,4655490,4655490
ColorBordes,ASM,480000,4737180,4737180
ColorBordes,ASM,480000,4722358,4722358
ColorBordes,ASM,480000,4661333,4661333
ColorBordes,ASM,480000,4587738,4587738
ColorBordes,ASM,480000,4754746,4754746
ColorBordes,ASM,480000,4758746,4758746
ColorBordes,ASM,480000,4643891,4643891
ColorBordes,ASM,480000,4491681,4491681
ColorBordes,ASM,480000,7150415,7150415
ColorBordes,ASM,480000,4777099,4777099
ColorBordes,ASM,480000,4526828,4526828
ColorBordes,ASM,480000,4535814,4535814
ColorBordes,ASM,480000,5050331,5050331
ColorBordes,ASM,480000,4594196,4594196
ColorBordes,ASM,480000,4967438,4967438
ColorBordes,ASM,480000,4485419,4485419
ColorBordes,ASM,480000,4736467,4736467
ColorBordes,ASM,480000,4726287,4726287
ColorBordes,ASM,480000,4748064,4748064
ColorBordes,ASM,480000,4675740,4675740
ColorBordes,ASM,480000,4546892,4546892
ColorBordes,ASM,480000,5052384,5052384
ColorBordes,ASM,480000,4989555,4989555
ColorBordes,ASM,480000,4772269,4772269
ColorBordes,ASM,480000,4670529,4670529
ColorBordes,ASM,480000,4697507,4697507
ColorBordes,ASM,480000,4848113,4848113
ColorBordes,ASM,480000,4501604,4501604
ColorBordes,ASM,480000,4442795,4442795
ColorBordes,ASM,480000,4649096,4649096
ColorBordes,ASM,480000,4745936,4745936
ColorBordes,ASM,480000,4551337,4551337
ColorBordes,ASM,480000,4634425,4634425
ColorBordes,ASM,480000,5256325,5256325
ColorBordes,ASM,480000,4963863,4963863
ColorBordes,ASM,480000,4917620,4917620
ColorBordes,ASM,480000,4675463,4675463
ColorBordes,ASM,480000,4723373,4723373
ColorBordes,ASM,480000,4708615,4708615
ColorBordes,ASM,480000,4647218,4647218
ColorBordes,ASM,480000,4674479,4674479
ColorBordes,ASM,480000,4706208,4706208
ColorBordes,ASM,480000,4519350,4519350
ColorBordes,ASM,480000,4520111,4520111
ColorBordes,ASM,480000,4816666,4816666
ColorBordes,ASM,480000,4638637,4638637
ColorBordes,ASM,480000,4746446,4746446
ColorBordes,ASM,480000,4966633,4966633
ColorBordes,ASM,480000,4637660,4637660
ColorBordes,ASM,480000,4708870,4708870
ColorBordes,ASM,480000,4573594,4573594
ColorBordes,ASM,480000,4580727,4580727
ColorBordes,ASM,480000,4496861,4496861
ColorBordes,ASM,480000,4642814,4642814
ColorBordes,ASM,480000,4848016,4848016
ColorBordes,ASM,480000,4755904,4755904
ColorBordes,ASM,480000,4552677,4552677
ColorBordes,ASM,480000,4601305,4601305
ColorBordes,ASM,480000,4564370,4564370
ColorBordes,ASM,480000,5075325,5075325
ColorBordes,ASM,480000,4825288,4825288
ColorBordes,ASM,480000,4664213,4664213
ColorBordes,ASM,480000,4744782,4744782
ColorBordes,ASM,480000,4649137,4649137
ColorBordes,ASM,480000,4498395,4498395
ColorBordes,ASM,480000,4505981,4505981
ColorBordes,ASM,480000,4670566,4670566
ColorBordes,ASM,480000,4520694,4520694
ColorBordes,ASM,480000,4490602,4490602
ColorBordes,ASM,480000,4675463,4675463
ColorBordes,ASM,480000,4650720,4650720
ColorBordes,ASM,480000,4447914,4447914
ColorBordes,ASM,480000,4791701,4791701
ColorBordes,ASM,480000,4733676,4733676
ColorBordes,ASM,480000,4589576,4589576
ColorBordes,ASM,480000,4672317,4672317
ColorBordes,ASM,480000,4698598,4698598
ColorBordes,ASM,1920000,21877164,21877164
ColorBordes,ASM,1920000,20391252,20391252
ColorBordes,ASM,1920000,20240267,20240267
ColorBordes,ASM,1920000,21154536,21154536
ColorBordes,ASM,1920000,19687220,19687220
ColorBordes,ASM,1920000,20274965,20274965
ColorBordes,ASM,1920000,19565656,19565656
ColorBordes,ASM,1920000,20795899,20795899
ColorBordes,ASM,1920000,19691031,19691031
ColorBordes,ASM,1920000,20004504,20004504
ColorBordes,ASM,1920000,18882093,18882093
ColorBordes,ASM,1920000,19862424,19862424
ColorBordes,ASM,1920000,19366546,19366546
ColorBordes,ASM,1920000,19514221,19514221
ColorBordes,ASM,1920000,19375881,19375881
ColorBordes,ASM,1920000,19815548,19815548
ColorBordes,ASM,1920000,19642321,19642321
ColorBordes,ASM,1920000,21827284,21827284
ColorBordes,ASM,1920000,19826532,19826532
ColorBordes,ASM,1920000,19981471,19981471
ColorBordes,ASM,1920000,19615807,19615807
ColorBordes,ASM,1920000,20410058,20410058
ColorBordes,ASM,1920000,19711923,19711923
ColorBordes,ASM,1920000,20231724,20231724
ColorBordes,ASM,1920000,19868758,19868758
ColorBordes,ASM,1920000,20296571,20296571
ColorBordes,ASM,1920000,19148604,19148604
ColorBordes,ASM,1920000,20857833,20857833
ColorBordes,ASM,1920000,19476298,19476298
ColorBordes,ASM,1920000,20084134,20084134
ColorBordes,ASM,1920000,20167478,20167478
ColorBordes,ASM,1920000,19806939,19806939
ColorBordes,ASM,1920000,19500404,19500404
ColorBordes,ASM,1920000,20701178,20701178
ColorBordes,ASM,1920000,20356385,20356385
ColorBordes,ASM,1920000,19360829,19360829
ColorBordes,ASM,1920000,20427832,20427832
ColorBordes,ASM,1920000,20230810,20230810
ColorBordes,ASM,1920000,19546779,19546779
ColorBordes,ASM,1920000,21505310,21505310
ColorBordes,ASM,1920000,20176132,20176132
ColorBordes,ASM,1920000,20801563,20801563
ColorBordes,ASM,1920000,20662300,20662300
ColorBordes,ASM,1920000,20581688,20581688
ColorBordes,ASM,1920000,19530593,19530593
ColorBordes,ASM,1920000,20821498,20821498
ColorBordes,ASM,1920000,19636439,19636439
ColorBordes,ASM,1920000,19979787,19979787
ColorBordes,ASM,1920000,20607955,20607955
ColorBordes,ASM,1920000,22892269,22892269
ColorBordes,ASM,1920000,19911506,19911506
ColorBordes,ASM,1920000,21346179,21346179
ColorBordes,ASM,1920000,19845615,19845615
ColorBordes,ASM,1920000,20430552,20430552
ColorBordes,ASM,1920000,21070376,21070376
ColorBordes,ASM,1920000,20764610,20764610
ColorBordes,ASM,1920000,19283449,19283449
ColorBordes,ASM,1920000,22480939,22480939
ColorBordes,ASM,1920000,19692037,19692037
ColorBordes,ASM,1920000,20324055,20324055
ColorBordes,ASM,1920000,22882411,22882411
ColorBordes,ASM,1920000,20154305,20154305
ColorBordes,ASM,1920000,18663974,18663974
ColorBordes,ASM,1920000,25821029,25821029
ColorBordes,ASM,1920000,19686197,19686197
ColorBordes,ASM,1920000,19982352,19982352
ColorBordes,ASM,1920000,19964150,19964150
ColorBordes,ASM,1920000,19992872,19992872
ColorBordes,ASM,1920000,19710498,19710498
ColorBordes,ASM,1920000,19821286,19821286
ColorBordes,ASM,1920000,19950494,19950494
ColorBordes,ASM,1920000,19526738,19526738
ColorBordes,ASM,1920000,20197340,20197340
ColorBordes,ASM,1920000,20274850,20274850
ColorBordes,ASM,1920000,19459449,19459449
ColorBordes,ASM,1920000,20193418,20193418
ColorBordes,ASM,1920000,19539451,19539451
ColorBordes,ASM,1920000,20050970,20050970
ColorBordes,ASM,1920000,19437371,19437371
ColorBordes,ASM,1920000,20295531,20295531
ColorBordes,ASM,1920000,20105852,20105852
ColorBordes,ASM,1920000,20560606,20560606
ColorBordes,ASM,1920000,19458360,19458360
ColorBordes,ASM,1920000,20083858,20083858
ColorBordes,ASM,1920000,19541081,19541081
ColorBordes,ASM,1920000,20436906,20436906
ColorBordes,ASM,1920000,19445717,19445717
ColorBordes,ASM,1920000,19906291,19906291
ColorBordes,ASM,1920000,19414627,19414627
ColorBordes,ASM,1920000,19989242,19989242
ColorBordes,ASM,1920000,19573196,19573196
ColorBordes,ASM,1920000,20570928,20570928
ColorBordes,ASM,1920000,19617328,19617328
ColorBordes,ASM,1920000,20564614,20564614
ColorBordes,ASM,1920000,20172136,20172136
ColorBordes,ASM,1920000,25727277,25727277
ColorBordes,ASM,1920000,20025143,20025143
ColorBordes,ASM,1920000,20675296,20675296
ColorBordes,ASM,1920000,29100665,29100665
ColorBordes,ASM,1920000,20504051,20504051
ColorBordes,ASM,1920000,20041358,20041358
ColorBordes,ASM,1920000,20111169,20111169
ColorBordes,ASM,1920000,19285708,19285708
ColorBordes,ASM,1920000,20699661,20699661
ColorBordes,ASM,1920000,21006747,21006747
ColorBordes,ASM,1920000,20347488,20347488
ColorBordes,ASM,1920000,20386191,20386191
ColorBordes,ASM,1920000,20308985,20308985
ColorBordes,ASM,1920000,19661809,19661809
ColorBordes,ASM,1920000,21159291,21159291
ColorBordes,ASM,1920000,20253672,20253672
ColorBordes,ASM,1920000,20887219,20887219
ColorBordes,ASM,1920000,20178543,20178543
ColorBordes,ASM,1920000,20224248,20224248
ColorBordes,ASM,1920000,20170292,20170292
ColorBordes,ASM,1920000,21328772,21328772
ColorBordes,ASM,1920000,19962800,19962800
ColorBordes,ASM,1920000,20365846,20365846
ColorBordes,ASM,1920000,20209441,20209441
ColorBordes,ASM,1920000,19936337,19936337
ColorBordes,ASM,1920000,19562762,19562762
ColorBordes,ASM,1920000,21068386,21068386
ColorBordes,ASM,1920000,20087510,20087510
ColorBordes,ASM,1920000,19821429,19821429
ColorBordes,ASM,1920000,19982730,19982730
ColorBordes,ASM,1920000,20047042,20047042
ColorBordes,ASM,1920000,19044262,19044262
ColorBordes,ASM,1920000,22888137,22888137
ColorBordes,ASM,1920000,19545261,19545261
ColorBordes,ASM,1920000,20041973,20041973
ColorBordes,ASM,1920000,21341996,21341996
ColorBordes,ASM,1920000,19909244,19909244
ColorBordes,ASM,1920000,19558068,19558068
ColorBordes,ASM,1920000,22131009,22131009
ColorBordes,ASM,1920000,19597839,19597839
ColorBordes,ASM,1920000,20531131,20531131
ColorBordes,ASM,1920000,20002743,20002743
ColorBordes,ASM,1920000,20545275,20545275
ColorBordes,ASM,1920000,19014847,19014847
ColorBordes,ASM,1920000,19713652,19713652
ColorBordes,ASM,1920000,19345197,19345197
ColorBordes,ASM,1920000,20155727,20155727
ColorBordes,ASM,1920000,19395492,19395492
ColorBordes,ASM,1920000,20247289,20247289
ColorBordes,ASM,1920000,19103531,19103531
ColorBordes,ASM,1920000,19877445,19877445
ColorBordes,ASM,1920000,19850820,19850820
ColorBordes,ASM,1920000,19991414,19991414
ColorBordes,ASM,1920000,19230932,19230932
ColorBordes,ASM,1920000,20255422,20255422
ColorBordes,ASM,1920000,20387515,20387515
ColorBordes,ASM,1920000,20232079,20232079
ColorBordes,ASM,1920000,20091829,20091829
ColorBordes,ASM,1920000,19954882,19954882
ColorBordes,ASM,1920000,19887434,19887434
ColorBordes,ASM,1920000,20224136,20224136
ColorBordes,ASM,1920000,19572404,19572404
ColorBordes,ASM,1920000,20221881,20221881
ColorBordes,ASM,1920000,20451589,20451589
ColorBordes,ASM,1920000,19940681,19940681
ColorBordes,ASM,1920000,20154778,20154778
ColorBordes,ASM,1920000,20632846,20632846
ColorBordes,ASM,1920000,19631240,19631240
ColorBordes,ASM,1920000,20283091,20283091
ColorBordes,ASM,1920000,20522898,20522898
ColorBordes,ASM,1920000,20551462,20551462
ColorBordes,ASM,1920000,19591382,19591382
ColorBordes,ASM,1920000,20711122,20711122
ColorBordes,ASM,1920000,19372060,19372060
ColorBordes,ASM,1920000,20069944,20069944
ColorBordes,ASM,1920000,20124356,20124356
ColorBordes,ASM,1920000,21510942,21510942
ColorBordes,ASM,1920000,19533710,19533710
ColorBordes,ASM,1920000,20594853,20594853
ColorBordes,ASM,1920000,19362276,19362276
ColorBordes,ASM,1920000,20400236,20400236
ColorBordes,ASM,1920000,20106752,20106752
ColorBordes,ASM,1920000,19485414,19485414
ColorBordes,ASM,1920000,19500016,19500016
ColorBordes,ASM,1920000,20462018,20462018
ColorBordes,ASM,1920000,19901396,19901396
ColorBordes,ASM,1920000,20280306,20280306
ColorBordes,ASM,1920000,21013954,21013954
ColorBordes,ASM,1920000,20207229,20207229
ColorBordes,ASM,1920000,19337184,19337184
ColorBordes,ASM,1920000,24401962,24401962
ColorBordes,ASM,1920000,19457244,19457244
ColorBordes,ASM,1920000,20006367,20006367
ColorBordes,ASM,1920000,21516146,21516146
ColorBordes,ASM,1920000,20319746,20319746
ColorBordes,ASM,1920000,19730388,19730388
ColorBordes,ASM,1920000,20000198,20000198
ColorBordes,ASM,1920000,19538024,19538024
ColorBordes,ASM,1920000,20204921,20204921
ColorBordes,ASM,1920000,20205024,20205024
ColorBordes,ASM,1920000,20243032,20243032
ColorBordes,ASM,1920000,19964833,19964833
ColorBordes,ASM,1920000,20250241,20250241
ColorBordes,ASM,1920000,19562262,19562262
ColorBordes,ASM,1920000,20295253,20295253
ColorBordes,ASM,1920000,19129816,19129816
ColorBordes,ASM,1920000,20276127,20276127
ColorBordes,ASM,1920000,19037410,19037410
ColorBordes,ASM,1920000,20117747,20117747
ColorBordes,ASM,1920000,19548498,19548498
ColorBordes,ASM,1920000,19501528,19501528
ColorBordes,ASM,1920000,19732262,19732262
ColorBordes,ASM,1920000,20286034,20286034
ColorBordes,ASM,1920000,19351182,19351182
ColorBordes,ASM,1920000,19586911,19586911
ColorBordes,ASM,1920000,20023189,20023189
ColorBordes,ASM,1920000,19576106,19576106
ColorBordes,ASM,1920000,19297830,19297830
ColorBordes,ASM,1920000,21304432,21304432
ColorBordes,ASM,1920000,19739556,19739556
ColorBordes,ASM,1920000,20486384,20486384
ColorBordes,ASM,1920000,20542403,20542403
ColorBordes,ASM,1920000,20120941,20120941
ColorBordes,ASM,1920000,19733493,19733493
ColorBordes,ASM,1920000,21174810,21174810
ColorBordes,ASM,1920000,19510980,19510980
ColorBordes,ASM,1920000,20027428,20027428
ColorBordes,ASM,1920000,20287005,20287005
ColorBordes,ASM,1920000,20458915,20458915
ColorBordes,ASM,1920000,19810223,19810223
ColorBordes,ASM,1920000,20929594,20929594
ColorBordes,ASM,1920000,19644588,19644588
ColorBordes,ASM,1920000,19989560,19989560
ColorBordes,ASM,1920000,20603982,20603982
ColorBordes,ASM,1920000,20106242,20106242
ColorBordes,ASM,1920000,19596577,19596577
ColorBordes,ASM,1920000,21943266,21943266
ColorBordes,ASM,1920000,19452813,19452813
ColorBordes,ASM,1920000,20149367,20149367
ColorBordes,ASM,1920000,22349578,22349578
ColorBordes,ASM,1920000,20328737,20328737
ColorBordes,ASM,1920000,19390711,19390711
ColorBordes,ASM,1920000,22020317,22020317
ColorBordes,ASM,1920000,19690564,19690564
ColorBordes,ASM,1920000,19569568,19569568
ColorBordes,ASM,1920000,19211422,19211422
ColorBordes,ASM,1920000,19867573,19867573
ColorBordes,ASM,1920000,19055004,19055004
ColorBordes,ASM,1920000,20083392,20083392
ColorBordes,ASM,1920000,19627248,19627248
ColorBordes,ASM,1920000,19732442,19732442
ColorBordes,ASM,1920000,19528904,19528904
ColorBordes,ASM,1920000,20208135,20208135
ColorBordes,ASM,1920000,19093046,19093046
ColorBordes,ASM,1920000,20298373,20298373
ColorBordes,ASM,1920000,19679926,19679926
ColorBordes,ASM,1920000,20804140,20804140
ColorBordes,ASM,1920000,19398231,19398231
ColorBordes,ASM,1920000,20446872,20446872
ColorBordes,ASM,1920000,19514029,19514029
ColorBordes,ASM,1920000,20159183,20159183
ColorBordes,ASM,1920000,19371615,19371615
ColorBordes,ASM,1920000,20241641,20241641
ColorBordes,ASM,1920000,19478740,19478740
ColorBordes,ASM,1920000,20667407,20667407
ColorBordes,ASM,1920000,19342152,19342152
ColorBordes,ASM,1920000,20484936,20484936
ColorBordes,ASM,1920000,19396383,19396383
ColorBordes,ASM,1920000,19674575,19674575
ColorBordes,ASM,1920000,19874259,19874259
ColorBordes,ASM,1920000,21007498,21007498
ColorBordes,ASM,1920000,19813005,19813005
ColorBordes,ASM,1920000,20360552,20360552
ColorBordes,ASM,1920000,20125992,20125992
ColorBordes,ASM,1920000,20080844,20080844
ColorBordes,ASM,1920000,19899856,19899856
ColorBordes,ASM,1920000,20249364,20249364
ColorBordes,ASM,1920000,19412781,19412781
ColorBordes,ASM,1920000,20047885,20047885
ColorBordes,ASM,1920000,19928583,19928583
ColorBordes,ASM,1920000,20482458,20482458
ColorBordes,ASM,1920000,19424441,19424441
ColorBordes,ASM,1920000,20675750,20675750
ColorBordes,ASM,1920000,19533029,19533029
ColorBordes,ASM,1920000,20158515,20158515
ColorBordes,ASM,1920000,20057096,20057096
ColorBordes,ASM,1920000,20474353,20474353
ColorBordes,ASM,1920000,20525181,20525181
ColorBordes,ASM,1920000,20780496,20780496
ColorBordes,ASM,1920000,19625265,19625265
ColorBordes,ASM,1920000,20614512,20614512
ColorBordes,ASM,1920000,20405649,20405649
ColorBordes,ASM,1920000,19983133,19983133
ColorBordes,ASM,1920000,20412356,20412356
ColorBordes,ASM,1920000,21045876,21045876
ColorBordes,ASM,1920000,19733851,19733851
ColorBordes,ASM,1920000,20225503,20225503
ColorBordes,ASM,1920000,19527825,19527825
ColorBordes,ASM,1920000,20190296,20190296
ColorBordes,ASM,1920000,19444546,19444546
ColorBordes,ASM,1920000,20186153,20186153
ColorBordes,ASM,1920000,19952799,19952799
ColorBordes,ASM,1920000,20546430,20546430
ColorBordes,ASM,1920000,19457423,19457423
ColorBordes,ASM,1920000,20034293,20034293
